2024-10-04 09:07:57,899 alidator.internal.util.Version -             <clinit>:21   - INFO  - [] - HV000001: Hibernate Validator 8.0.1.Final
2024-10-04 09:07:57,947 .bank_demo.BankDemoApplication -          logStarting:50   - INFO  - [] - Starting BankDemoApplication using Java 17.0.8.1 with PID 5448 (D:\VNPay\TTS\bank_demo\target\classes started by MSI in D:\VNPay\TTS\bank_demo)
2024-10-04 09:07:57,948 .bank_demo.BankDemoApplication - ogStartupProfileInfo:654  - INFO  - [] - No active profile set, falling back to 1 default profile: "default"
2024-10-04 09:07:58,693 epositoryConfigurationDelegate - ltipleStoresDetected:295  - INFO  - [] - Multiple Spring Data modules found, entering strict repository configuration mode
2024-10-04 09:07:58,694 epositoryConfigurationDelegate - gisterRepositoriesIn:143  - INFO  - [] - Bootstrapping Spring Data JPA repositories in DEFAULT mode.
2024-10-04 09:07:58,856 epositoryConfigurationDelegate - gisterRepositoriesIn:211  - INFO  - [] - Finished Spring Data repository scanning in 154 ms. Found 2 JPA repository interfaces.
2024-10-04 09:07:58,875 epositoryConfigurationDelegate - ltipleStoresDetected:295  - INFO  - [] - Multiple Spring Data modules found, entering strict repository configuration mode
2024-10-04 09:07:58,877 epositoryConfigurationDelegate - gisterRepositoriesIn:143  - INFO  - [] - Bootstrapping Spring Data Redis repositories in DEFAULT mode.
2024-10-04 09:07:58,894 yConfigurationExtensionSupport - tRepositoryCandidate:320  - INFO  - [] - Spring Data Redis - Could not safely identify store assignment for repository candidate interface vn.vnpay.bank_demo.repository.PaymentRepository; If you want this repository to be a Redis repository, consider annotating your entities with one of these annotations: org.springframework.data.redis.core.RedisHash (preferred), or consider extending one of the following types with your repository: org.springframework.data.keyvalue.repository.KeyValueRepository
2024-10-04 09:07:58,895 yConfigurationExtensionSupport - tRepositoryCandidate:320  - INFO  - [] - Spring Data Redis - Could not safely identify store assignment for repository candidate interface vn.vnpay.bank_demo.repository.UsersRepository; If you want this repository to be a Redis repository, consider annotating your entities with one of these annotations: org.springframework.data.redis.core.RedisHash (preferred), or consider extending one of the following types with your repository: org.springframework.data.keyvalue.repository.KeyValueRepository
2024-10-04 09:07:58,895 epositoryConfigurationDelegate - gisterRepositoriesIn:211  - INFO  - [] - Finished Spring Data repository scanning in 7 ms. Found 0 Redis repository interfaces.
2024-10-04 09:07:59,348 mbedded.tomcat.TomcatWebServer -           initialize:111  - INFO  - [] - Tomcat initialized with port 8080 (http)
2024-10-04 09:07:59,358 oyote.http11.Http11NioProtocol -                  log:173  - INFO  - [] - Initializing ProtocolHandler ["http-nio-8080"]
2024-10-04 09:07:59,361 .catalina.core.StandardService -                  log:173  - INFO  - [] - Starting service [Tomcat]
2024-10-04 09:07:59,361 e.catalina.core.StandardEngine -                  log:173  - INFO  - [] - Starting Servlet engine: [Apache Tomcat/10.1.28]
2024-10-04 09:07:59,415 .[Tomcat].[localhost].[/vnpay] -                  log:173  - INFO  - [] - Initializing Spring embedded WebApplicationContext
2024-10-04 09:07:59,416 letWebServerApplicationContext - ebApplicationContext:296  - INFO  - [] - Root WebApplicationContext: initialization completed in 1436 ms
2024-10-04 09:07:59,608 te.jpa.internal.util.LogHelper - tenceUnitInformation:31   - INFO  - [] - HHH000204: Processing PersistenceUnitInfo [name: default]
2024-10-04 09:07:59,663 org.hibernate.Version          -           logVersion:44   - INFO  - [] - HHH000412: Hibernate ORM core version 6.5.2.Final
2024-10-04 09:07:59,692 nternal.RegionFactoryInitiator -      initiateService:50   - INFO  - [] - HHH000026: Second-level cache disabled
2024-10-04 09:07:59,925 unit.SpringPersistenceUnitInfo -       addTransformer:87   - INFO  - [] - No LoadTimeWeaver setup: ignoring JPA class transformer
2024-10-04 09:07:59,952 zaxxer.hikari.HikariDataSource -        getConnection:109  - INFO  - [] - HikariPool-1 - Starting...
2024-10-04 09:08:00,276 .zaxxer.hikari.pool.HikariPool -        checkFailFast:554  - INFO  - [] - HikariPool-1 - Added connection ConnectionID:1 ClientConnectionId: 6c88b14e-d80e-4f2f-bd21-4a145a339089
2024-10-04 09:08:00,278 zaxxer.hikari.HikariDataSource -        getConnection:122  - INFO  - [] - HikariPool-1 - Start completed.
2024-10-04 09:08:01,119 .internal.JtaPlatformInitiator -      initiateService:59   - INFO  - [] - HHH000489: No JTA platform available (set 'hibernate.transaction.jta.platform' to enable JTA platform integration)
2024-10-04 09:08:01,122 tainerEntityManagerFactoryBean - EntityManagerFactory:437  - INFO  - [] - Initialized JPA EntityManagerFactory for persistence unit 'default'
2024-10-04 09:08:02,013 figuration$JpaWebConfiguration - gerInViewInterceptor:236  - WARN  - [] - spring.jpa.open-in-view is enabled by default. Therefore, database queries may be performed during view rendering. Explicitly configure spring.jpa.open-in-view to disable this warning
2024-10-04 09:08:02,244 tTemplateResolverConfiguration - mplateLocationExists:101  - WARN  - [] - Cannot find template location: classpath:/templates/ (please add some templates, check your Thymeleaf configuration, or set spring.thymeleaf.check-template-location=false)
2024-10-04 09:08:02,390 oyote.http11.Http11NioProtocol -                  log:173  - INFO  - [] - Starting ProtocolHandler ["http-nio-8080"]
2024-10-04 09:08:02,406 mbedded.tomcat.TomcatWebServer -                start:243  - INFO  - [] - Tomcat started on port 8080 (http) with context path '/vnpay'
2024-10-04 09:08:02,413 .bank_demo.BankDemoApplication -           logStarted:56   - INFO  - [] - Started BankDemoApplication in 4.937 seconds (process running for 5.672)
2024-10-04 09:17:22,848 .[Tomcat].[localhost].[/vnpay] -                  log:173  - INFO  - [] - Initializing Spring DispatcherServlet 'dispatcherServlet'
2024-10-04 09:17:22,849 .web.servlet.DispatcherServlet -      initServletBean:532  - INFO  - [] - Initializing Servlet 'dispatcherServlet'
2024-10-04 09:17:22,850 .web.servlet.DispatcherServlet -      initServletBean:554  - INFO  - [] - Completed initialization in 1 ms
2024-10-04 09:17:22,984 mo.service.impl.PayServiceImpl -        createPayment:37   - INFO  - [] - Begin create-payment: {
  "tokenKey": "eyJhbGciOiJIUzUxMiJ9",
  "apiId": "restPayment",
  "mobile": "0345225630",
  "bankCode": "01234567",
  "privateKey": "12345678",
  "accountNo": "0001100014211002",
  "payDate": "20230918124530",
  "additionalData": "11",
  "debitAmount": 11300,
  "respCode": "00",
  "respDesc": "SUCCESS",
  "traceTransfer": "FT19310RH6P1",
  "messageType": "1",
  "checkSum": "e381ee051e0b6088ec431946222ea0d495a95ded50457c188ac148c39d079eda",
  "orderCode": "FT19310RH6P1",
  "userName": "cntest001",
  "realAmount": 11200,
  "promotionCode": "ABCXYZ",
  "addValue": "{\"payMethod\":\"01\",\"payMethodMMS\":1}"
}
2024-10-04 09:17:23,400 mo.service.impl.PayServiceImpl -     validateTokenKey:73   - INFO  - [] - Expiration time: 52956
2024-10-04 09:17:23,407 ay.bank_demo.util.CheckSumUtil -    calculateCheckSum:26   - INFO  - [] - Checksum: e381ee051e0b6088ec431946222ea0d495a95ded50457c188ac148c39d079eda
2024-10-04 09:17:23,407 mo.service.impl.PayServiceImpl -     validateCheckSum:116  - INFO  - [] - Checksum request: e381ee051e0b6088ec431946222ea0d495a95ded50457c188ac148c39d079eda
2024-10-04 09:17:23,411 ction.CachingConnectionFactory -      connectHostPort:682  - INFO  - [] - Attempting to connect to: 127.0.0.1:5672
2024-10-04 09:17:23,448 ction.CachingConnectionFactory - createBareConnection:608  - INFO  - [] - Created new connection: connectionFactory#61799152:0/SimpleConnection@7e9a422b [delegate=amqp://guest@127.0.0.1:5672/, localPort=50332]
2024-10-04 09:17:23,455 k.amqp.rabbit.core.RabbitAdmin -           initialize:686  - INFO  - [] - Auto-declaring a non-durable, auto-delete, or exclusive Queue (myQueue) durable:false, auto-delete:false, exclusive:false. It will be redeclared if the broker stops and is restarted while the connection factory is alive, but all messages will be lost.
2024-10-04 09:17:23,483 eplyToMessageListenerContainer -          actualStart:471  - INFO  - [] - Container initialized for queues: [amq.rabbitmq.reply-to]
2024-10-04 09:17:23,493 eplyToMessageListenerContainer -   doConsumeFromQueue:769  - INFO  - [] - SimpleConsumer [queue=amq.rabbitmq.reply-to, index=0, consumerTag=amq.ctag-mnmrcnseSLEn-QDuUoeNjQ identity=751ef22e] started
2024-10-04 09:17:23,700 mo.service.impl.PayServiceImpl -        createPayment:55   - INFO  - [] - Response Code RabbitMQ: 00
2024-10-04 09:17:23,700 mo.service.impl.PayServiceImpl -        createPayment:62   - INFO  - [] - End create-payment: Success
2024-10-04 09:17:23,702 ay.bank_demo.util.CheckSumUtil -    calculateCheckSum:26   - INFO  - [] - Checksum: b5b9b5dc2bc53ea4b160d8601698604221a5806bafe633090b0cf054bda1448a
2024-10-04 09:17:23,703 ay.bank_demo.util.CheckSumUtil -    calculateCheckSum:26   - INFO  - [] - Checksum: b5b9b5dc2bc53ea4b160d8601698604221a5806bafe633090b0cf054bda1448a
2024-10-04 09:19:58,703 mo.service.impl.PayServiceImpl -        createPayment:37   - INFO  - [] - Begin create-payment: {
  "tokenKey": "eyJhbGciOiJIUzUxMiJ9",
  "apiId": "restPayment",
  "mobile": "0345225630",
  "bankCode": "01234567",
  "privateKey": "12345678",
  "accountNo": "0001100014211002",
  "payDate": "20230918124530",
  "additionalData": "11",
  "debitAmount": 11300,
  "respCode": "00",
  "respDesc": "SUCCESS",
  "traceTransfer": "FT19310RH6P1",
  "messageType": "1",
  "checkSum": "e381ee051e0b6088ec431946222ea0d495a95ded50457c188ac148c39d079eda",
  "orderCode": "FT19310RH6P1",
  "userName": "cntest001",
  "realAmount": 11200,
  "promotionCode": "ABCXYZ",
  "addValue": "{\"payMethod\":\"01\",\"payMethodMMS\":1}"
}
2024-10-04 09:19:58,704 mo.service.impl.PayServiceImpl -     validateTokenKey:68   - INFO  - [] - TokenKey is duplicated
2024-10-04 09:19:58,706 ay.bank_demo.util.CheckSumUtil -    calculateCheckSum:26   - INFO  - [] - Checksum: bbd828e0ea123d9fdd987204d876ff34a4ca1044c7f1588c942ae727c3ece992
2024-10-04 09:24:40,647 mo.service.impl.PayServiceImpl -       createCheckSum:96   - INFO  - [] - Begin create-checkSum: {
  "mobile": "0345225630",
  "bankCode": "01234567",
  "privateKey": "XzQ_O5vB-wwzhnBR0RDi33mQoQ9mpoMI83I1qrJybi8\u003d",
  "accountNo": "0001100014211002",
  "payDate": "20230918124530",
  "debitAmount": "11300",
  "respCode": "00",
  "traceTransfer": "FT19310RH6P1",
  "messageType": "1"
}
2024-10-04 09:24:40,647 mo.service.impl.PayServiceImpl -      checkPrivateKey:137  - INFO  - [] - Error code 02: PrivateKey does not belong to bankCode
2024-10-04 09:24:40,647 ay.bank_demo.util.CheckSumUtil -    calculateCheckSum:26   - INFO  - [] - Checksum: 844044b219982c22ffb10de98051eb200078d9b2039ba3620dfe0473cb13f8e3
2024-10-04 09:25:34,964 mo.service.impl.PayServiceImpl -       createCheckSum:96   - INFO  - [] - Begin create-checkSum: {
  "mobile": "0345225630",
  "bankCode": "01234567",
  "privateKey": "XzQ_O5vB-wwzhnBR0RDi33mQoQ9mpoMI83I1qrJybi8\u003d",
  "accountNo": "0001100014211002",
  "payDate": "20230918124530",
  "debitAmount": "11300",
  "respCode": "00",
  "traceTransfer": "FT19310RH6P1",
  "messageType": "1"
}
2024-10-04 09:25:34,964 mo.service.impl.PayServiceImpl -      checkPrivateKey:137  - INFO  - [] - Error code 02: PrivateKey does not belong to bankCode
2024-10-04 09:25:34,964 ay.bank_demo.util.CheckSumUtil -    calculateCheckSum:26   - INFO  - [] - Checksum: 844044b219982c22ffb10de98051eb200078d9b2039ba3620dfe0473cb13f8e3
2024-10-04 09:25:40,202 eplyToMessageListenerContainer - nAndWaitOrCallback$7:871  - INFO  - [] - Successfully waited for consumers to finish.
2024-10-04 09:25:40,210 tainerEntityManagerFactoryBean -              destroy:650  - INFO  - [] - Closing JPA EntityManagerFactory for persistence unit 'default'
2024-10-04 09:25:40,212 zaxxer.hikari.HikariDataSource -                close:349  - INFO  - [] - HikariPool-1 - Shutdown initiated...
2024-10-04 09:25:40,218 zaxxer.hikari.HikariDataSource -                close:351  - INFO  - [] - HikariPool-1 - Shutdown completed.
2024-10-04 09:25:46,420 alidator.internal.util.Version -             <clinit>:21   - INFO  - [] - HV000001: Hibernate Validator 8.0.1.Final
2024-10-04 09:25:46,449 .bank_demo.BankDemoApplication -          logStarting:50   - INFO  - [] - Starting BankDemoApplication using Java 17.0.8.1 with PID 7084 (D:\VNPay\TTS\bank_demo\target\classes started by MSI in D:\VNPay\TTS\bank_demo)
2024-10-04 09:25:46,450 .bank_demo.BankDemoApplication - ogStartupProfileInfo:654  - INFO  - [] - No active profile set, falling back to 1 default profile: "default"
2024-10-04 09:25:47,057 epositoryConfigurationDelegate - ltipleStoresDetected:295  - INFO  - [] - Multiple Spring Data modules found, entering strict repository configuration mode
2024-10-04 09:25:47,058 epositoryConfigurationDelegate - gisterRepositoriesIn:143  - INFO  - [] - Bootstrapping Spring Data JPA repositories in DEFAULT mode.
2024-10-04 09:25:47,173 epositoryConfigurationDelegate - gisterRepositoriesIn:211  - INFO  - [] - Finished Spring Data repository scanning in 110 ms. Found 2 JPA repository interfaces.
2024-10-04 09:25:47,184 epositoryConfigurationDelegate - ltipleStoresDetected:295  - INFO  - [] - Multiple Spring Data modules found, entering strict repository configuration mode
2024-10-04 09:25:47,185 epositoryConfigurationDelegate - gisterRepositoriesIn:143  - INFO  - [] - Bootstrapping Spring Data Redis repositories in DEFAULT mode.
2024-10-04 09:25:47,198 yConfigurationExtensionSupport - tRepositoryCandidate:320  - INFO  - [] - Spring Data Redis - Could not safely identify store assignment for repository candidate interface vn.vnpay.bank_demo.repository.PaymentRepository; If you want this repository to be a Redis repository, consider annotating your entities with one of these annotations: org.springframework.data.redis.core.RedisHash (preferred), or consider extending one of the following types with your repository: org.springframework.data.keyvalue.repository.KeyValueRepository
2024-10-04 09:25:47,199 yConfigurationExtensionSupport - tRepositoryCandidate:320  - INFO  - [] - Spring Data Redis - Could not safely identify store assignment for repository candidate interface vn.vnpay.bank_demo.repository.UsersRepository; If you want this repository to be a Redis repository, consider annotating your entities with one of these annotations: org.springframework.data.redis.core.RedisHash (preferred), or consider extending one of the following types with your repository: org.springframework.data.keyvalue.repository.KeyValueRepository
2024-10-04 09:25:47,199 epositoryConfigurationDelegate - gisterRepositoriesIn:211  - INFO  - [] - Finished Spring Data repository scanning in 6 ms. Found 0 Redis repository interfaces.
2024-10-04 09:25:47,661 mbedded.tomcat.TomcatWebServer -           initialize:111  - INFO  - [] - Tomcat initialized with port 8080 (http)
2024-10-04 09:25:47,669 oyote.http11.Http11NioProtocol -                  log:173  - INFO  - [] - Initializing ProtocolHandler ["http-nio-8080"]
2024-10-04 09:25:47,671 .catalina.core.StandardService -                  log:173  - INFO  - [] - Starting service [Tomcat]
2024-10-04 09:25:47,671 e.catalina.core.StandardEngine -                  log:173  - INFO  - [] - Starting Servlet engine: [Apache Tomcat/10.1.28]
2024-10-04 09:25:47,725 .[Tomcat].[localhost].[/vnpay] -                  log:173  - INFO  - [] - Initializing Spring embedded WebApplicationContext
2024-10-04 09:25:47,725 letWebServerApplicationContext - ebApplicationContext:296  - INFO  - [] - Root WebApplicationContext: initialization completed in 1241 ms
2024-10-04 09:25:47,897 te.jpa.internal.util.LogHelper - tenceUnitInformation:31   - INFO  - [] - HHH000204: Processing PersistenceUnitInfo [name: default]
2024-10-04 09:25:47,958 org.hibernate.Version          -           logVersion:44   - INFO  - [] - HHH000412: Hibernate ORM core version 6.5.2.Final
2024-10-04 09:25:47,995 nternal.RegionFactoryInitiator -      initiateService:50   - INFO  - [] - HHH000026: Second-level cache disabled
2024-10-04 09:25:48,248 unit.SpringPersistenceUnitInfo -       addTransformer:87   - INFO  - [] - No LoadTimeWeaver setup: ignoring JPA class transformer
2024-10-04 09:25:48,274 zaxxer.hikari.HikariDataSource -        getConnection:109  - INFO  - [] - HikariPool-1 - Starting...
2024-10-04 09:25:48,532 .zaxxer.hikari.pool.HikariPool -        checkFailFast:554  - INFO  - [] - HikariPool-1 - Added connection ConnectionID:1 ClientConnectionId: 940b26d3-2f6e-43ec-9c0b-629a5719c180
2024-10-04 09:25:48,533 zaxxer.hikari.HikariDataSource -        getConnection:122  - INFO  - [] - HikariPool-1 - Start completed.
2024-10-04 09:25:49,313 .internal.JtaPlatformInitiator -      initiateService:59   - INFO  - [] - HHH000489: No JTA platform available (set 'hibernate.transaction.jta.platform' to enable JTA platform integration)
2024-10-04 09:25:49,314 tainerEntityManagerFactoryBean - EntityManagerFactory:437  - INFO  - [] - Initialized JPA EntityManagerFactory for persistence unit 'default'
2024-10-04 09:25:49,931 figuration$JpaWebConfiguration - gerInViewInterceptor:236  - WARN  - [] - spring.jpa.open-in-view is enabled by default. Therefore, database queries may be performed during view rendering. Explicitly configure spring.jpa.open-in-view to disable this warning
2024-10-04 09:25:50,120 tTemplateResolverConfiguration - mplateLocationExists:101  - WARN  - [] - Cannot find template location: classpath:/templates/ (please add some templates, check your Thymeleaf configuration, or set spring.thymeleaf.check-template-location=false)
2024-10-04 09:25:50,264 oyote.http11.Http11NioProtocol -                  log:173  - INFO  - [] - Starting ProtocolHandler ["http-nio-8080"]
2024-10-04 09:25:50,278 mbedded.tomcat.TomcatWebServer -                start:243  - INFO  - [] - Tomcat started on port 8080 (http) with context path '/vnpay'
2024-10-04 09:25:50,286 .bank_demo.BankDemoApplication -           logStarted:56   - INFO  - [] - Started BankDemoApplication in 4.288 seconds (process running for 5.347)
2024-10-04 09:26:08,333 .[Tomcat].[localhost].[/vnpay] -                  log:173  - INFO  - [] - Initializing Spring DispatcherServlet 'dispatcherServlet'
2024-10-04 09:26:08,333 .web.servlet.DispatcherServlet -      initServletBean:532  - INFO  - [] - Initializing Servlet 'dispatcherServlet'
2024-10-04 09:26:08,333 .web.servlet.DispatcherServlet -      initServletBean:554  - INFO  - [] - Completed initialization in 0 ms
2024-10-04 09:26:08,450 mo.service.impl.PayServiceImpl -       createCheckSum:96   - INFO  - [] - Begin create-checkSum: {
  "mobile": "0345225630",
  "bankCode": "01234567",
  "privateKey": "XzQ_O5vB-wwzhnBR0RDi33mQoQ9mpoMI83I1qrJybi8\u003d",
  "accountNo": "0001100014211002",
  "payDate": "20230918124530",
  "debitAmount": "11300",
  "respCode": "00",
  "traceTransfer": "FT19310RH6P1",
  "messageType": "1"
}
2024-10-04 09:27:00,261 .zaxxer.hikari.pool.HikariPool -                  run:797  - WARN  - [] - HikariPool-1 - Thread starvation or clock leap detected (housekeeper delta=1m11s617ms49µs400ns).
2024-10-04 09:27:00,264 mo.service.impl.PayServiceImpl -      checkPrivateKey:137  - INFO  - [] - Error code 02: PrivateKey does not belong to bankCode
2024-10-04 09:27:00,267 ay.bank_demo.util.CheckSumUtil -    calculateCheckSum:26   - INFO  - [] - Checksum: 844044b219982c22ffb10de98051eb200078d9b2039ba3620dfe0473cb13f8e3
2024-10-04 09:27:18,778 mo.service.impl.PayServiceImpl -       createCheckSum:96   - INFO  - [] - Begin create-checkSum: {
  "mobile": "0345225630",
  "bankCode": "01101014",
  "privateKey": "XzQ_O5vB-wwzhnBR0RDi33mQoQ9mpoMI83I1qrJybi8\u003d",
  "accountNo": "0001100014211002",
  "payDate": "20230918124530",
  "debitAmount": "11300",
  "respCode": "00",
  "traceTransfer": "FT19310RH6P1",
  "messageType": "1"
}
2024-10-04 09:27:27,349 mo.service.impl.PayServiceImpl -      checkPrivateKey:137  - INFO  - [] - Error code 02: PrivateKey does not belong to bankCode
2024-10-04 09:27:27,351 ay.bank_demo.util.CheckSumUtil -    calculateCheckSum:26   - INFO  - [] - Checksum: 844044b219982c22ffb10de98051eb200078d9b2039ba3620dfe0473cb13f8e3
2024-10-04 09:27:37,043 mo.service.impl.PayServiceImpl -       createCheckSum:96   - INFO  - [] - Begin create-checkSum: {
  "mobile": "0345225630",
  "bankCode": "01101014",
  "privateKey": "XzQ_O5vB-wwzhnBR0RDi33mQoQ9mpoMI83I1qrJybi8\u003d",
  "accountNo": "0001100014211002",
  "payDate": "20230918124530",
  "debitAmount": "11300",
  "respCode": "00",
  "traceTransfer": "FT19310RH6P1",
  "messageType": "1"
}
2024-10-04 09:27:44,001 mo.service.impl.PayServiceImpl -      checkPrivateKey:137  - INFO  - [] - Error code 02: PrivateKey does not belong to bankCode
2024-10-04 09:27:46,700 ay.bank_demo.util.CheckSumUtil -    calculateCheckSum:26   - INFO  - [] - Checksum: 844044b219982c22ffb10de98051eb200078d9b2039ba3620dfe0473cb13f8e3
2024-10-04 09:28:00,508 mo.service.impl.PayServiceImpl -       createCheckSum:96   - INFO  - [] - Begin create-checkSum: {
  "mobile": "0345225630",
  "bankCode": "01234567",
  "privateKey": "XzQ_O5vB-wwzhnBR0RDi33mQoQ9mpoMI83I1qrJybi8\u003d",
  "accountNo": "0001100014211002",
  "payDate": "20230918124530",
  "debitAmount": "11300",
  "respCode": "00",
  "traceTransfer": "FT19310RH6P1",
  "messageType": "1"
}
2024-10-04 09:28:27,856 mo.service.impl.PayServiceImpl -      checkPrivateKey:137  - INFO  - [] - Error code 02: PrivateKey does not belong to bankCode
2024-10-04 09:28:37,685 ay.bank_demo.util.CheckSumUtil -    calculateCheckSum:26   - INFO  - [] - Checksum: 844044b219982c22ffb10de98051eb200078d9b2039ba3620dfe0473cb13f8e3
2024-10-04 09:28:46,738 mo.service.impl.PayServiceImpl -       createCheckSum:96   - INFO  - [] - Begin create-checkSum: {
  "mobile": "0345225630",
  "bankCode": "01234567",
  "privateKey": "XzQ_O5vB-wwzhnBR0RDi33mQoQ9mpoMI83I1qrJybi8\u003d",
  "accountNo": "0001100014211002",
  "payDate": "20230918124530",
  "debitAmount": "11300",
  "respCode": "00",
  "traceTransfer": "FT19310RH6P1",
  "messageType": "1"
}
2024-10-04 09:29:18,415 mo.service.impl.PayServiceImpl -      checkPrivateKey:137  - INFO  - [] - Error code 02: PrivateKey does not belong to bankCode
2024-10-04 09:29:18,416 ay.bank_demo.util.CheckSumUtil -    calculateCheckSum:26   - INFO  - [] - Checksum: 844044b219982c22ffb10de98051eb200078d9b2039ba3620dfe0473cb13f8e3
2024-10-04 09:29:44,731 mo.service.impl.PayServiceImpl -       createCheckSum:96   - INFO  - [] - Begin create-checkSum: {
  "mobile": "0345225630",
  "bankCode": "01234567",
  "privateKey": "12345678",
  "accountNo": "0001100014211002",
  "payDate": "20230918124530",
  "debitAmount": "11300",
  "respCode": "00",
  "traceTransfer": "FT19310RH6P1",
  "messageType": "1"
}
2024-10-04 09:29:48,341 ay.bank_demo.util.CheckSumUtil -    calculateCheckSum:26   - INFO  - [] - Checksum: e381ee051e0b6088ec431946222ea0d495a95ded50457c188ac148c39d079eda
2024-10-04 09:29:48,341 mo.service.impl.PayServiceImpl -       createCheckSum:106  - INFO  - [] - End create-checkSum: e381ee051e0b6088ec431946222ea0d495a95ded50457c188ac148c39d079eda
2024-10-04 09:30:32,534 mo.service.impl.PayServiceImpl -       createCheckSum:96   - INFO  - [] - Begin create-checkSum: {
  "mobile": "0345225630",
  "bankCode": "98765432",
  "privateKey": "87654321",
  "accountNo": "0001100014211002",
  "payDate": "20230918124530",
  "debitAmount": "11300",
  "respCode": "00",
  "traceTransfer": "FT19310RH6P1",
  "messageType": "1"
}
2024-10-04 09:30:32,535 ay.bank_demo.util.CheckSumUtil -    calculateCheckSum:26   - INFO  - [] - Checksum: a66f9c27ddc8bee82c50b5603cbb861eae7b3c26e7a5a75047268058898c7f41
2024-10-04 09:30:32,535 mo.service.impl.PayServiceImpl -       createCheckSum:106  - INFO  - [] - End create-checkSum: a66f9c27ddc8bee82c50b5603cbb861eae7b3c26e7a5a75047268058898c7f41
2024-10-04 09:31:22,540 mo.service.impl.PayServiceImpl -        createPayment:37   - INFO  - [] - Begin create-payment: {
  "tokenKey": "eyJhbGciOiJIUzUxMiJ9",
  "apiId": "restPayment",
  "mobile": "0345225630",
  "bankCode": "98765432",
  "privateKey": "87654321",
  "accountNo": "0001100014211002",
  "payDate": "20230918124530",
  "additionalData": "11",
  "debitAmount": 11300,
  "respCode": "00",
  "respDesc": "SUCCESS",
  "traceTransfer": "FT19310RH6P1",
  "messageType": "1",
  "checkSum": "a66f9c27ddc8bee82c50b5603cbb861eae7b3c26e7a5a75047268058898c7f41",
  "orderCode": "FT19310RH6P1",
  "userName": "cntest001",
  "realAmount": 11200,
  "promotionCode": "ABCXYZ",
  "addValue": "{\"payMethod\":\"01\",\"payMethodMMS\":1}"
}
2024-10-04 09:31:22,918 mo.service.impl.PayServiceImpl -     validateTokenKey:68   - INFO  - [] - TokenKey is duplicated
2024-10-04 09:31:22,919 ay.bank_demo.util.CheckSumUtil -    calculateCheckSum:26   - INFO  - [] - Checksum: bbd828e0ea123d9fdd987204d876ff34a4ca1044c7f1588c942ae727c3ece992
2024-10-04 09:31:41,655 mo.service.impl.PayServiceImpl -        createPayment:37   - INFO  - [] - Begin create-payment: {
  "tokenKey": "XzQ_O5vB-wwzhnBR0RDi33mQoQ9mpoMI83I1qrJybi8\u003d",
  "apiId": "restPayment",
  "mobile": "0345225630",
  "bankCode": "98765432",
  "privateKey": "87654321",
  "accountNo": "0001100014211002",
  "payDate": "20230918124530",
  "additionalData": "11",
  "debitAmount": 11300,
  "respCode": "00",
  "respDesc": "SUCCESS",
  "traceTransfer": "FT19310RH6P1",
  "messageType": "1",
  "checkSum": "a66f9c27ddc8bee82c50b5603cbb861eae7b3c26e7a5a75047268058898c7f41",
  "orderCode": "FT19310RH6P1",
  "userName": "cntest001",
  "realAmount": 11200,
  "promotionCode": "ABCXYZ",
  "addValue": "{\"payMethod\":\"01\",\"payMethodMMS\":1}"
}
2024-10-04 09:31:41,657 mo.service.impl.PayServiceImpl -     validateTokenKey:73   - INFO  - [] - Expiration time: 52098
2024-10-04 09:31:41,660 ay.bank_demo.util.CheckSumUtil -    calculateCheckSum:26   - INFO  - [] - Checksum: a66f9c27ddc8bee82c50b5603cbb861eae7b3c26e7a5a75047268058898c7f41
2024-10-04 09:31:41,660 mo.service.impl.PayServiceImpl -     validateCheckSum:116  - INFO  - [] - Checksum request: a66f9c27ddc8bee82c50b5603cbb861eae7b3c26e7a5a75047268058898c7f41
2024-10-04 09:31:41,666 ction.CachingConnectionFactory -      connectHostPort:682  - INFO  - [] - Attempting to connect to: 127.0.0.1:5672
2024-10-04 09:31:41,707 ction.CachingConnectionFactory - createBareConnection:608  - INFO  - [] - Created new connection: connectionFactory#7f39bcb5:0/SimpleConnection@63a9efa4 [delegate=amqp://guest@127.0.0.1:5672/, localPort=50549]
2024-10-04 09:31:41,714 k.amqp.rabbit.core.RabbitAdmin -           initialize:686  - INFO  - [] - Auto-declaring a non-durable, auto-delete, or exclusive Queue (myQueue) durable:false, auto-delete:false, exclusive:false. It will be redeclared if the broker stops and is restarted while the connection factory is alive, but all messages will be lost.
2024-10-04 09:31:41,742 eplyToMessageListenerContainer -          actualStart:471  - INFO  - [] - Container initialized for queues: [amq.rabbitmq.reply-to]
2024-10-04 09:31:41,751 eplyToMessageListenerContainer -   doConsumeFromQueue:769  - INFO  - [] - SimpleConsumer [queue=amq.rabbitmq.reply-to, index=0, consumerTag=amq.ctag--xcVt8aq_VENQh50sxLcAw identity=740bd7d7] started
2024-10-04 09:31:41,795 mo.service.impl.PayServiceImpl -        createPayment:55   - INFO  - [] - Response Code RabbitMQ: 00
2024-10-04 09:31:41,796 mo.service.impl.PayServiceImpl -        createPayment:62   - INFO  - [] - End create-payment: Success
2024-10-04 09:31:41,796 ay.bank_demo.util.CheckSumUtil -    calculateCheckSum:26   - INFO  - [] - Checksum: 758599db158a207c4243e165a4aaddb951ee84555a59418ba0e2a1c46dacb1a3
2024-10-04 09:31:41,796 ay.bank_demo.util.CheckSumUtil -    calculateCheckSum:26   - INFO  - [] - Checksum: 758599db158a207c4243e165a4aaddb951ee84555a59418ba0e2a1c46dacb1a3
2024-10-04 09:32:44,427 eplyToMessageListenerContainer - nAndWaitOrCallback$7:871  - INFO  - [] - Successfully waited for consumers to finish.
2024-10-04 09:32:44,435 tainerEntityManagerFactoryBean -              destroy:650  - INFO  - [] - Closing JPA EntityManagerFactory for persistence unit 'default'
2024-10-04 09:32:44,436 zaxxer.hikari.HikariDataSource -                close:349  - INFO  - [] - HikariPool-1 - Shutdown initiated...
2024-10-04 09:32:44,439 zaxxer.hikari.HikariDataSource -                close:351  - INFO  - [] - HikariPool-1 - Shutdown completed.
2024-10-04 09:41:44,647 alidator.internal.util.Version -             <clinit>:21   - INFO  - [] - HV000001: Hibernate Validator 8.0.1.Final
2024-10-04 09:41:44,680 .bank_demo.BankDemoApplication -          logStarting:50   - INFO  - [] - Starting BankDemoApplication using Java 17.0.8.1 with PID 3172 (D:\VNPay\TTS\bank_demo\target\classes started by MSI in D:\VNPay\TTS\bank_demo)
2024-10-04 09:41:44,681 .bank_demo.BankDemoApplication - ogStartupProfileInfo:654  - INFO  - [] - No active profile set, falling back to 1 default profile: "default"
2024-10-04 09:41:45,296 epositoryConfigurationDelegate - ltipleStoresDetected:295  - INFO  - [] - Multiple Spring Data modules found, entering strict repository configuration mode
2024-10-04 09:41:45,298 epositoryConfigurationDelegate - gisterRepositoriesIn:143  - INFO  - [] - Bootstrapping Spring Data JPA repositories in DEFAULT mode.
2024-10-04 09:41:45,413 epositoryConfigurationDelegate - gisterRepositoriesIn:211  - INFO  - [] - Finished Spring Data repository scanning in 110 ms. Found 2 JPA repository interfaces.
2024-10-04 09:41:45,423 epositoryConfigurationDelegate - ltipleStoresDetected:295  - INFO  - [] - Multiple Spring Data modules found, entering strict repository configuration mode
2024-10-04 09:41:45,424 epositoryConfigurationDelegate - gisterRepositoriesIn:143  - INFO  - [] - Bootstrapping Spring Data Redis repositories in DEFAULT mode.
2024-10-04 09:41:45,444 yConfigurationExtensionSupport - tRepositoryCandidate:320  - INFO  - [] - Spring Data Redis - Could not safely identify store assignment for repository candidate interface vn.vnpay.bank_demo.repository.PaymentRepository; If you want this repository to be a Redis repository, consider annotating your entities with one of these annotations: org.springframework.data.redis.core.RedisHash (preferred), or consider extending one of the following types with your repository: org.springframework.data.keyvalue.repository.KeyValueRepository
2024-10-04 09:41:45,445 yConfigurationExtensionSupport - tRepositoryCandidate:320  - INFO  - [] - Spring Data Redis - Could not safely identify store assignment for repository candidate interface vn.vnpay.bank_demo.repository.UsersRepository; If you want this repository to be a Redis repository, consider annotating your entities with one of these annotations: org.springframework.data.redis.core.RedisHash (preferred), or consider extending one of the following types with your repository: org.springframework.data.keyvalue.repository.KeyValueRepository
2024-10-04 09:41:45,445 epositoryConfigurationDelegate - gisterRepositoriesIn:211  - INFO  - [] - Finished Spring Data repository scanning in 7 ms. Found 0 Redis repository interfaces.
2024-10-04 09:41:45,867 mbedded.tomcat.TomcatWebServer -           initialize:111  - INFO  - [] - Tomcat initialized with port 8080 (http)
2024-10-04 09:41:45,874 oyote.http11.Http11NioProtocol -                  log:173  - INFO  - [] - Initializing ProtocolHandler ["http-nio-8080"]
2024-10-04 09:41:45,879 .catalina.core.StandardService -                  log:173  - INFO  - [] - Starting service [Tomcat]
2024-10-04 09:41:45,879 e.catalina.core.StandardEngine -                  log:173  - INFO  - [] - Starting Servlet engine: [Apache Tomcat/10.1.28]
2024-10-04 09:41:45,928 .[Tomcat].[localhost].[/vnpay] -                  log:173  - INFO  - [] - Initializing Spring embedded WebApplicationContext
2024-10-04 09:41:45,928 letWebServerApplicationContext - ebApplicationContext:296  - INFO  - [] - Root WebApplicationContext: initialization completed in 1216 ms
2024-10-04 09:41:46,075 te.jpa.internal.util.LogHelper - tenceUnitInformation:31   - INFO  - [] - HHH000204: Processing PersistenceUnitInfo [name: default]
2024-10-04 09:41:46,116 org.hibernate.Version          -           logVersion:44   - INFO  - [] - HHH000412: Hibernate ORM core version 6.5.2.Final
2024-10-04 09:41:46,145 nternal.RegionFactoryInitiator -      initiateService:50   - INFO  - [] - HHH000026: Second-level cache disabled
2024-10-04 09:41:46,355 unit.SpringPersistenceUnitInfo -       addTransformer:87   - INFO  - [] - No LoadTimeWeaver setup: ignoring JPA class transformer
2024-10-04 09:41:46,374 zaxxer.hikari.HikariDataSource -        getConnection:109  - INFO  - [] - HikariPool-1 - Starting...
2024-10-04 09:41:46,559 .zaxxer.hikari.pool.HikariPool -        checkFailFast:554  - INFO  - [] - HikariPool-1 - Added connection ConnectionID:1 ClientConnectionId: e45dd3f1-796a-4798-b622-a98024c74296
2024-10-04 09:41:46,561 zaxxer.hikari.HikariDataSource -        getConnection:122  - INFO  - [] - HikariPool-1 - Start completed.
2024-10-04 09:41:47,234 .internal.JtaPlatformInitiator -      initiateService:59   - INFO  - [] - HHH000489: No JTA platform available (set 'hibernate.transaction.jta.platform' to enable JTA platform integration)
2024-10-04 09:41:47,237 tainerEntityManagerFactoryBean - EntityManagerFactory:437  - INFO  - [] - Initialized JPA EntityManagerFactory for persistence unit 'default'
2024-10-04 09:41:47,853 figuration$JpaWebConfiguration - gerInViewInterceptor:236  - WARN  - [] - spring.jpa.open-in-view is enabled by default. Therefore, database queries may be performed during view rendering. Explicitly configure spring.jpa.open-in-view to disable this warning
2024-10-04 09:41:48,036 tTemplateResolverConfiguration - mplateLocationExists:101  - WARN  - [] - Cannot find template location: classpath:/templates/ (please add some templates, check your Thymeleaf configuration, or set spring.thymeleaf.check-template-location=false)
2024-10-04 09:41:48,166 oyote.http11.Http11NioProtocol -                  log:173  - INFO  - [] - Starting ProtocolHandler ["http-nio-8080"]
2024-10-04 09:41:48,180 mbedded.tomcat.TomcatWebServer -                start:243  - INFO  - [] - Tomcat started on port 8080 (http) with context path '/vnpay'
2024-10-04 09:41:48,188 .bank_demo.BankDemoApplication -           logStarted:56   - INFO  - [] - Started BankDemoApplication in 3.934 seconds (process running for 4.468)
2024-10-04 09:41:51,651 .[Tomcat].[localhost].[/vnpay] -                  log:173  - INFO  - [] - Initializing Spring DispatcherServlet 'dispatcherServlet'
2024-10-04 09:41:51,652 .web.servlet.DispatcherServlet -      initServletBean:532  - INFO  - [] - Initializing Servlet 'dispatcherServlet'
2024-10-04 09:41:51,653 .web.servlet.DispatcherServlet -      initServletBean:554  - INFO  - [] - Completed initialization in 1 ms
2024-10-04 09:41:54,047 mo.service.impl.PayServiceImpl -        createPayment:38   - INFO  - [] - Begin create-payment: {
  "tokenKey": "XzQ_O5vB-wwzhnBR0RDi33mQoQ9mpoMI83I1qrJybi8\u003d",
  "apiId": "restPayment",
  "mobile": "0345225630",
  "bankCode": "98765432",
  "privateKey": "87654321",
  "accountNo": "0001100014211002",
  "payDate": "20230918124530",
  "additionalData": "11",
  "debitAmount": 11300,
  "respCode": "00",
  "respDesc": "SUCCESS",
  "traceTransfer": "FT19310RH6P1",
  "messageType": "1",
  "checkSum": "a66f9c27ddc8bee82c50b5603cbb861eae7b3c26e7a5a75047268058898c7f41",
  "orderCode": "FT19310RH6P1",
  "userName": "cntest001",
  "realAmount": 11200,
  "promotionCode": "ABCXYZ",
  "addValue": "{\"payMethod\":\"01\",\"payMethodMMS\":1}"
}
2024-10-04 09:41:54,444 mo.service.impl.PayServiceImpl -     validateTokenKey:75   - INFO  - [] - Expiration time: 51485
2024-10-04 09:41:59,006 ay.bank_demo.util.CheckSumUtil -    calculateCheckSum:26   - INFO  - [] - Checksum: a66f9c27ddc8bee82c50b5603cbb861eae7b3c26e7a5a75047268058898c7f41
2024-10-04 09:41:59,006 mo.service.impl.PayServiceImpl -     validateCheckSum:118  - INFO  - [] - Checksum request: a66f9c27ddc8bee82c50b5603cbb861eae7b3c26e7a5a75047268058898c7f41
2024-10-04 09:41:59,012 ction.CachingConnectionFactory -      connectHostPort:682  - INFO  - [] - Attempting to connect to: 127.0.0.1:5672
2024-10-04 09:41:59,055 ction.CachingConnectionFactory - createBareConnection:608  - INFO  - [] - Created new connection: connectionFactory#20ed6de:0/SimpleConnection@20278622 [delegate=amqp://guest@127.0.0.1:5672/, localPort=50656]
2024-10-04 09:41:59,062 k.amqp.rabbit.core.RabbitAdmin -           initialize:686  - INFO  - [] - Auto-declaring a non-durable, auto-delete, or exclusive Queue (myQueue) durable:false, auto-delete:false, exclusive:false. It will be redeclared if the broker stops and is restarted while the connection factory is alive, but all messages will be lost.
2024-10-04 09:41:59,089 eplyToMessageListenerContainer -          actualStart:471  - INFO  - [] - Container initialized for queues: [amq.rabbitmq.reply-to]
2024-10-04 09:41:59,097 eplyToMessageListenerContainer -   doConsumeFromQueue:769  - INFO  - [] - SimpleConsumer [queue=amq.rabbitmq.reply-to, index=0, consumerTag=amq.ctag-zHLy8LZWEba3cF6l6CrwXQ identity=1af9c0ad] started
2024-10-04 09:42:04,111 mo.service.impl.PayServiceImpl -        createPayment:56   - INFO  - [] - Response Code RabbitMQ: null
2024-10-04 09:42:04,111 mo.service.impl.PayServiceImpl -        createPayment:63   - INFO  - [] - End create-payment: Success
2024-10-04 09:42:04,113 ay.bank_demo.util.CheckSumUtil -    calculateCheckSum:26   - INFO  - [] - Checksum: 4f6160c89b674a45318260e0b2aba69dd13aa0ba0179a45f56e1e0c07dd0b3ce
2024-10-04 09:42:04,113 ay.bank_demo.util.CheckSumUtil -    calculateCheckSum:26   - INFO  - [] - Checksum: 4f6160c89b674a45318260e0b2aba69dd13aa0ba0179a45f56e1e0c07dd0b3ce
2024-10-04 09:42:38,728 mo.service.impl.PayServiceImpl -        createPayment:38   - INFO  - [] - Begin create-payment: {
  "tokenKey": "CfIzv2r371GX7u89Zp-R0QWFk_tnsQwws9-xHKDxs0Q\u003d",
  "apiId": "restPayment",
  "mobile": "0345225630",
  "bankCode": "98765432",
  "privateKey": "87654321",
  "accountNo": "0001100014211002",
  "payDate": "20230918124530",
  "additionalData": "11",
  "debitAmount": 11300,
  "respCode": "00",
  "respDesc": "SUCCESS",
  "traceTransfer": "FT19310RH6P1",
  "messageType": "1",
  "checkSum": "a66f9c27ddc8bee82c50b5603cbb861eae7b3c26e7a5a75047268058898c7f41",
  "orderCode": "FT19310RH6P1",
  "userName": "cntest001",
  "realAmount": 11200,
  "promotionCode": "ABCXYZ",
  "addValue": "{\"payMethod\":\"01\",\"payMethodMMS\":1}"
}
2024-10-04 09:42:38,731 mo.service.impl.PayServiceImpl -     validateTokenKey:70   - INFO  - [] - TokenKey is duplicated
2024-10-04 09:42:38,732 ay.bank_demo.util.CheckSumUtil -    calculateCheckSum:26   - INFO  - [] - Checksum: a66f9c27ddc8bee82c50b5603cbb861eae7b3c26e7a5a75047268058898c7f41
2024-10-04 09:42:38,732 mo.service.impl.PayServiceImpl -     validateCheckSum:118  - INFO  - [] - Checksum request: a66f9c27ddc8bee82c50b5603cbb861eae7b3c26e7a5a75047268058898c7f41
2024-10-04 09:42:43,743 mo.service.impl.PayServiceImpl -        createPayment:56   - INFO  - [] - Response Code RabbitMQ: null
2024-10-04 09:42:43,743 mo.service.impl.PayServiceImpl -        createPayment:63   - INFO  - [] - End create-payment: Success
2024-10-04 09:42:43,743 ay.bank_demo.util.CheckSumUtil -    calculateCheckSum:26   - INFO  - [] - Checksum: 72e9b859592c3b5a5362aa1e9083a3266ebdbfb8f9a67caa9d381c658d813827
2024-10-04 09:42:43,743 ay.bank_demo.util.CheckSumUtil -    calculateCheckSum:26   - INFO  - [] - Checksum: 72e9b859592c3b5a5362aa1e9083a3266ebdbfb8f9a67caa9d381c658d813827
2024-10-04 09:43:19,299 mo.service.impl.PayServiceImpl -        createPayment:38   - INFO  - [] - Begin create-payment: {
  "tokenKey": "CfIzv2r371GX7u89Zp-R0QWFk_tnsQwws9-xHKDxs0Q\u003d",
  "apiId": "restPayment",
  "mobile": "0345225630",
  "bankCode": "98765432",
  "privateKey": "87654321",
  "accountNo": "0001100014211002",
  "payDate": "20230918124530",
  "additionalData": "11",
  "debitAmount": 11300,
  "respCode": "00",
  "respDesc": "SUCCESS",
  "traceTransfer": "FT19310RH6P1",
  "messageType": "1",
  "checkSum": "a66f9c27ddc8bee82c50b5603cbb861eae7b3c26e7a5a75047268058898c7f41",
  "orderCode": "FT19310RH6P1",
  "userName": "cntest001",
  "realAmount": 11200,
  "promotionCode": "ABCXYZ",
  "addValue": "{\"payMethod\":\"01\",\"payMethodMMS\":1}"
}
2024-10-04 09:43:25,975 mo.service.impl.PayServiceImpl -     validateTokenKey:70   - INFO  - [] - TokenKey is duplicated
2024-10-04 09:43:29,626 ay.bank_demo.util.CheckSumUtil -    calculateCheckSum:26   - INFO  - [] - Checksum: a66f9c27ddc8bee82c50b5603cbb861eae7b3c26e7a5a75047268058898c7f41
2024-10-04 09:43:29,626 mo.service.impl.PayServiceImpl -     validateCheckSum:118  - INFO  - [] - Checksum request: a66f9c27ddc8bee82c50b5603cbb861eae7b3c26e7a5a75047268058898c7f41
2024-10-04 09:43:34,639 mo.service.impl.PayServiceImpl -        createPayment:56   - INFO  - [] - Response Code RabbitMQ: null
2024-10-04 09:43:34,639 mo.service.impl.PayServiceImpl -        createPayment:63   - INFO  - [] - End create-payment: Success
2024-10-04 09:43:34,639 ay.bank_demo.util.CheckSumUtil -    calculateCheckSum:26   - INFO  - [] - Checksum: f9554e96ad261e7af80ea1e78e1fc9049e580681f3f0e6d107b5a2c6aad5ed0c
2024-10-04 09:43:34,639 ay.bank_demo.util.CheckSumUtil -    calculateCheckSum:26   - INFO  - [] - Checksum: f9554e96ad261e7af80ea1e78e1fc9049e580681f3f0e6d107b5a2c6aad5ed0c
2024-10-04 09:43:35,364 eplyToMessageListenerContainer - nAndWaitOrCallback$7:871  - INFO  - [] - Successfully waited for consumers to finish.
2024-10-04 09:43:35,373 tainerEntityManagerFactoryBean -              destroy:650  - INFO  - [] - Closing JPA EntityManagerFactory for persistence unit 'default'
2024-10-04 09:43:35,375 zaxxer.hikari.HikariDataSource -                close:349  - INFO  - [] - HikariPool-1 - Shutdown initiated...
2024-10-04 09:43:35,380 zaxxer.hikari.HikariDataSource -                close:351  - INFO  - [] - HikariPool-1 - Shutdown completed.
2024-10-04 09:44:03,575 alidator.internal.util.Version -             <clinit>:21   - INFO  - [] - HV000001: Hibernate Validator 8.0.1.Final
2024-10-04 09:44:03,608 .bank_demo.BankDemoApplication -          logStarting:50   - INFO  - [] - Starting BankDemoApplication using Java 17.0.8.1 with PID 8936 (D:\VNPay\TTS\bank_demo\target\classes started by MSI in D:\VNPay\TTS\bank_demo)
2024-10-04 09:44:03,609 .bank_demo.BankDemoApplication - ogStartupProfileInfo:654  - INFO  - [] - No active profile set, falling back to 1 default profile: "default"
2024-10-04 09:44:04,201 epositoryConfigurationDelegate - ltipleStoresDetected:295  - INFO  - [] - Multiple Spring Data modules found, entering strict repository configuration mode
2024-10-04 09:44:04,204 epositoryConfigurationDelegate - gisterRepositoriesIn:143  - INFO  - [] - Bootstrapping Spring Data JPA repositories in DEFAULT mode.
2024-10-04 09:44:04,328 epositoryConfigurationDelegate - gisterRepositoriesIn:211  - INFO  - [] - Finished Spring Data repository scanning in 119 ms. Found 2 JPA repository interfaces.
2024-10-04 09:44:04,341 epositoryConfigurationDelegate - ltipleStoresDetected:295  - INFO  - [] - Multiple Spring Data modules found, entering strict repository configuration mode
2024-10-04 09:44:04,343 epositoryConfigurationDelegate - gisterRepositoriesIn:143  - INFO  - [] - Bootstrapping Spring Data Redis repositories in DEFAULT mode.
2024-10-04 09:44:04,356 yConfigurationExtensionSupport - tRepositoryCandidate:320  - INFO  - [] - Spring Data Redis - Could not safely identify store assignment for repository candidate interface vn.vnpay.bank_demo.repository.PaymentRepository; If you want this repository to be a Redis repository, consider annotating your entities with one of these annotations: org.springframework.data.redis.core.RedisHash (preferred), or consider extending one of the following types with your repository: org.springframework.data.keyvalue.repository.KeyValueRepository
2024-10-04 09:44:04,357 yConfigurationExtensionSupport - tRepositoryCandidate:320  - INFO  - [] - Spring Data Redis - Could not safely identify store assignment for repository candidate interface vn.vnpay.bank_demo.repository.UsersRepository; If you want this repository to be a Redis repository, consider annotating your entities with one of these annotations: org.springframework.data.redis.core.RedisHash (preferred), or consider extending one of the following types with your repository: org.springframework.data.keyvalue.repository.KeyValueRepository
2024-10-04 09:44:04,357 epositoryConfigurationDelegate - gisterRepositoriesIn:211  - INFO  - [] - Finished Spring Data repository scanning in 7 ms. Found 0 Redis repository interfaces.
2024-10-04 09:44:04,774 mbedded.tomcat.TomcatWebServer -           initialize:111  - INFO  - [] - Tomcat initialized with port 8080 (http)
2024-10-04 09:44:04,781 oyote.http11.Http11NioProtocol -                  log:173  - INFO  - [] - Initializing ProtocolHandler ["http-nio-8080"]
2024-10-04 09:44:04,783 .catalina.core.StandardService -                  log:173  - INFO  - [] - Starting service [Tomcat]
2024-10-04 09:44:04,783 e.catalina.core.StandardEngine -                  log:173  - INFO  - [] - Starting Servlet engine: [Apache Tomcat/10.1.28]
2024-10-04 09:44:04,832 .[Tomcat].[localhost].[/vnpay] -                  log:173  - INFO  - [] - Initializing Spring embedded WebApplicationContext
2024-10-04 09:44:04,832 letWebServerApplicationContext - ebApplicationContext:296  - INFO  - [] - Root WebApplicationContext: initialization completed in 1191 ms
2024-10-04 09:44:04,975 te.jpa.internal.util.LogHelper - tenceUnitInformation:31   - INFO  - [] - HHH000204: Processing PersistenceUnitInfo [name: default]
2024-10-04 09:44:05,022 org.hibernate.Version          -           logVersion:44   - INFO  - [] - HHH000412: Hibernate ORM core version 6.5.2.Final
2024-10-04 09:44:05,055 nternal.RegionFactoryInitiator -      initiateService:50   - INFO  - [] - HHH000026: Second-level cache disabled
2024-10-04 09:44:05,274 unit.SpringPersistenceUnitInfo -       addTransformer:87   - INFO  - [] - No LoadTimeWeaver setup: ignoring JPA class transformer
2024-10-04 09:44:05,293 zaxxer.hikari.HikariDataSource -        getConnection:109  - INFO  - [] - HikariPool-1 - Starting...
2024-10-04 09:44:05,479 .zaxxer.hikari.pool.HikariPool -        checkFailFast:554  - INFO  - [] - HikariPool-1 - Added connection ConnectionID:1 ClientConnectionId: 9eee3b17-478a-4b61-9f1b-0ea957d6905a
2024-10-04 09:44:05,481 zaxxer.hikari.HikariDataSource -        getConnection:122  - INFO  - [] - HikariPool-1 - Start completed.
2024-10-04 09:44:06,183 .internal.JtaPlatformInitiator -      initiateService:59   - INFO  - [] - HHH000489: No JTA platform available (set 'hibernate.transaction.jta.platform' to enable JTA platform integration)
2024-10-04 09:44:06,185 tainerEntityManagerFactoryBean - EntityManagerFactory:437  - INFO  - [] - Initialized JPA EntityManagerFactory for persistence unit 'default'
2024-10-04 09:44:06,835 figuration$JpaWebConfiguration - gerInViewInterceptor:236  - WARN  - [] - spring.jpa.open-in-view is enabled by default. Therefore, database queries may be performed during view rendering. Explicitly configure spring.jpa.open-in-view to disable this warning
2024-10-04 09:44:07,035 tTemplateResolverConfiguration - mplateLocationExists:101  - WARN  - [] - Cannot find template location: classpath:/templates/ (please add some templates, check your Thymeleaf configuration, or set spring.thymeleaf.check-template-location=false)
2024-10-04 09:44:07,200 oyote.http11.Http11NioProtocol -                  log:173  - INFO  - [] - Starting ProtocolHandler ["http-nio-8080"]
2024-10-04 09:44:07,216 mbedded.tomcat.TomcatWebServer -                start:243  - INFO  - [] - Tomcat started on port 8080 (http) with context path '/vnpay'
2024-10-04 09:44:07,224 .bank_demo.BankDemoApplication -           logStarted:56   - INFO  - [] - Started BankDemoApplication in 4.094 seconds (process running for 4.639)
2024-10-04 09:44:08,608 .[Tomcat].[localhost].[/vnpay] -                  log:173  - INFO  - [] - Initializing Spring DispatcherServlet 'dispatcherServlet'
2024-10-04 09:44:08,608 .web.servlet.DispatcherServlet -      initServletBean:532  - INFO  - [] - Initializing Servlet 'dispatcherServlet'
2024-10-04 09:44:08,609 .web.servlet.DispatcherServlet -      initServletBean:554  - INFO  - [] - Completed initialization in 1 ms
2024-10-04 09:44:10,292 mo.service.impl.PayServiceImpl -        createPayment:38   - INFO  - [] - Begin create-payment: {
  "tokenKey": "CfIzv2r371GX7u89Zp-R0QWFk_tnsQwws9-xHKDxs0Q\u003d",
  "apiId": "restPayment",
  "mobile": "0345225630",
  "bankCode": "98765432",
  "privateKey": "87654321",
  "accountNo": "0001100014211002",
  "payDate": "20230918124530",
  "additionalData": "11",
  "debitAmount": 11300,
  "respCode": "00",
  "respDesc": "SUCCESS",
  "traceTransfer": "FT19310RH6P1",
  "messageType": "1",
  "checkSum": "a66f9c27ddc8bee82c50b5603cbb861eae7b3c26e7a5a75047268058898c7f41",
  "orderCode": "FT19310RH6P1",
  "userName": "cntest001",
  "realAmount": 11200,
  "promotionCode": "ABCXYZ",
  "addValue": "{\"payMethod\":\"01\",\"payMethodMMS\":1}"
}
2024-10-04 09:44:17,524 mo.service.impl.PayServiceImpl -     validateTokenKey:70   - INFO  - [] - TokenKey is duplicated
2024-10-04 09:44:19,206 mo.service.impl.PayServiceImpl -     validateTokenKey:81   - INFO  - [] - Expiration time: 51341
2024-10-04 09:44:24,183 ay.bank_demo.util.CheckSumUtil -    calculateCheckSum:26   - INFO  - [] - Checksum: a66f9c27ddc8bee82c50b5603cbb861eae7b3c26e7a5a75047268058898c7f41
2024-10-04 09:44:24,183 mo.service.impl.PayServiceImpl -     validateCheckSum:123  - INFO  - [] - Checksum request: a66f9c27ddc8bee82c50b5603cbb861eae7b3c26e7a5a75047268058898c7f41
2024-10-04 09:44:24,188 ction.CachingConnectionFactory -      connectHostPort:682  - INFO  - [] - Attempting to connect to: 127.0.0.1:5672
2024-10-04 09:44:24,229 ction.CachingConnectionFactory - createBareConnection:608  - INFO  - [] - Created new connection: connectionFactory#7f39bcb5:0/SimpleConnection@3e667144 [delegate=amqp://guest@127.0.0.1:5672/, localPort=50716]
2024-10-04 09:44:24,234 k.amqp.rabbit.core.RabbitAdmin -           initialize:686  - INFO  - [] - Auto-declaring a non-durable, auto-delete, or exclusive Queue (myQueue) durable:false, auto-delete:false, exclusive:false. It will be redeclared if the broker stops and is restarted while the connection factory is alive, but all messages will be lost.
2024-10-04 09:44:24,259 eplyToMessageListenerContainer -          actualStart:471  - INFO  - [] - Container initialized for queues: [amq.rabbitmq.reply-to]
2024-10-04 09:44:24,269 eplyToMessageListenerContainer -   doConsumeFromQueue:769  - INFO  - [] - SimpleConsumer [queue=amq.rabbitmq.reply-to, index=0, consumerTag=amq.ctag-bYalBd6oMT6A_-gw8f3vQg identity=6738eaef] started
2024-10-04 09:44:29,290 mo.service.impl.PayServiceImpl -        createPayment:56   - INFO  - [] - Response Code RabbitMQ: null
2024-10-04 09:44:29,291 mo.service.impl.PayServiceImpl -        createPayment:63   - INFO  - [] - End create-payment: Success
2024-10-04 09:44:29,292 ay.bank_demo.util.CheckSumUtil -    calculateCheckSum:26   - INFO  - [] - Checksum: c29a5b75511998923f7702a45a350c4d1be0485a8372ad1bcc5635a690d7937a
2024-10-04 09:44:29,292 ay.bank_demo.util.CheckSumUtil -    calculateCheckSum:26   - INFO  - [] - Checksum: c29a5b75511998923f7702a45a350c4d1be0485a8372ad1bcc5635a690d7937a
2024-10-04 09:45:14,480 mo.service.impl.PayServiceImpl -        createPayment:38   - INFO  - [] - Begin create-payment: {
  "tokenKey": "CfIzv2r371GX7u89Zp-R0QWFk_tnsQwws9-xHKDxs0Q\u003d",
  "apiId": "restPayment",
  "mobile": "0345225630",
  "bankCode": "98765432",
  "privateKey": "87654321",
  "accountNo": "0001100014211002",
  "payDate": "20230918124530",
  "additionalData": "11",
  "debitAmount": 11300,
  "respCode": "00",
  "respDesc": "SUCCESS",
  "traceTransfer": "FT19310RH6P1",
  "messageType": "1",
  "checkSum": "a66f9c27ddc8bee82c50b5603cbb861eae7b3c26e7a5a75047268058898c7f41",
  "orderCode": "FT19310RH6P1",
  "userName": "cntest001",
  "realAmount": 11200,
  "promotionCode": "ABCXYZ",
  "addValue": "{\"payMethod\":\"01\",\"payMethodMMS\":1}"
}
2024-10-04 09:45:14,484 mo.service.impl.PayServiceImpl -     validateTokenKey:70   - INFO  - [] - TokenKey is duplicated
2024-10-04 09:45:14,484 mo.service.impl.PayServiceImpl -     validateTokenKey:81   - INFO  - [] - Expiration time: 51285
2024-10-04 09:45:14,485 ay.bank_demo.util.CheckSumUtil -    calculateCheckSum:26   - INFO  - [] - Checksum: a66f9c27ddc8bee82c50b5603cbb861eae7b3c26e7a5a75047268058898c7f41
2024-10-04 09:45:14,485 mo.service.impl.PayServiceImpl -     validateCheckSum:123  - INFO  - [] - Checksum request: a66f9c27ddc8bee82c50b5603cbb861eae7b3c26e7a5a75047268058898c7f41
2024-10-04 09:45:14,920 ay.bank_demo.util.CheckSumUtil -    calculateCheckSum:26   - INFO  - [] - Checksum: e99a5053fa13863e4046dabc76f8f40717a479cc8c5890a58e03132246331422
2024-10-04 09:45:14,946 eplyToMessageListenerContainer - nAndWaitOrCallback$7:871  - INFO  - [] - Successfully waited for consumers to finish.
2024-10-04 09:45:14,963 tainerEntityManagerFactoryBean -              destroy:650  - INFO  - [] - Closing JPA EntityManagerFactory for persistence unit 'default'
2024-10-04 09:45:14,965 zaxxer.hikari.HikariDataSource -                close:349  - INFO  - [] - HikariPool-1 - Shutdown initiated...
2024-10-04 09:45:14,970 zaxxer.hikari.HikariDataSource -                close:351  - INFO  - [] - HikariPool-1 - Shutdown completed.
2024-10-04 09:45:19,960 alidator.internal.util.Version -             <clinit>:21   - INFO  - [] - HV000001: Hibernate Validator 8.0.1.Final
2024-10-04 09:45:20,005 .bank_demo.BankDemoApplication -          logStarting:50   - INFO  - [] - Starting BankDemoApplication using Java 17.0.8.1 with PID 19336 (D:\VNPay\TTS\bank_demo\target\classes started by MSI in D:\VNPay\TTS\bank_demo)
2024-10-04 09:45:20,006 .bank_demo.BankDemoApplication - ogStartupProfileInfo:654  - INFO  - [] - No active profile set, falling back to 1 default profile: "default"
2024-10-04 09:45:20,567 epositoryConfigurationDelegate - ltipleStoresDetected:295  - INFO  - [] - Multiple Spring Data modules found, entering strict repository configuration mode
2024-10-04 09:45:20,568 epositoryConfigurationDelegate - gisterRepositoriesIn:143  - INFO  - [] - Bootstrapping Spring Data JPA repositories in DEFAULT mode.
2024-10-04 09:45:20,676 epositoryConfigurationDelegate - gisterRepositoriesIn:211  - INFO  - [] - Finished Spring Data repository scanning in 103 ms. Found 2 JPA repository interfaces.
2024-10-04 09:45:20,688 epositoryConfigurationDelegate - ltipleStoresDetected:295  - INFO  - [] - Multiple Spring Data modules found, entering strict repository configuration mode
2024-10-04 09:45:20,689 epositoryConfigurationDelegate - gisterRepositoriesIn:143  - INFO  - [] - Bootstrapping Spring Data Redis repositories in DEFAULT mode.
2024-10-04 09:45:20,702 yConfigurationExtensionSupport - tRepositoryCandidate:320  - INFO  - [] - Spring Data Redis - Could not safely identify store assignment for repository candidate interface vn.vnpay.bank_demo.repository.PaymentRepository; If you want this repository to be a Redis repository, consider annotating your entities with one of these annotations: org.springframework.data.redis.core.RedisHash (preferred), or consider extending one of the following types with your repository: org.springframework.data.keyvalue.repository.KeyValueRepository
2024-10-04 09:45:20,702 yConfigurationExtensionSupport - tRepositoryCandidate:320  - INFO  - [] - Spring Data Redis - Could not safely identify store assignment for repository candidate interface vn.vnpay.bank_demo.repository.UsersRepository; If you want this repository to be a Redis repository, consider annotating your entities with one of these annotations: org.springframework.data.redis.core.RedisHash (preferred), or consider extending one of the following types with your repository: org.springframework.data.keyvalue.repository.KeyValueRepository
2024-10-04 09:45:20,702 epositoryConfigurationDelegate - gisterRepositoriesIn:211  - INFO  - [] - Finished Spring Data repository scanning in 7 ms. Found 0 Redis repository interfaces.
2024-10-04 09:45:21,126 mbedded.tomcat.TomcatWebServer -           initialize:111  - INFO  - [] - Tomcat initialized with port 8080 (http)
2024-10-04 09:45:21,134 oyote.http11.Http11NioProtocol -                  log:173  - INFO  - [] - Initializing ProtocolHandler ["http-nio-8080"]
2024-10-04 09:45:21,137 .catalina.core.StandardService -                  log:173  - INFO  - [] - Starting service [Tomcat]
2024-10-04 09:45:21,138 e.catalina.core.StandardEngine -                  log:173  - INFO  - [] - Starting Servlet engine: [Apache Tomcat/10.1.28]
2024-10-04 09:45:21,186 .[Tomcat].[localhost].[/vnpay] -                  log:173  - INFO  - [] - Initializing Spring embedded WebApplicationContext
2024-10-04 09:45:21,186 letWebServerApplicationContext - ebApplicationContext:296  - INFO  - [] - Root WebApplicationContext: initialization completed in 1150 ms
2024-10-04 09:45:21,336 te.jpa.internal.util.LogHelper - tenceUnitInformation:31   - INFO  - [] - HHH000204: Processing PersistenceUnitInfo [name: default]
2024-10-04 09:45:21,377 org.hibernate.Version          -           logVersion:44   - INFO  - [] - HHH000412: Hibernate ORM core version 6.5.2.Final
2024-10-04 09:45:21,410 nternal.RegionFactoryInitiator -      initiateService:50   - INFO  - [] - HHH000026: Second-level cache disabled
2024-10-04 09:45:21,626 unit.SpringPersistenceUnitInfo -       addTransformer:87   - INFO  - [] - No LoadTimeWeaver setup: ignoring JPA class transformer
2024-10-04 09:45:21,646 zaxxer.hikari.HikariDataSource -        getConnection:109  - INFO  - [] - HikariPool-1 - Starting...
2024-10-04 09:45:21,836 .zaxxer.hikari.pool.HikariPool -        checkFailFast:554  - INFO  - [] - HikariPool-1 - Added connection ConnectionID:1 ClientConnectionId: 261e8c1a-6858-4ee5-90ec-ada1103166f5
2024-10-04 09:45:21,838 zaxxer.hikari.HikariDataSource -        getConnection:122  - INFO  - [] - HikariPool-1 - Start completed.
2024-10-04 09:45:22,556 .internal.JtaPlatformInitiator -      initiateService:59   - INFO  - [] - HHH000489: No JTA platform available (set 'hibernate.transaction.jta.platform' to enable JTA platform integration)
2024-10-04 09:45:22,558 tainerEntityManagerFactoryBean - EntityManagerFactory:437  - INFO  - [] - Initialized JPA EntityManagerFactory for persistence unit 'default'
2024-10-04 09:45:23,201 figuration$JpaWebConfiguration - gerInViewInterceptor:236  - WARN  - [] - spring.jpa.open-in-view is enabled by default. Therefore, database queries may be performed during view rendering. Explicitly configure spring.jpa.open-in-view to disable this warning
2024-10-04 09:45:23,389 tTemplateResolverConfiguration - mplateLocationExists:101  - WARN  - [] - Cannot find template location: classpath:/templates/ (please add some templates, check your Thymeleaf configuration, or set spring.thymeleaf.check-template-location=false)
2024-10-04 09:45:23,529 oyote.http11.Http11NioProtocol -                  log:173  - INFO  - [] - Starting ProtocolHandler ["http-nio-8080"]
2024-10-04 09:45:23,544 mbedded.tomcat.TomcatWebServer -                start:243  - INFO  - [] - Tomcat started on port 8080 (http) with context path '/vnpay'
2024-10-04 09:45:23,553 .bank_demo.BankDemoApplication -           logStarted:56   - INFO  - [] - Started BankDemoApplication in 4.074 seconds (process running for 4.695)
2024-10-04 09:45:40,559 .[Tomcat].[localhost].[/vnpay] -                  log:173  - INFO  - [] - Initializing Spring DispatcherServlet 'dispatcherServlet'
2024-10-04 09:45:40,559 .web.servlet.DispatcherServlet -      initServletBean:532  - INFO  - [] - Initializing Servlet 'dispatcherServlet'
2024-10-04 09:45:40,560 .web.servlet.DispatcherServlet -      initServletBean:554  - INFO  - [] - Completed initialization in 0 ms
2024-10-04 09:45:42,037 mo.service.impl.PayServiceImpl -        createPayment:38   - INFO  - [] - Begin create-payment: {
  "tokenKey": "CfIzv2r371GX7u89Zp-R0QWFk_tnsQwws9-xHKDxs0Q\u003d",
  "apiId": "restPayment",
  "mobile": "0345225630",
  "bankCode": "98765432",
  "privateKey": "87654321",
  "accountNo": "0001100014211002",
  "payDate": "20230918124530",
  "additionalData": "11",
  "debitAmount": 11300,
  "respCode": "00",
  "respDesc": "SUCCESS",
  "traceTransfer": "FT19310RH6P1",
  "messageType": "1",
  "checkSum": "a66f9c27ddc8bee82c50b5603cbb861eae7b3c26e7a5a75047268058898c7f41",
  "orderCode": "FT19310RH6P1",
  "userName": "cntest001",
  "realAmount": 11200,
  "promotionCode": "ABCXYZ",
  "addValue": "{\"payMethod\":\"01\",\"payMethodMMS\":1}"
}
2024-10-04 09:45:45,879 mo.service.impl.PayServiceImpl -     validateTokenKey:70   - INFO  - [] - TokenKey is duplicated
2024-10-04 09:46:17,512 .zaxxer.hikari.pool.HikariPool -                  run:797  - WARN  - [] - HikariPool-1 - Thread starvation or clock leap detected (housekeeper delta=55s571ms706µs701ns).
2024-10-04 09:46:19,160 mo.service.impl.PayServiceImpl -     validateTokenKey:81   - INFO  - [] - Expiration time: 51221
2024-10-04 09:46:50,106 ay.bank_demo.util.CheckSumUtil -    calculateCheckSum:26   - INFO  - [] - Checksum: a66f9c27ddc8bee82c50b5603cbb861eae7b3c26e7a5a75047268058898c7f41
2024-10-04 09:46:50,107 mo.service.impl.PayServiceImpl -     validateCheckSum:123  - INFO  - [] - Checksum request: a66f9c27ddc8bee82c50b5603cbb861eae7b3c26e7a5a75047268058898c7f41
2024-10-04 09:46:50,135 ction.CachingConnectionFactory -      connectHostPort:682  - INFO  - [] - Attempting to connect to: 127.0.0.1:5672
2024-10-04 09:46:50,253 ction.CachingConnectionFactory - createBareConnection:608  - INFO  - [] - Created new connection: connectionFactory#47a05ad8:0/SimpleConnection@7e5fa9af [delegate=amqp://guest@127.0.0.1:5672/, localPort=50778]
2024-10-04 09:46:50,317 k.amqp.rabbit.core.RabbitAdmin -           initialize:686  - INFO  - [] - Auto-declaring a non-durable, auto-delete, or exclusive Queue (myQueue) durable:false, auto-delete:false, exclusive:false. It will be redeclared if the broker stops and is restarted while the connection factory is alive, but all messages will be lost.
2024-10-04 09:46:50,473 eplyToMessageListenerContainer -          actualStart:471  - INFO  - [] - Container initialized for queues: [amq.rabbitmq.reply-to]
2024-10-04 09:46:50,501 eplyToMessageListenerContainer -   doConsumeFromQueue:769  - INFO  - [] - SimpleConsumer [queue=amq.rabbitmq.reply-to, index=0, consumerTag=amq.ctag-zsommqTNN_8fqZ1ML518tg identity=37dd28f8] started
2024-10-04 09:46:52,157 ay.bank_demo.util.CheckSumUtil -    calculateCheckSum:26   - INFO  - [] - Checksum: e99a5053fa13863e4046dabc76f8f40717a479cc8c5890a58e03132246331422
2024-10-04 09:46:52,209 eplyToMessageListenerContainer - nAndWaitOrCallback$7:871  - INFO  - [] - Successfully waited for consumers to finish.
2024-10-04 09:46:52,217 tainerEntityManagerFactoryBean -              destroy:650  - INFO  - [] - Closing JPA EntityManagerFactory for persistence unit 'default'
2024-10-04 09:46:52,218 zaxxer.hikari.HikariDataSource -                close:349  - INFO  - [] - HikariPool-1 - Shutdown initiated...
2024-10-04 09:46:52,223 zaxxer.hikari.HikariDataSource -                close:351  - INFO  - [] - HikariPool-1 - Shutdown completed.
2024-10-04 09:52:27,933 alidator.internal.util.Version -             <clinit>:21   - INFO  - [] - HV000001: Hibernate Validator 8.0.1.Final
2024-10-04 09:52:27,962 .bank_demo.BankDemoApplication -          logStarting:50   - INFO  - [] - Starting BankDemoApplication using Java 17.0.8.1 with PID 5080 (D:\VNPay\TTS\bank_demo\target\classes started by MSI in D:\VNPay\TTS\bank_demo)
2024-10-04 09:52:27,963 .bank_demo.BankDemoApplication - ogStartupProfileInfo:654  - INFO  - [] - No active profile set, falling back to 1 default profile: "default"
2024-10-04 09:52:28,503 epositoryConfigurationDelegate - ltipleStoresDetected:295  - INFO  - [] - Multiple Spring Data modules found, entering strict repository configuration mode
2024-10-04 09:52:28,505 epositoryConfigurationDelegate - gisterRepositoriesIn:143  - INFO  - [] - Bootstrapping Spring Data JPA repositories in DEFAULT mode.
2024-10-04 09:52:28,611 epositoryConfigurationDelegate - gisterRepositoriesIn:211  - INFO  - [] - Finished Spring Data repository scanning in 100 ms. Found 2 JPA repository interfaces.
2024-10-04 09:52:28,622 epositoryConfigurationDelegate - ltipleStoresDetected:295  - INFO  - [] - Multiple Spring Data modules found, entering strict repository configuration mode
2024-10-04 09:52:28,623 epositoryConfigurationDelegate - gisterRepositoriesIn:143  - INFO  - [] - Bootstrapping Spring Data Redis repositories in DEFAULT mode.
2024-10-04 09:52:28,635 yConfigurationExtensionSupport - tRepositoryCandidate:320  - INFO  - [] - Spring Data Redis - Could not safely identify store assignment for repository candidate interface vn.vnpay.bank_demo.repository.PaymentRepository; If you want this repository to be a Redis repository, consider annotating your entities with one of these annotations: org.springframework.data.redis.core.RedisHash (preferred), or consider extending one of the following types with your repository: org.springframework.data.keyvalue.repository.KeyValueRepository
2024-10-04 09:52:28,636 yConfigurationExtensionSupport - tRepositoryCandidate:320  - INFO  - [] - Spring Data Redis - Could not safely identify store assignment for repository candidate interface vn.vnpay.bank_demo.repository.UsersRepository; If you want this repository to be a Redis repository, consider annotating your entities with one of these annotations: org.springframework.data.redis.core.RedisHash (preferred), or consider extending one of the following types with your repository: org.springframework.data.keyvalue.repository.KeyValueRepository
2024-10-04 09:52:28,636 epositoryConfigurationDelegate - gisterRepositoriesIn:211  - INFO  - [] - Finished Spring Data repository scanning in 8 ms. Found 0 Redis repository interfaces.
2024-10-04 09:52:29,009 mbedded.tomcat.TomcatWebServer -           initialize:111  - INFO  - [] - Tomcat initialized with port 8080 (http)
2024-10-04 09:52:29,020 oyote.http11.Http11NioProtocol -                  log:173  - INFO  - [] - Initializing ProtocolHandler ["http-nio-8080"]
2024-10-04 09:52:29,022 .catalina.core.StandardService -                  log:173  - INFO  - [] - Starting service [Tomcat]
2024-10-04 09:52:29,023 e.catalina.core.StandardEngine -                  log:173  - INFO  - [] - Starting Servlet engine: [Apache Tomcat/10.1.28]
2024-10-04 09:52:29,067 .[Tomcat].[localhost].[/vnpay] -                  log:173  - INFO  - [] - Initializing Spring embedded WebApplicationContext
2024-10-04 09:52:29,067 letWebServerApplicationContext - ebApplicationContext:296  - INFO  - [] - Root WebApplicationContext: initialization completed in 1075 ms
2024-10-04 09:52:29,199 te.jpa.internal.util.LogHelper - tenceUnitInformation:31   - INFO  - [] - HHH000204: Processing PersistenceUnitInfo [name: default]
2024-10-04 09:52:29,232 org.hibernate.Version          -           logVersion:44   - INFO  - [] - HHH000412: Hibernate ORM core version 6.5.2.Final
2024-10-04 09:52:29,254 nternal.RegionFactoryInitiator -      initiateService:50   - INFO  - [] - HHH000026: Second-level cache disabled
2024-10-04 09:52:29,436 unit.SpringPersistenceUnitInfo -       addTransformer:87   - INFO  - [] - No LoadTimeWeaver setup: ignoring JPA class transformer
2024-10-04 09:52:29,458 zaxxer.hikari.HikariDataSource -        getConnection:109  - INFO  - [] - HikariPool-1 - Starting...
2024-10-04 09:52:29,650 .zaxxer.hikari.pool.HikariPool -        checkFailFast:554  - INFO  - [] - HikariPool-1 - Added connection ConnectionID:1 ClientConnectionId: fae490aa-394a-4e3c-ba11-efba6d8cbf9e
2024-10-04 09:52:29,652 zaxxer.hikari.HikariDataSource -        getConnection:122  - INFO  - [] - HikariPool-1 - Start completed.
2024-10-04 09:52:30,267 .internal.JtaPlatformInitiator -      initiateService:59   - INFO  - [] - HHH000489: No JTA platform available (set 'hibernate.transaction.jta.platform' to enable JTA platform integration)
2024-10-04 09:52:30,269 tainerEntityManagerFactoryBean - EntityManagerFactory:437  - INFO  - [] - Initialized JPA EntityManagerFactory for persistence unit 'default'
2024-10-04 09:52:30,809 figuration$JpaWebConfiguration - gerInViewInterceptor:236  - WARN  - [] - spring.jpa.open-in-view is enabled by default. Therefore, database queries may be performed during view rendering. Explicitly configure spring.jpa.open-in-view to disable this warning
2024-10-04 09:52:30,980 tTemplateResolverConfiguration - mplateLocationExists:101  - WARN  - [] - Cannot find template location: classpath:/templates/ (please add some templates, check your Thymeleaf configuration, or set spring.thymeleaf.check-template-location=false)
2024-10-04 09:52:31,112 oyote.http11.Http11NioProtocol -                  log:173  - INFO  - [] - Starting ProtocolHandler ["http-nio-8080"]
2024-10-04 09:52:31,123 mbedded.tomcat.TomcatWebServer -                start:243  - INFO  - [] - Tomcat started on port 8080 (http) with context path '/vnpay'
2024-10-04 09:52:31,131 .bank_demo.BankDemoApplication -           logStarted:56   - INFO  - [] - Started BankDemoApplication in 3.518 seconds (process running for 3.947)
2024-10-04 09:52:35,420 .[Tomcat].[localhost].[/vnpay] -                  log:173  - INFO  - [] - Initializing Spring DispatcherServlet 'dispatcherServlet'
2024-10-04 09:52:35,421 .web.servlet.DispatcherServlet -      initServletBean:532  - INFO  - [] - Initializing Servlet 'dispatcherServlet'
2024-10-04 09:52:35,421 .web.servlet.DispatcherServlet -      initServletBean:554  - INFO  - [] - Completed initialization in 0 ms
2024-10-04 09:52:35,544 mo.service.impl.PayServiceImpl -        createPayment:39   - INFO  - [] - Begin create-payment: {
  "tokenKey": "CfIzv2r371GX7u89Zp-R0QWFk_tnsQwws9-xHKDxs0Q\u003d",
  "apiId": "restPayment",
  "mobile": "0345225630",
  "bankCode": "98765432",
  "privateKey": "87654321",
  "accountNo": "0001100014211002",
  "payDate": "20230918124530",
  "additionalData": "11",
  "debitAmount": 11300,
  "respCode": "00",
  "respDesc": "SUCCESS",
  "traceTransfer": "FT19310RH6P1",
  "messageType": "1",
  "checkSum": "a66f9c27ddc8bee82c50b5603cbb861eae7b3c26e7a5a75047268058898c7f41",
  "orderCode": "FT19310RH6P1",
  "userName": "cntest001",
  "realAmount": 11200,
  "promotionCode": "ABCXYZ",
  "addValue": "{\"payMethod\":\"01\",\"payMethodMMS\":1}"
}
2024-10-04 09:52:35,923 ay.bank_demo.util.CheckSumUtil -    calculateCheckSum:26   - INFO  - [] - Checksum: 65721c342a3d4be1273fdb802cdad93c2159eaecb52e330b80e81600223fece2
2024-10-04 09:53:42,265 mo.service.impl.PayServiceImpl -        createPayment:39   - INFO  - [] - Begin create-payment: {
  "tokenKey": "M1_LJuHRmdCGfw0F3bDACc3XIRSvkYHMkFKKPDlLtr0\u003d",
  "apiId": "restPayment",
  "mobile": "0345225630",
  "bankCode": "98765432",
  "privateKey": "87654321",
  "accountNo": "0001100014211002",
  "payDate": "20230918124530",
  "additionalData": "11",
  "debitAmount": 11300,
  "respCode": "00",
  "respDesc": "SUCCESS",
  "traceTransfer": "FT19310RH6P1",
  "messageType": "1",
  "checkSum": "a66f9c27ddc8bee82c50b5603cbb861eae7b3c26e7a5a75047268058898c7f41",
  "orderCode": "FT19310RH6P1",
  "userName": "cntest001",
  "realAmount": 11200,
  "promotionCode": "ABCXYZ",
  "addValue": "{\"payMethod\":\"01\",\"payMethodMMS\":1}"
}
2024-10-04 09:53:42,267 ay.bank_demo.util.CheckSumUtil -    calculateCheckSum:26   - INFO  - [] - Checksum: 65721c342a3d4be1273fdb802cdad93c2159eaecb52e330b80e81600223fece2
2024-10-04 09:53:45,113 tainerEntityManagerFactoryBean -              destroy:650  - INFO  - [] - Closing JPA EntityManagerFactory for persistence unit 'default'
2024-10-04 09:53:45,116 zaxxer.hikari.HikariDataSource -                close:349  - INFO  - [] - HikariPool-1 - Shutdown initiated...
2024-10-04 09:53:45,121 zaxxer.hikari.HikariDataSource -                close:351  - INFO  - [] - HikariPool-1 - Shutdown completed.
2024-10-04 09:53:51,044 alidator.internal.util.Version -             <clinit>:21   - INFO  - [] - HV000001: Hibernate Validator 8.0.1.Final
2024-10-04 09:53:51,074 .bank_demo.BankDemoApplication -          logStarting:50   - INFO  - [] - Starting BankDemoApplication using Java 17.0.8.1 with PID 16392 (D:\VNPay\TTS\bank_demo\target\classes started by MSI in D:\VNPay\TTS\bank_demo)
2024-10-04 09:53:51,075 .bank_demo.BankDemoApplication - ogStartupProfileInfo:654  - INFO  - [] - No active profile set, falling back to 1 default profile: "default"
2024-10-04 09:53:51,622 epositoryConfigurationDelegate - ltipleStoresDetected:295  - INFO  - [] - Multiple Spring Data modules found, entering strict repository configuration mode
2024-10-04 09:53:51,623 epositoryConfigurationDelegate - gisterRepositoriesIn:143  - INFO  - [] - Bootstrapping Spring Data JPA repositories in DEFAULT mode.
2024-10-04 09:53:51,730 epositoryConfigurationDelegate - gisterRepositoriesIn:211  - INFO  - [] - Finished Spring Data repository scanning in 102 ms. Found 2 JPA repository interfaces.
2024-10-04 09:53:51,740 epositoryConfigurationDelegate - ltipleStoresDetected:295  - INFO  - [] - Multiple Spring Data modules found, entering strict repository configuration mode
2024-10-04 09:53:51,741 epositoryConfigurationDelegate - gisterRepositoriesIn:143  - INFO  - [] - Bootstrapping Spring Data Redis repositories in DEFAULT mode.
2024-10-04 09:53:51,753 yConfigurationExtensionSupport - tRepositoryCandidate:320  - INFO  - [] - Spring Data Redis - Could not safely identify store assignment for repository candidate interface vn.vnpay.bank_demo.repository.PaymentRepository; If you want this repository to be a Redis repository, consider annotating your entities with one of these annotations: org.springframework.data.redis.core.RedisHash (preferred), or consider extending one of the following types with your repository: org.springframework.data.keyvalue.repository.KeyValueRepository
2024-10-04 09:53:51,753 yConfigurationExtensionSupport - tRepositoryCandidate:320  - INFO  - [] - Spring Data Redis - Could not safely identify store assignment for repository candidate interface vn.vnpay.bank_demo.repository.UsersRepository; If you want this repository to be a Redis repository, consider annotating your entities with one of these annotations: org.springframework.data.redis.core.RedisHash (preferred), or consider extending one of the following types with your repository: org.springframework.data.keyvalue.repository.KeyValueRepository
2024-10-04 09:53:51,753 epositoryConfigurationDelegate - gisterRepositoriesIn:211  - INFO  - [] - Finished Spring Data repository scanning in 7 ms. Found 0 Redis repository interfaces.
2024-10-04 09:53:52,143 mbedded.tomcat.TomcatWebServer -           initialize:111  - INFO  - [] - Tomcat initialized with port 8080 (http)
2024-10-04 09:53:52,149 oyote.http11.Http11NioProtocol -                  log:173  - INFO  - [] - Initializing ProtocolHandler ["http-nio-8080"]
2024-10-04 09:53:52,151 .catalina.core.StandardService -                  log:173  - INFO  - [] - Starting service [Tomcat]
2024-10-04 09:53:52,151 e.catalina.core.StandardEngine -                  log:173  - INFO  - [] - Starting Servlet engine: [Apache Tomcat/10.1.28]
2024-10-04 09:53:52,199 .[Tomcat].[localhost].[/vnpay] -                  log:173  - INFO  - [] - Initializing Spring embedded WebApplicationContext
2024-10-04 09:53:52,200 letWebServerApplicationContext - ebApplicationContext:296  - INFO  - [] - Root WebApplicationContext: initialization completed in 1093 ms
2024-10-04 09:53:52,341 te.jpa.internal.util.LogHelper - tenceUnitInformation:31   - INFO  - [] - HHH000204: Processing PersistenceUnitInfo [name: default]
2024-10-04 09:53:52,379 org.hibernate.Version          -           logVersion:44   - INFO  - [] - HHH000412: Hibernate ORM core version 6.5.2.Final
2024-10-04 09:53:52,405 nternal.RegionFactoryInitiator -      initiateService:50   - INFO  - [] - HHH000026: Second-level cache disabled
2024-10-04 09:53:52,614 unit.SpringPersistenceUnitInfo -       addTransformer:87   - INFO  - [] - No LoadTimeWeaver setup: ignoring JPA class transformer
2024-10-04 09:53:52,634 zaxxer.hikari.HikariDataSource -        getConnection:109  - INFO  - [] - HikariPool-1 - Starting...
2024-10-04 09:53:52,821 .zaxxer.hikari.pool.HikariPool -        checkFailFast:554  - INFO  - [] - HikariPool-1 - Added connection ConnectionID:1 ClientConnectionId: af091cb8-555f-485e-b6e5-eb323ca3095d
2024-10-04 09:53:52,822 zaxxer.hikari.HikariDataSource -        getConnection:122  - INFO  - [] - HikariPool-1 - Start completed.
2024-10-04 09:53:53,493 .internal.JtaPlatformInitiator -      initiateService:59   - INFO  - [] - HHH000489: No JTA platform available (set 'hibernate.transaction.jta.platform' to enable JTA platform integration)
2024-10-04 09:53:53,495 tainerEntityManagerFactoryBean - EntityManagerFactory:437  - INFO  - [] - Initialized JPA EntityManagerFactory for persistence unit 'default'
2024-10-04 09:53:54,158 figuration$JpaWebConfiguration - gerInViewInterceptor:236  - WARN  - [] - spring.jpa.open-in-view is enabled by default. Therefore, database queries may be performed during view rendering. Explicitly configure spring.jpa.open-in-view to disable this warning
2024-10-04 09:53:54,345 tTemplateResolverConfiguration - mplateLocationExists:101  - WARN  - [] - Cannot find template location: classpath:/templates/ (please add some templates, check your Thymeleaf configuration, or set spring.thymeleaf.check-template-location=false)
2024-10-04 09:53:54,480 oyote.http11.Http11NioProtocol -                  log:173  - INFO  - [] - Starting ProtocolHandler ["http-nio-8080"]
2024-10-04 09:53:54,494 mbedded.tomcat.TomcatWebServer -                start:243  - INFO  - [] - Tomcat started on port 8080 (http) with context path '/vnpay'
2024-10-04 09:53:54,501 .bank_demo.BankDemoApplication -           logStarted:56   - INFO  - [] - Started BankDemoApplication in 3.833 seconds (process running for 4.355)
2024-10-04 09:53:59,193 .[Tomcat].[localhost].[/vnpay] -                  log:173  - INFO  - [] - Initializing Spring DispatcherServlet 'dispatcherServlet'
2024-10-04 09:53:59,194 .web.servlet.DispatcherServlet -      initServletBean:532  - INFO  - [] - Initializing Servlet 'dispatcherServlet'
2024-10-04 09:53:59,195 .web.servlet.DispatcherServlet -      initServletBean:554  - INFO  - [] - Completed initialization in 1 ms
2024-10-04 09:54:01,270 mo.service.impl.PayServiceImpl -        createPayment:39   - INFO  - [] - Begin create-payment: {
  "tokenKey": "M1_LJuHRmdCGfw0F3bDACc3XIRSvkYHMkFKKPDlLtr0\u003d",
  "apiId": "restPayment",
  "mobile": "0345225630",
  "bankCode": "98765432",
  "privateKey": "87654321",
  "accountNo": "0001100014211002",
  "payDate": "20230918124530",
  "additionalData": "11",
  "debitAmount": 11300,
  "respCode": "00",
  "respDesc": "SUCCESS",
  "traceTransfer": "FT19310RH6P1",
  "messageType": "1",
  "checkSum": "a66f9c27ddc8bee82c50b5603cbb861eae7b3c26e7a5a75047268058898c7f41",
  "orderCode": "FT19310RH6P1",
  "userName": "cntest001",
  "realAmount": 11200,
  "promotionCode": "ABCXYZ",
  "addValue": "{\"payMethod\":\"01\",\"payMethodMMS\":1}"
}
2024-10-04 09:54:01,684 ay.bank_demo.util.CheckSumUtil -    calculateCheckSum:26   - INFO  - [] - Checksum: 65721c342a3d4be1273fdb802cdad93c2159eaecb52e330b80e81600223fece2
2024-10-04 09:54:11,115 mo.service.impl.PayServiceImpl -        createPayment:39   - INFO  - [] - Begin create-payment: {
  "tokenKey": "M1_LJuHRmdCGfw0F3bDACc3XIRSvkYHMkFKKPDlLtr0\u003d",
  "apiId": "restPayment",
  "mobile": "0345225630",
  "bankCode": "98765432",
  "privateKey": "87654321",
  "accountNo": "0001100014211002",
  "payDate": "20230918124530",
  "additionalData": "11",
  "debitAmount": 11300,
  "respCode": "00",
  "respDesc": "SUCCESS",
  "traceTransfer": "FT19310RH6P1",
  "messageType": "1",
  "checkSum": "a66f9c27ddc8bee82c50b5603cbb861eae7b3c26e7a5a75047268058898c7f41",
  "orderCode": "FT19310RH6P1",
  "userName": "cntest001",
  "realAmount": 11200,
  "promotionCode": "ABCXYZ",
  "addValue": "{\"payMethod\":\"01\",\"payMethodMMS\":1}"
}
2024-10-04 09:54:51,837 ay.bank_demo.util.CheckSumUtil -    calculateCheckSum:26   - INFO  - [] - Checksum: 65721c342a3d4be1273fdb802cdad93c2159eaecb52e330b80e81600223fece2
2024-10-04 09:57:26,380 tainerEntityManagerFactoryBean -              destroy:650  - INFO  - [] - Closing JPA EntityManagerFactory for persistence unit 'default'
2024-10-04 09:57:26,382 zaxxer.hikari.HikariDataSource -                close:349  - INFO  - [] - HikariPool-1 - Shutdown initiated...
2024-10-04 09:57:26,387 zaxxer.hikari.HikariDataSource -                close:351  - INFO  - [] - HikariPool-1 - Shutdown completed.
2024-10-04 09:59:43,985 alidator.internal.util.Version -             <clinit>:21   - INFO  - [] - HV000001: Hibernate Validator 8.0.1.Final
2024-10-04 09:59:44,015 .bank_demo.BankDemoApplication -          logStarting:50   - INFO  - [] - Starting BankDemoApplication using Java 17.0.8.1 with PID 21404 (D:\VNPay\TTS\bank_demo\target\classes started by MSI in D:\VNPay\TTS\bank_demo)
2024-10-04 09:59:44,015 .bank_demo.BankDemoApplication - ogStartupProfileInfo:654  - INFO  - [] - No active profile set, falling back to 1 default profile: "default"
2024-10-04 09:59:44,555 epositoryConfigurationDelegate - ltipleStoresDetected:295  - INFO  - [] - Multiple Spring Data modules found, entering strict repository configuration mode
2024-10-04 09:59:44,556 epositoryConfigurationDelegate - gisterRepositoriesIn:143  - INFO  - [] - Bootstrapping Spring Data JPA repositories in DEFAULT mode.
2024-10-04 09:59:44,660 epositoryConfigurationDelegate - gisterRepositoriesIn:211  - INFO  - [] - Finished Spring Data repository scanning in 98 ms. Found 2 JPA repository interfaces.
2024-10-04 09:59:44,669 epositoryConfigurationDelegate - ltipleStoresDetected:295  - INFO  - [] - Multiple Spring Data modules found, entering strict repository configuration mode
2024-10-04 09:59:44,670 epositoryConfigurationDelegate - gisterRepositoriesIn:143  - INFO  - [] - Bootstrapping Spring Data Redis repositories in DEFAULT mode.
2024-10-04 09:59:44,682 yConfigurationExtensionSupport - tRepositoryCandidate:320  - INFO  - [] - Spring Data Redis - Could not safely identify store assignment for repository candidate interface vn.vnpay.bank_demo.repository.PaymentRepository; If you want this repository to be a Redis repository, consider annotating your entities with one of these annotations: org.springframework.data.redis.core.RedisHash (preferred), or consider extending one of the following types with your repository: org.springframework.data.keyvalue.repository.KeyValueRepository
2024-10-04 09:59:44,682 yConfigurationExtensionSupport - tRepositoryCandidate:320  - INFO  - [] - Spring Data Redis - Could not safely identify store assignment for repository candidate interface vn.vnpay.bank_demo.repository.UsersRepository; If you want this repository to be a Redis repository, consider annotating your entities with one of these annotations: org.springframework.data.redis.core.RedisHash (preferred), or consider extending one of the following types with your repository: org.springframework.data.keyvalue.repository.KeyValueRepository
2024-10-04 09:59:44,682 epositoryConfigurationDelegate - gisterRepositoriesIn:211  - INFO  - [] - Finished Spring Data repository scanning in 6 ms. Found 0 Redis repository interfaces.
2024-10-04 09:59:45,041 mbedded.tomcat.TomcatWebServer -           initialize:111  - INFO  - [] - Tomcat initialized with port 8080 (http)
2024-10-04 09:59:45,050 oyote.http11.Http11NioProtocol -                  log:173  - INFO  - [] - Initializing ProtocolHandler ["http-nio-8080"]
2024-10-04 09:59:45,052 .catalina.core.StandardService -                  log:173  - INFO  - [] - Starting service [Tomcat]
2024-10-04 09:59:45,053 e.catalina.core.StandardEngine -                  log:173  - INFO  - [] - Starting Servlet engine: [Apache Tomcat/10.1.28]
2024-10-04 09:59:45,094 .[Tomcat].[localhost].[/vnpay] -                  log:173  - INFO  - [] - Initializing Spring embedded WebApplicationContext
2024-10-04 09:59:45,094 letWebServerApplicationContext - ebApplicationContext:296  - INFO  - [] - Root WebApplicationContext: initialization completed in 1050 ms
2024-10-04 09:59:45,227 te.jpa.internal.util.LogHelper - tenceUnitInformation:31   - INFO  - [] - HHH000204: Processing PersistenceUnitInfo [name: default]
2024-10-04 09:59:45,261 org.hibernate.Version          -           logVersion:44   - INFO  - [] - HHH000412: Hibernate ORM core version 6.5.2.Final
2024-10-04 09:59:45,286 nternal.RegionFactoryInitiator -      initiateService:50   - INFO  - [] - HHH000026: Second-level cache disabled
2024-10-04 09:59:45,472 unit.SpringPersistenceUnitInfo -       addTransformer:87   - INFO  - [] - No LoadTimeWeaver setup: ignoring JPA class transformer
2024-10-04 09:59:45,490 zaxxer.hikari.HikariDataSource -        getConnection:109  - INFO  - [] - HikariPool-1 - Starting...
2024-10-04 09:59:45,653 .zaxxer.hikari.pool.HikariPool -        checkFailFast:554  - INFO  - [] - HikariPool-1 - Added connection ConnectionID:1 ClientConnectionId: e1ec8197-1764-4811-8188-550543dfb1d3
2024-10-04 09:59:45,655 zaxxer.hikari.HikariDataSource -        getConnection:122  - INFO  - [] - HikariPool-1 - Start completed.
2024-10-04 09:59:46,278 .internal.JtaPlatformInitiator -      initiateService:59   - INFO  - [] - HHH000489: No JTA platform available (set 'hibernate.transaction.jta.platform' to enable JTA platform integration)
2024-10-04 09:59:46,279 tainerEntityManagerFactoryBean - EntityManagerFactory:437  - INFO  - [] - Initialized JPA EntityManagerFactory for persistence unit 'default'
2024-10-04 09:59:46,822 figuration$JpaWebConfiguration - gerInViewInterceptor:236  - WARN  - [] - spring.jpa.open-in-view is enabled by default. Therefore, database queries may be performed during view rendering. Explicitly configure spring.jpa.open-in-view to disable this warning
2024-10-04 09:59:46,990 tTemplateResolverConfiguration - mplateLocationExists:101  - WARN  - [] - Cannot find template location: classpath:/templates/ (please add some templates, check your Thymeleaf configuration, or set spring.thymeleaf.check-template-location=false)
2024-10-04 09:59:47,111 oyote.http11.Http11NioProtocol -                  log:173  - INFO  - [] - Starting ProtocolHandler ["http-nio-8080"]
2024-10-04 09:59:47,124 mbedded.tomcat.TomcatWebServer -                start:243  - INFO  - [] - Tomcat started on port 8080 (http) with context path '/vnpay'
2024-10-04 09:59:47,132 .bank_demo.BankDemoApplication -           logStarted:56   - INFO  - [] - Started BankDemoApplication in 3.477 seconds (process running for 3.899)
2024-10-04 10:00:14,225 .[Tomcat].[localhost].[/vnpay] -                  log:173  - INFO  - [] - Initializing Spring DispatcherServlet 'dispatcherServlet'
2024-10-04 10:00:14,226 .web.servlet.DispatcherServlet -      initServletBean:532  - INFO  - [] - Initializing Servlet 'dispatcherServlet'
2024-10-04 10:00:14,227 .web.servlet.DispatcherServlet -      initServletBean:554  - INFO  - [] - Completed initialization in 1 ms
2024-10-04 10:00:14,352 mo.service.impl.PayServiceImpl -        createPayment:37   - INFO  - [] - Begin create-payment: {
  "tokenKey": "M1_LJuHRmdCGfw0F3bDACc3XIRSvkYHMkFKKPDlLtr0\u003d",
  "apiId": "restPayment",
  "mobile": "0345225630",
  "bankCode": "98765432",
  "privateKey": "87654321",
  "accountNo": "0001100014211002",
  "payDate": "20230918124530",
  "additionalData": "11",
  "debitAmount": 11300,
  "respCode": "00",
  "respDesc": "SUCCESS",
  "traceTransfer": "FT19310RH6P1",
  "messageType": "1",
  "checkSum": "a66f9c27ddc8bee82c50b5603cbb861eae7b3c26e7a5a75047268058898c7f41",
  "orderCode": "FT19310RH6P1",
  "userName": "cntest001",
  "realAmount": 11200,
  "promotionCode": "ABCXYZ",
  "addValue": "{\"payMethod\":\"01\",\"payMethodMMS\":1}"
}
2024-10-04 10:00:14,757 mo.service.impl.PayServiceImpl -     validateTokenKey:73   - INFO  - [] - Expiration time: 50385
2024-10-04 10:00:14,763 ay.bank_demo.util.CheckSumUtil -    calculateCheckSum:26   - INFO  - [] - Checksum: a66f9c27ddc8bee82c50b5603cbb861eae7b3c26e7a5a75047268058898c7f41
2024-10-04 10:00:14,763 mo.service.impl.PayServiceImpl -     validateCheckSum:116  - INFO  - [] - Checksum request: a66f9c27ddc8bee82c50b5603cbb861eae7b3c26e7a5a75047268058898c7f41
2024-10-04 10:00:14,767 ction.CachingConnectionFactory -      connectHostPort:682  - INFO  - [] - Attempting to connect to: 127.0.0.1:5672
2024-10-04 10:00:14,807 ction.CachingConnectionFactory - createBareConnection:608  - INFO  - [] - Created new connection: connectionFactory#4c131823:0/SimpleConnection@12634e19 [delegate=amqp://guest@127.0.0.1:5672/, localPort=50992]
2024-10-04 10:00:14,816 k.amqp.rabbit.core.RabbitAdmin -           initialize:686  - INFO  - [] - Auto-declaring a non-durable, auto-delete, or exclusive Queue (myQueue) durable:false, auto-delete:false, exclusive:false. It will be redeclared if the broker stops and is restarted while the connection factory is alive, but all messages will be lost.
2024-10-04 10:00:14,844 eplyToMessageListenerContainer -          actualStart:471  - INFO  - [] - Container initialized for queues: [amq.rabbitmq.reply-to]
2024-10-04 10:00:14,852 eplyToMessageListenerContainer -   doConsumeFromQueue:769  - INFO  - [] - SimpleConsumer [queue=amq.rabbitmq.reply-to, index=0, consumerTag=amq.ctag-_GuNBiFUXwt1agOZojG-Pg identity=663ad9de] started
2024-10-04 10:00:19,862 mo.service.impl.PayServiceImpl -        createPayment:55   - INFO  - [] - Response Code RabbitMQ: null
2024-10-04 10:00:19,862 mo.service.impl.PayServiceImpl -        createPayment:62   - INFO  - [] - End create-payment: Success
2024-10-04 10:00:19,865 ay.bank_demo.util.CheckSumUtil -    calculateCheckSum:26   - INFO  - [] - Checksum: 14ce51ec0a699952f7ab4754054616cee1ee748c445fe44db7c9486bbefb8145
2024-10-04 10:00:19,865 ay.bank_demo.util.CheckSumUtil -    calculateCheckSum:26   - INFO  - [] - Checksum: 14ce51ec0a699952f7ab4754054616cee1ee748c445fe44db7c9486bbefb8145
2024-10-04 10:00:52,100 mo.service.impl.PayServiceImpl -        createPayment:37   - INFO  - [] - Begin create-payment: {
  "tokenKey": "M1_LJuHRmdCGfw0F3bDACc3XIRSvkYHMkFKKPDlLtr0\u003d",
  "apiId": "restPayment",
  "mobile": "0345225630",
  "bankCode": "98765432",
  "privateKey": "87654321",
  "accountNo": "0001100014211002",
  "payDate": "20230918124530",
  "additionalData": "11",
  "debitAmount": 11300,
  "respCode": "00",
  "respDesc": "SUCCESS",
  "traceTransfer": "FT19310RH6P1",
  "messageType": "1",
  "checkSum": "a66f9c27ddc8bee82c50b5603cbb861eae7b3c26e7a5a75047268058898c7f41",
  "orderCode": "FT19310RH6P1",
  "userName": "cntest001",
  "realAmount": 11200,
  "promotionCode": "ABCXYZ",
  "addValue": "{\"payMethod\":\"01\",\"payMethodMMS\":1}"
}
2024-10-04 10:00:52,101 mo.service.impl.PayServiceImpl -     validateTokenKey:68   - INFO  - [] - TokenKey is duplicated
2024-10-04 10:00:52,103 ay.bank_demo.util.CheckSumUtil -    calculateCheckSum:26   - INFO  - [] - Checksum: bbd828e0ea123d9fdd987204d876ff34a4ca1044c7f1588c942ae727c3ece992
2024-10-04 10:00:52,103 ception.GlobalExceptionHandler -    handlingException:29   - ERROR - [] - TokenKey is duplicated
2024-10-04 10:01:20,633 eplyToMessageListenerContainer - nAndWaitOrCallback$7:871  - INFO  - [] - Successfully waited for consumers to finish.
2024-10-04 10:01:20,639 tainerEntityManagerFactoryBean -              destroy:650  - INFO  - [] - Closing JPA EntityManagerFactory for persistence unit 'default'
2024-10-04 10:01:20,641 zaxxer.hikari.HikariDataSource -                close:349  - INFO  - [] - HikariPool-1 - Shutdown initiated...
2024-10-04 10:01:20,644 zaxxer.hikari.HikariDataSource -                close:351  - INFO  - [] - HikariPool-1 - Shutdown completed.
2024-10-04 10:01:44,912 alidator.internal.util.Version -             <clinit>:21   - INFO  - [] - HV000001: Hibernate Validator 8.0.1.Final
2024-10-04 10:01:44,941 .bank_demo.BankDemoApplication -          logStarting:50   - INFO  - [] - Starting BankDemoApplication using Java 17.0.8.1 with PID 6440 (D:\VNPay\TTS\bank_demo\target\classes started by MSI in D:\VNPay\TTS\bank_demo)
2024-10-04 10:01:44,942 .bank_demo.BankDemoApplication - ogStartupProfileInfo:654  - INFO  - [] - No active profile set, falling back to 1 default profile: "default"
2024-10-04 10:01:45,469 epositoryConfigurationDelegate - ltipleStoresDetected:295  - INFO  - [] - Multiple Spring Data modules found, entering strict repository configuration mode
2024-10-04 10:01:45,471 epositoryConfigurationDelegate - gisterRepositoriesIn:143  - INFO  - [] - Bootstrapping Spring Data JPA repositories in DEFAULT mode.
2024-10-04 10:01:45,571 epositoryConfigurationDelegate - gisterRepositoriesIn:211  - INFO  - [] - Finished Spring Data repository scanning in 96 ms. Found 2 JPA repository interfaces.
2024-10-04 10:01:45,584 epositoryConfigurationDelegate - ltipleStoresDetected:295  - INFO  - [] - Multiple Spring Data modules found, entering strict repository configuration mode
2024-10-04 10:01:45,585 epositoryConfigurationDelegate - gisterRepositoriesIn:143  - INFO  - [] - Bootstrapping Spring Data Redis repositories in DEFAULT mode.
2024-10-04 10:01:45,597 yConfigurationExtensionSupport - tRepositoryCandidate:320  - INFO  - [] - Spring Data Redis - Could not safely identify store assignment for repository candidate interface vn.vnpay.bank_demo.repository.PaymentRepository; If you want this repository to be a Redis repository, consider annotating your entities with one of these annotations: org.springframework.data.redis.core.RedisHash (preferred), or consider extending one of the following types with your repository: org.springframework.data.keyvalue.repository.KeyValueRepository
2024-10-04 10:01:45,598 yConfigurationExtensionSupport - tRepositoryCandidate:320  - INFO  - [] - Spring Data Redis - Could not safely identify store assignment for repository candidate interface vn.vnpay.bank_demo.repository.UsersRepository; If you want this repository to be a Redis repository, consider annotating your entities with one of these annotations: org.springframework.data.redis.core.RedisHash (preferred), or consider extending one of the following types with your repository: org.springframework.data.keyvalue.repository.KeyValueRepository
2024-10-04 10:01:45,598 epositoryConfigurationDelegate - gisterRepositoriesIn:211  - INFO  - [] - Finished Spring Data repository scanning in 7 ms. Found 0 Redis repository interfaces.
2024-10-04 10:01:46,028 mbedded.tomcat.TomcatWebServer -           initialize:111  - INFO  - [] - Tomcat initialized with port 8080 (http)
2024-10-04 10:01:46,042 oyote.http11.Http11NioProtocol -                  log:173  - INFO  - [] - Initializing ProtocolHandler ["http-nio-8080"]
2024-10-04 10:01:46,044 .catalina.core.StandardService -                  log:173  - INFO  - [] - Starting service [Tomcat]
2024-10-04 10:01:46,045 e.catalina.core.StandardEngine -                  log:173  - INFO  - [] - Starting Servlet engine: [Apache Tomcat/10.1.28]
2024-10-04 10:01:46,089 .[Tomcat].[localhost].[/vnpay] -                  log:173  - INFO  - [] - Initializing Spring embedded WebApplicationContext
2024-10-04 10:01:46,090 letWebServerApplicationContext - ebApplicationContext:296  - INFO  - [] - Root WebApplicationContext: initialization completed in 1119 ms
2024-10-04 10:01:46,241 te.jpa.internal.util.LogHelper - tenceUnitInformation:31   - INFO  - [] - HHH000204: Processing PersistenceUnitInfo [name: default]
2024-10-04 10:01:46,292 org.hibernate.Version          -           logVersion:44   - INFO  - [] - HHH000412: Hibernate ORM core version 6.5.2.Final
2024-10-04 10:01:46,322 nternal.RegionFactoryInitiator -      initiateService:50   - INFO  - [] - HHH000026: Second-level cache disabled
2024-10-04 10:01:46,532 unit.SpringPersistenceUnitInfo -       addTransformer:87   - INFO  - [] - No LoadTimeWeaver setup: ignoring JPA class transformer
2024-10-04 10:01:46,556 zaxxer.hikari.HikariDataSource -        getConnection:109  - INFO  - [] - HikariPool-1 - Starting...
2024-10-04 10:01:46,746 .zaxxer.hikari.pool.HikariPool -        checkFailFast:554  - INFO  - [] - HikariPool-1 - Added connection ConnectionID:1 ClientConnectionId: 9bc75e62-4764-477b-9667-4eb6232d9515
2024-10-04 10:01:46,747 zaxxer.hikari.HikariDataSource -        getConnection:122  - INFO  - [] - HikariPool-1 - Start completed.
2024-10-04 10:01:47,373 .internal.JtaPlatformInitiator -      initiateService:59   - INFO  - [] - HHH000489: No JTA platform available (set 'hibernate.transaction.jta.platform' to enable JTA platform integration)
2024-10-04 10:01:47,375 tainerEntityManagerFactoryBean - EntityManagerFactory:437  - INFO  - [] - Initialized JPA EntityManagerFactory for persistence unit 'default'
2024-10-04 10:01:47,968 figuration$JpaWebConfiguration - gerInViewInterceptor:236  - WARN  - [] - spring.jpa.open-in-view is enabled by default. Therefore, database queries may be performed during view rendering. Explicitly configure spring.jpa.open-in-view to disable this warning
2024-10-04 10:01:48,186 tTemplateResolverConfiguration - mplateLocationExists:101  - WARN  - [] - Cannot find template location: classpath:/templates/ (please add some templates, check your Thymeleaf configuration, or set spring.thymeleaf.check-template-location=false)
2024-10-04 10:01:48,337 oyote.http11.Http11NioProtocol -                  log:173  - INFO  - [] - Starting ProtocolHandler ["http-nio-8080"]
2024-10-04 10:01:48,351 mbedded.tomcat.TomcatWebServer -                start:243  - INFO  - [] - Tomcat started on port 8080 (http) with context path '/vnpay'
2024-10-04 10:01:48,358 .bank_demo.BankDemoApplication -           logStarted:56   - INFO  - [] - Started BankDemoApplication in 3.777 seconds (process running for 4.208)
2024-10-04 10:02:04,900 .[Tomcat].[localhost].[/vnpay] -                  log:173  - INFO  - [] - Initializing Spring DispatcherServlet 'dispatcherServlet'
2024-10-04 10:02:04,900 .web.servlet.DispatcherServlet -      initServletBean:532  - INFO  - [] - Initializing Servlet 'dispatcherServlet'
2024-10-04 10:02:04,901 .web.servlet.DispatcherServlet -      initServletBean:554  - INFO  - [] - Completed initialization in 1 ms
2024-10-04 10:02:05,016 mo.service.impl.PayServiceImpl -        createPayment:37   - INFO  - [] - Begin create-payment: {
  "tokenKey": "M1_LJuHRmdCGfw0F3bDACc3XIRSvkYHMkFKKPDlLtr0\u003d",
  "apiId": "restPayment",
  "mobile": "0345225630",
  "bankCode": "98765432",
  "privateKey": "87654321",
  "accountNo": "0001100014211002",
  "payDate": "20230918124530",
  "additionalData": "11",
  "debitAmount": 11300,
  "respCode": "00",
  "respDesc": "SUCCESS",
  "traceTransfer": "FT19310RH6P1",
  "messageType": "1",
  "checkSum": "a66f9c27ddc8bee82c50b5603cbb861eae7b3c26e7a5a75047268058898c7f41",
  "orderCode": "FT19310RH6P1",
  "userName": "cntest001",
  "realAmount": 11200,
  "promotionCode": "ABCXYZ",
  "addValue": "{\"payMethod\":\"01\",\"payMethodMMS\":1}"
}
2024-10-04 10:02:05,371 mo.service.impl.PayServiceImpl -     validateTokenKey:68   - INFO  - [] - TokenKey is duplicated
2024-10-04 10:02:05,374 ay.bank_demo.util.CheckSumUtil -    calculateCheckSum:26   - INFO  - [] - Checksum: bbd828e0ea123d9fdd987204d876ff34a4ca1044c7f1588c942ae727c3ece992
2024-10-04 10:04:00,395 tainerEntityManagerFactoryBean -              destroy:650  - INFO  - [] - Closing JPA EntityManagerFactory for persistence unit 'default'
2024-10-04 10:04:00,395 zaxxer.hikari.HikariDataSource -                close:349  - INFO  - [] - HikariPool-1 - Shutdown initiated...
2024-10-04 10:04:00,405 zaxxer.hikari.HikariDataSource -                close:351  - INFO  - [] - HikariPool-1 - Shutdown completed.
2024-10-04 10:08:55,341 alidator.internal.util.Version -             <clinit>:21   - INFO  - [] - HV000001: Hibernate Validator 8.0.1.Final
2024-10-04 10:08:55,374 .bank_demo.BankDemoApplication -          logStarting:50   - INFO  - [] - Starting BankDemoApplication using Java 17.0.8.1 with PID 6312 (D:\VNPay\TTS\bank_demo\target\classes started by MSI in D:\VNPay\TTS\bank_demo)
2024-10-04 10:08:55,375 .bank_demo.BankDemoApplication - ogStartupProfileInfo:654  - INFO  - [] - No active profile set, falling back to 1 default profile: "default"
2024-10-04 10:08:56,011 epositoryConfigurationDelegate - ltipleStoresDetected:295  - INFO  - [] - Multiple Spring Data modules found, entering strict repository configuration mode
2024-10-04 10:08:56,013 epositoryConfigurationDelegate - gisterRepositoriesIn:143  - INFO  - [] - Bootstrapping Spring Data JPA repositories in DEFAULT mode.
2024-10-04 10:08:56,134 epositoryConfigurationDelegate - gisterRepositoriesIn:211  - INFO  - [] - Finished Spring Data repository scanning in 116 ms. Found 2 JPA repository interfaces.
2024-10-04 10:08:56,147 epositoryConfigurationDelegate - ltipleStoresDetected:295  - INFO  - [] - Multiple Spring Data modules found, entering strict repository configuration mode
2024-10-04 10:08:56,148 epositoryConfigurationDelegate - gisterRepositoriesIn:143  - INFO  - [] - Bootstrapping Spring Data Redis repositories in DEFAULT mode.
2024-10-04 10:08:56,161 yConfigurationExtensionSupport - tRepositoryCandidate:320  - INFO  - [] - Spring Data Redis - Could not safely identify store assignment for repository candidate interface vn.vnpay.bank_demo.repository.PaymentRepository; If you want this repository to be a Redis repository, consider annotating your entities with one of these annotations: org.springframework.data.redis.core.RedisHash (preferred), or consider extending one of the following types with your repository: org.springframework.data.keyvalue.repository.KeyValueRepository
2024-10-04 10:08:56,162 yConfigurationExtensionSupport - tRepositoryCandidate:320  - INFO  - [] - Spring Data Redis - Could not safely identify store assignment for repository candidate interface vn.vnpay.bank_demo.repository.UsersRepository; If you want this repository to be a Redis repository, consider annotating your entities with one of these annotations: org.springframework.data.redis.core.RedisHash (preferred), or consider extending one of the following types with your repository: org.springframework.data.keyvalue.repository.KeyValueRepository
2024-10-04 10:08:56,162 epositoryConfigurationDelegate - gisterRepositoriesIn:211  - INFO  - [] - Finished Spring Data repository scanning in 6 ms. Found 0 Redis repository interfaces.
2024-10-04 10:08:56,581 mbedded.tomcat.TomcatWebServer -           initialize:111  - INFO  - [] - Tomcat initialized with port 8080 (http)
2024-10-04 10:08:56,588 oyote.http11.Http11NioProtocol -                  log:173  - INFO  - [] - Initializing ProtocolHandler ["http-nio-8080"]
2024-10-04 10:08:56,590 .catalina.core.StandardService -                  log:173  - INFO  - [] - Starting service [Tomcat]
2024-10-04 10:08:56,590 e.catalina.core.StandardEngine -                  log:173  - INFO  - [] - Starting Servlet engine: [Apache Tomcat/10.1.28]
2024-10-04 10:08:56,648 .[Tomcat].[localhost].[/vnpay] -                  log:173  - INFO  - [] - Initializing Spring embedded WebApplicationContext
2024-10-04 10:08:56,648 letWebServerApplicationContext - ebApplicationContext:296  - INFO  - [] - Root WebApplicationContext: initialization completed in 1225 ms
2024-10-04 10:08:56,790 te.jpa.internal.util.LogHelper - tenceUnitInformation:31   - INFO  - [] - HHH000204: Processing PersistenceUnitInfo [name: default]
2024-10-04 10:08:56,828 org.hibernate.Version          -           logVersion:44   - INFO  - [] - HHH000412: Hibernate ORM core version 6.5.2.Final
2024-10-04 10:08:56,855 nternal.RegionFactoryInitiator -      initiateService:50   - INFO  - [] - HHH000026: Second-level cache disabled
2024-10-04 10:08:57,058 unit.SpringPersistenceUnitInfo -       addTransformer:87   - INFO  - [] - No LoadTimeWeaver setup: ignoring JPA class transformer
2024-10-04 10:08:57,078 zaxxer.hikari.HikariDataSource -        getConnection:109  - INFO  - [] - HikariPool-1 - Starting...
2024-10-04 10:08:57,261 .zaxxer.hikari.pool.HikariPool -        checkFailFast:554  - INFO  - [] - HikariPool-1 - Added connection ConnectionID:1 ClientConnectionId: 18d7e24a-e7af-4462-bee5-03e742943ee4
2024-10-04 10:08:57,263 zaxxer.hikari.HikariDataSource -        getConnection:122  - INFO  - [] - HikariPool-1 - Start completed.
2024-10-04 10:08:57,938 .internal.JtaPlatformInitiator -      initiateService:59   - INFO  - [] - HHH000489: No JTA platform available (set 'hibernate.transaction.jta.platform' to enable JTA platform integration)
2024-10-04 10:08:57,941 tainerEntityManagerFactoryBean - EntityManagerFactory:437  - INFO  - [] - Initialized JPA EntityManagerFactory for persistence unit 'default'
2024-10-04 10:08:58,558 figuration$JpaWebConfiguration - gerInViewInterceptor:236  - WARN  - [] - spring.jpa.open-in-view is enabled by default. Therefore, database queries may be performed during view rendering. Explicitly configure spring.jpa.open-in-view to disable this warning
2024-10-04 10:08:58,748 tTemplateResolverConfiguration - mplateLocationExists:101  - WARN  - [] - Cannot find template location: classpath:/templates/ (please add some templates, check your Thymeleaf configuration, or set spring.thymeleaf.check-template-location=false)
2024-10-04 10:08:58,887 oyote.http11.Http11NioProtocol -                  log:173  - INFO  - [] - Starting ProtocolHandler ["http-nio-8080"]
2024-10-04 10:08:58,901 mbedded.tomcat.TomcatWebServer -                start:243  - INFO  - [] - Tomcat started on port 8080 (http) with context path '/vnpay'
2024-10-04 10:08:58,909 .bank_demo.BankDemoApplication -           logStarted:56   - INFO  - [] - Started BankDemoApplication in 4.026 seconds (process running for 4.579)
2024-10-04 10:09:13,227 .[Tomcat].[localhost].[/vnpay] -                  log:173  - INFO  - [] - Initializing Spring DispatcherServlet 'dispatcherServlet'
2024-10-04 10:09:13,228 .web.servlet.DispatcherServlet -      initServletBean:532  - INFO  - [] - Initializing Servlet 'dispatcherServlet'
2024-10-04 10:09:13,229 .web.servlet.DispatcherServlet -      initServletBean:554  - INFO  - [] - Completed initialization in 1 ms
2024-10-04 10:09:25,916 mo.service.impl.PayServiceImpl -        createPayment:37   - INFO  - [] - Begin create-payment: {
  "tokenKey": "gQxDkcp7RB2hGJso2zqtzQ-xJ-YCzCJJowAW27s3NRU\u003d",
  "apiId": "restPayment",
  "mobile": "0345225630",
  "bankCode": "98765432",
  "privateKey": "87654321",
  "accountNo": "0001100014211002",
  "payDate": "20230918124530",
  "additionalData": "11",
  "debitAmount": 11300,
  "respCode": "00",
  "respDesc": "SUCCESS",
  "traceTransfer": "FT19310RH6P1",
  "messageType": "1",
  "checkSum": "a66f9c27ddc8bee82c50b5603cbb861eae7b3c26e7a5a75047268058898c7f41",
  "orderCode": "FT19310RH6P1",
  "userName": "cntest001",
  "realAmount": 11200,
  "promotionCode": "ABCXYZ",
  "addValue": "{\"payMethod\":\"01\",\"payMethodMMS\":1}"
}
2024-10-04 10:09:26,322 mo.service.impl.PayServiceImpl -     validateTokenKey:73   - INFO  - [] - Expiration time: 49833
2024-10-04 10:09:32,248 ay.bank_demo.util.CheckSumUtil -    calculateCheckSum:26   - INFO  - [] - Checksum: a66f9c27ddc8bee82c50b5603cbb861eae7b3c26e7a5a75047268058898c7f41
2024-10-04 10:09:32,248 mo.service.impl.PayServiceImpl -     validateCheckSum:116  - INFO  - [] - Checksum request: a66f9c27ddc8bee82c50b5603cbb861eae7b3c26e7a5a75047268058898c7f41
2024-10-04 10:09:34,649 ction.CachingConnectionFactory -      connectHostPort:682  - INFO  - [] - Attempting to connect to: 127.0.0.1:5672
2024-10-04 10:09:34,757 ction.CachingConnectionFactory - createBareConnection:608  - INFO  - [] - Created new connection: connectionFactory#7d2d5625:0/SimpleConnection@7c3b3795 [delegate=amqp://guest@127.0.0.1:5672/, localPort=51158]
2024-10-04 10:09:34,816 k.amqp.rabbit.core.RabbitAdmin -           initialize:686  - INFO  - [] - Auto-declaring a non-durable, auto-delete, or exclusive Queue (myQueue) durable:false, auto-delete:false, exclusive:false. It will be redeclared if the broker stops and is restarted while the connection factory is alive, but all messages will be lost.
2024-10-04 10:09:34,969 eplyToMessageListenerContainer -          actualStart:471  - INFO  - [] - Container initialized for queues: [amq.rabbitmq.reply-to]
2024-10-04 10:09:34,997 eplyToMessageListenerContainer -   doConsumeFromQueue:769  - INFO  - [] - SimpleConsumer [queue=amq.rabbitmq.reply-to, index=0, consumerTag=amq.ctag-hZ5d6WTizmI0_2SdZpcFLg identity=1029108b] started
2024-10-04 10:09:47,528 mo.service.impl.PayServiceImpl -        createPayment:55   - INFO  - [] - Response Code RabbitMQ: null
2024-10-04 10:09:52,311 mo.service.impl.PayServiceImpl -        createPayment:62   - INFO  - [] - End create-payment: Success
2024-10-04 10:09:52,314 ay.bank_demo.util.CheckSumUtil -    calculateCheckSum:26   - INFO  - [] - Checksum: a6f965f7e278dc95c07a9df3b5a571e19fb9e7ee0e87117679a4d6b52d549f42
2024-10-04 10:09:52,314 ay.bank_demo.util.CheckSumUtil -    calculateCheckSum:26   - INFO  - [] - Checksum: a6f965f7e278dc95c07a9df3b5a571e19fb9e7ee0e87117679a4d6b52d549f42
2024-10-04 10:10:16,934 eplyToMessageListenerContainer - nAndWaitOrCallback$7:871  - INFO  - [] - Successfully waited for consumers to finish.
2024-10-04 10:10:16,941 tainerEntityManagerFactoryBean -              destroy:650  - INFO  - [] - Closing JPA EntityManagerFactory for persistence unit 'default'
2024-10-04 10:10:16,942 zaxxer.hikari.HikariDataSource -                close:349  - INFO  - [] - HikariPool-1 - Shutdown initiated...
2024-10-04 10:10:16,947 zaxxer.hikari.HikariDataSource -                close:351  - INFO  - [] - HikariPool-1 - Shutdown completed.
2024-10-04 10:10:21,587 alidator.internal.util.Version -             <clinit>:21   - INFO  - [] - HV000001: Hibernate Validator 8.0.1.Final
2024-10-04 10:10:21,618 .bank_demo.BankDemoApplication -          logStarting:50   - INFO  - [] - Starting BankDemoApplication using Java 17.0.8.1 with PID 16472 (D:\VNPay\TTS\bank_demo\target\classes started by MSI in D:\VNPay\TTS\bank_demo)
2024-10-04 10:10:21,618 .bank_demo.BankDemoApplication - ogStartupProfileInfo:654  - INFO  - [] - No active profile set, falling back to 1 default profile: "default"
2024-10-04 10:10:22,212 epositoryConfigurationDelegate - ltipleStoresDetected:295  - INFO  - [] - Multiple Spring Data modules found, entering strict repository configuration mode
2024-10-04 10:10:22,214 epositoryConfigurationDelegate - gisterRepositoriesIn:143  - INFO  - [] - Bootstrapping Spring Data JPA repositories in DEFAULT mode.
2024-10-04 10:10:22,330 epositoryConfigurationDelegate - gisterRepositoriesIn:211  - INFO  - [] - Finished Spring Data repository scanning in 110 ms. Found 2 JPA repository interfaces.
2024-10-04 10:10:22,342 epositoryConfigurationDelegate - ltipleStoresDetected:295  - INFO  - [] - Multiple Spring Data modules found, entering strict repository configuration mode
2024-10-04 10:10:22,343 epositoryConfigurationDelegate - gisterRepositoriesIn:143  - INFO  - [] - Bootstrapping Spring Data Redis repositories in DEFAULT mode.
2024-10-04 10:10:22,356 yConfigurationExtensionSupport - tRepositoryCandidate:320  - INFO  - [] - Spring Data Redis - Could not safely identify store assignment for repository candidate interface vn.vnpay.bank_demo.repository.PaymentRepository; If you want this repository to be a Redis repository, consider annotating your entities with one of these annotations: org.springframework.data.redis.core.RedisHash (preferred), or consider extending one of the following types with your repository: org.springframework.data.keyvalue.repository.KeyValueRepository
2024-10-04 10:10:22,357 yConfigurationExtensionSupport - tRepositoryCandidate:320  - INFO  - [] - Spring Data Redis - Could not safely identify store assignment for repository candidate interface vn.vnpay.bank_demo.repository.UsersRepository; If you want this repository to be a Redis repository, consider annotating your entities with one of these annotations: org.springframework.data.redis.core.RedisHash (preferred), or consider extending one of the following types with your repository: org.springframework.data.keyvalue.repository.KeyValueRepository
2024-10-04 10:10:22,357 epositoryConfigurationDelegate - gisterRepositoriesIn:211  - INFO  - [] - Finished Spring Data repository scanning in 8 ms. Found 0 Redis repository interfaces.
2024-10-04 10:10:22,774 mbedded.tomcat.TomcatWebServer -           initialize:111  - INFO  - [] - Tomcat initialized with port 8080 (http)
2024-10-04 10:10:22,782 oyote.http11.Http11NioProtocol -                  log:173  - INFO  - [] - Initializing ProtocolHandler ["http-nio-8080"]
2024-10-04 10:10:22,784 .catalina.core.StandardService -                  log:173  - INFO  - [] - Starting service [Tomcat]
2024-10-04 10:10:22,784 e.catalina.core.StandardEngine -                  log:173  - INFO  - [] - Starting Servlet engine: [Apache Tomcat/10.1.28]
2024-10-04 10:10:22,832 .[Tomcat].[localhost].[/vnpay] -                  log:173  - INFO  - [] - Initializing Spring embedded WebApplicationContext
2024-10-04 10:10:22,832 letWebServerApplicationContext - ebApplicationContext:296  - INFO  - [] - Root WebApplicationContext: initialization completed in 1180 ms
2024-10-04 10:10:22,980 te.jpa.internal.util.LogHelper - tenceUnitInformation:31   - INFO  - [] - HHH000204: Processing PersistenceUnitInfo [name: default]
2024-10-04 10:10:23,022 org.hibernate.Version          -           logVersion:44   - INFO  - [] - HHH000412: Hibernate ORM core version 6.5.2.Final
2024-10-04 10:10:23,046 nternal.RegionFactoryInitiator -      initiateService:50   - INFO  - [] - HHH000026: Second-level cache disabled
2024-10-04 10:10:23,251 unit.SpringPersistenceUnitInfo -       addTransformer:87   - INFO  - [] - No LoadTimeWeaver setup: ignoring JPA class transformer
2024-10-04 10:10:23,270 zaxxer.hikari.HikariDataSource -        getConnection:109  - INFO  - [] - HikariPool-1 - Starting...
2024-10-04 10:10:23,463 .zaxxer.hikari.pool.HikariPool -        checkFailFast:554  - INFO  - [] - HikariPool-1 - Added connection ConnectionID:1 ClientConnectionId: bfada09d-c6c8-4b0a-a885-870b50dda750
2024-10-04 10:10:23,465 zaxxer.hikari.HikariDataSource -        getConnection:122  - INFO  - [] - HikariPool-1 - Start completed.
2024-10-04 10:10:24,168 .internal.JtaPlatformInitiator -      initiateService:59   - INFO  - [] - HHH000489: No JTA platform available (set 'hibernate.transaction.jta.platform' to enable JTA platform integration)
2024-10-04 10:10:24,171 tainerEntityManagerFactoryBean - EntityManagerFactory:437  - INFO  - [] - Initialized JPA EntityManagerFactory for persistence unit 'default'
2024-10-04 10:10:24,774 figuration$JpaWebConfiguration - gerInViewInterceptor:236  - WARN  - [] - spring.jpa.open-in-view is enabled by default. Therefore, database queries may be performed during view rendering. Explicitly configure spring.jpa.open-in-view to disable this warning
2024-10-04 10:10:24,959 tTemplateResolverConfiguration - mplateLocationExists:101  - WARN  - [] - Cannot find template location: classpath:/templates/ (please add some templates, check your Thymeleaf configuration, or set spring.thymeleaf.check-template-location=false)
2024-10-04 10:10:25,089 oyote.http11.Http11NioProtocol -                  log:173  - INFO  - [] - Starting ProtocolHandler ["http-nio-8080"]
2024-10-04 10:10:25,103 mbedded.tomcat.TomcatWebServer -                start:243  - INFO  - [] - Tomcat started on port 8080 (http) with context path '/vnpay'
2024-10-04 10:10:25,110 .bank_demo.BankDemoApplication -           logStarted:56   - INFO  - [] - Started BankDemoApplication in 3.92 seconds (process running for 4.457)
2024-10-04 10:10:38,431 .[Tomcat].[localhost].[/vnpay] -                  log:173  - INFO  - [] - Initializing Spring DispatcherServlet 'dispatcherServlet'
2024-10-04 10:10:38,431 .web.servlet.DispatcherServlet -      initServletBean:532  - INFO  - [] - Initializing Servlet 'dispatcherServlet'
2024-10-04 10:10:38,432 .web.servlet.DispatcherServlet -      initServletBean:554  - INFO  - [] - Completed initialization in 1 ms
2024-10-04 10:10:38,613 mo.service.impl.PayServiceImpl -        createPayment:37   - INFO  - [] - Begin create-payment: {
  "tokenKey": "gQxDkcp7RB2hGJso2zqtzQ-xJ-YCzCJJowAW27s3NRU\u003d",
  "apiId": "restPayment",
  "mobile": "0345225630",
  "bankCode": "98765432",
  "privateKey": "87654321",
  "accountNo": "0001100014211002",
  "payDate": "20230918124530",
  "additionalData": "11",
  "debitAmount": 11300,
  "respCode": "00",
  "respDesc": "SUCCESS",
  "traceTransfer": "FT19310RH6P1",
  "messageType": "1",
  "checkSum": "a66f9c27ddc8bee82c50b5603cbb861eae7b3c26e7a5a75047268058898c7f41",
  "orderCode": "FT19310RH6P1",
  "userName": "cntest001",
  "realAmount": 11200,
  "promotionCode": "ABCXYZ",
  "addValue": "{\"payMethod\":\"01\",\"payMethodMMS\":1}"
}
2024-10-04 10:10:39,156 mo.service.impl.PayServiceImpl -     validateTokenKey:68   - INFO  - [] - TokenKey is duplicated
2024-10-04 10:10:39,160 ay.bank_demo.util.CheckSumUtil -    calculateCheckSum:26   - INFO  - [] - Checksum: bbd828e0ea123d9fdd987204d876ff34a4ca1044c7f1588c942ae727c3ece992
2024-10-04 10:11:13,904 mo.service.impl.PayServiceImpl -        createPayment:37   - INFO  - [] - Begin create-payment: {
  "tokenKey": "7AqJLdI1db3qQynuXzMTG2FiplPgWyEZxrewH8616Ts\u003d",
  "apiId": "restPayment",
  "mobile": "0345225630",
  "bankCode": "98765432",
  "privateKey": "87654321",
  "accountNo": "0001100014211002",
  "payDate": "20230918124530",
  "additionalData": "11",
  "debitAmount": 11300,
  "respCode": "00",
  "respDesc": "SUCCESS",
  "traceTransfer": "FT19310RH6P1",
  "messageType": "1",
  "checkSum": "a66f9c27ddc8bee82c50b5603cbb861eae7b3c26e7a5a75047268058898c7f41",
  "orderCode": "FT19310RH6P1",
  "userName": "cntest001",
  "realAmount": 11200,
  "promotionCode": "ABCXYZ",
  "addValue": "{\"payMethod\":\"01\",\"payMethodMMS\":1}"
}
2024-10-04 10:11:13,908 mo.service.impl.PayServiceImpl -     validateTokenKey:71   - INFO  - [] - Expiration time: 49726
2024-10-04 10:11:13,915 ay.bank_demo.util.CheckSumUtil -    calculateCheckSum:26   - INFO  - [] - Checksum: a66f9c27ddc8bee82c50b5603cbb861eae7b3c26e7a5a75047268058898c7f41
2024-10-04 10:11:13,915 mo.service.impl.PayServiceImpl -     validateCheckSum:114  - INFO  - [] - Checksum request: a66f9c27ddc8bee82c50b5603cbb861eae7b3c26e7a5a75047268058898c7f41
2024-10-04 10:11:18,993 ction.CachingConnectionFactory -      connectHostPort:682  - INFO  - [] - Attempting to connect to: 127.0.0.1:5672
2024-10-04 10:11:19,102 ction.CachingConnectionFactory - createBareConnection:608  - INFO  - [] - Created new connection: connectionFactory#729a98e9:0/SimpleConnection@3dcb5d8d [delegate=amqp://guest@127.0.0.1:5672/, localPort=51220]
2024-10-04 10:11:19,159 k.amqp.rabbit.core.RabbitAdmin -           initialize:686  - INFO  - [] - Auto-declaring a non-durable, auto-delete, or exclusive Queue (myQueue) durable:false, auto-delete:false, exclusive:false. It will be redeclared if the broker stops and is restarted while the connection factory is alive, but all messages will be lost.
2024-10-04 10:11:19,316 eplyToMessageListenerContainer -          actualStart:471  - INFO  - [] - Container initialized for queues: [amq.rabbitmq.reply-to]
2024-10-04 10:11:19,345 eplyToMessageListenerContainer -   doConsumeFromQueue:769  - INFO  - [] - SimpleConsumer [queue=amq.rabbitmq.reply-to, index=0, consumerTag=amq.ctag-az5JEADqRoZRAJxnZUls5Q identity=72ece4fd] started
2024-10-04 10:11:25,737 mo.service.impl.PayServiceImpl -        createPayment:55   - INFO  - [] - Response Code RabbitMQ: null
2024-10-04 10:11:28,426 ay.bank_demo.util.CheckSumUtil -    calculateCheckSum:26   - INFO  - [] - Checksum: c9b7a9d898211e930fcc2083331f4f71670d6d78b1ab77f299d19e6a1ec0d8b1
2024-10-04 10:12:24,093 eplyToMessageListenerContainer - nAndWaitOrCallback$7:871  - INFO  - [] - Successfully waited for consumers to finish.
2024-10-04 10:12:24,102 tainerEntityManagerFactoryBean -              destroy:650  - INFO  - [] - Closing JPA EntityManagerFactory for persistence unit 'default'
2024-10-04 10:12:24,104 zaxxer.hikari.HikariDataSource -                close:349  - INFO  - [] - HikariPool-1 - Shutdown initiated...
2024-10-04 10:12:24,110 zaxxer.hikari.HikariDataSource -                close:351  - INFO  - [] - HikariPool-1 - Shutdown completed.
2024-10-04 10:29:21,495 alidator.internal.util.Version -             <clinit>:21   - INFO  - [] - HV000001: Hibernate Validator 8.0.1.Final
2024-10-04 10:29:21,525 .bank_demo.BankDemoApplication -          logStarting:50   - INFO  - [] - Starting BankDemoApplication using Java 17.0.8.1 with PID 18148 (D:\VNPay\TTS\bank_demo\target\classes started by MSI in D:\VNPay\TTS\bank_demo)
2024-10-04 10:29:21,526 .bank_demo.BankDemoApplication - ogStartupProfileInfo:654  - INFO  - [] - No active profile set, falling back to 1 default profile: "default"
2024-10-04 10:29:22,063 epositoryConfigurationDelegate - ltipleStoresDetected:295  - INFO  - [] - Multiple Spring Data modules found, entering strict repository configuration mode
2024-10-04 10:29:22,064 epositoryConfigurationDelegate - gisterRepositoriesIn:143  - INFO  - [] - Bootstrapping Spring Data JPA repositories in DEFAULT mode.
2024-10-04 10:29:22,167 epositoryConfigurationDelegate - gisterRepositoriesIn:211  - INFO  - [] - Finished Spring Data repository scanning in 97 ms. Found 2 JPA repository interfaces.
2024-10-04 10:29:22,177 epositoryConfigurationDelegate - ltipleStoresDetected:295  - INFO  - [] - Multiple Spring Data modules found, entering strict repository configuration mode
2024-10-04 10:29:22,178 epositoryConfigurationDelegate - gisterRepositoriesIn:143  - INFO  - [] - Bootstrapping Spring Data Redis repositories in DEFAULT mode.
2024-10-04 10:29:22,189 yConfigurationExtensionSupport - tRepositoryCandidate:320  - INFO  - [] - Spring Data Redis - Could not safely identify store assignment for repository candidate interface vn.vnpay.bank_demo.repository.PaymentRepository; If you want this repository to be a Redis repository, consider annotating your entities with one of these annotations: org.springframework.data.redis.core.RedisHash (preferred), or consider extending one of the following types with your repository: org.springframework.data.keyvalue.repository.KeyValueRepository
2024-10-04 10:29:22,190 yConfigurationExtensionSupport - tRepositoryCandidate:320  - INFO  - [] - Spring Data Redis - Could not safely identify store assignment for repository candidate interface vn.vnpay.bank_demo.repository.UsersRepository; If you want this repository to be a Redis repository, consider annotating your entities with one of these annotations: org.springframework.data.redis.core.RedisHash (preferred), or consider extending one of the following types with your repository: org.springframework.data.keyvalue.repository.KeyValueRepository
2024-10-04 10:29:22,190 epositoryConfigurationDelegate - gisterRepositoriesIn:211  - INFO  - [] - Finished Spring Data repository scanning in 6 ms. Found 0 Redis repository interfaces.
2024-10-04 10:29:22,598 mbedded.tomcat.TomcatWebServer -           initialize:111  - INFO  - [] - Tomcat initialized with port 8080 (http)
2024-10-04 10:29:22,610 oyote.http11.Http11NioProtocol -                  log:173  - INFO  - [] - Initializing ProtocolHandler ["http-nio-8080"]
2024-10-04 10:29:22,613 .catalina.core.StandardService -                  log:173  - INFO  - [] - Starting service [Tomcat]
2024-10-04 10:29:22,613 e.catalina.core.StandardEngine -                  log:173  - INFO  - [] - Starting Servlet engine: [Apache Tomcat/10.1.28]
2024-10-04 10:29:22,664 .[Tomcat].[localhost].[/vnpay] -                  log:173  - INFO  - [] - Initializing Spring embedded WebApplicationContext
2024-10-04 10:29:22,664 letWebServerApplicationContext - ebApplicationContext:296  - INFO  - [] - Root WebApplicationContext: initialization completed in 1110 ms
2024-10-04 10:29:22,825 te.jpa.internal.util.LogHelper - tenceUnitInformation:31   - INFO  - [] - HHH000204: Processing PersistenceUnitInfo [name: default]
2024-10-04 10:29:22,864 org.hibernate.Version          -           logVersion:44   - INFO  - [] - HHH000412: Hibernate ORM core version 6.5.2.Final
2024-10-04 10:29:22,887 nternal.RegionFactoryInitiator -      initiateService:50   - INFO  - [] - HHH000026: Second-level cache disabled
2024-10-04 10:29:23,075 unit.SpringPersistenceUnitInfo -       addTransformer:87   - INFO  - [] - No LoadTimeWeaver setup: ignoring JPA class transformer
2024-10-04 10:29:23,093 zaxxer.hikari.HikariDataSource -        getConnection:109  - INFO  - [] - HikariPool-1 - Starting...
2024-10-04 10:29:23,256 .zaxxer.hikari.pool.HikariPool -        checkFailFast:554  - INFO  - [] - HikariPool-1 - Added connection ConnectionID:1 ClientConnectionId: 99c26dd5-0e4a-446c-9bd3-b53ac85e14f3
2024-10-04 10:29:23,257 zaxxer.hikari.HikariDataSource -        getConnection:122  - INFO  - [] - HikariPool-1 - Start completed.
2024-10-04 10:29:23,888 .internal.JtaPlatformInitiator -      initiateService:59   - INFO  - [] - HHH000489: No JTA platform available (set 'hibernate.transaction.jta.platform' to enable JTA platform integration)
2024-10-04 10:29:23,890 tainerEntityManagerFactoryBean - EntityManagerFactory:437  - INFO  - [] - Initialized JPA EntityManagerFactory for persistence unit 'default'
2024-10-04 10:29:24,498 figuration$JpaWebConfiguration - gerInViewInterceptor:236  - WARN  - [] - spring.jpa.open-in-view is enabled by default. Therefore, database queries may be performed during view rendering. Explicitly configure spring.jpa.open-in-view to disable this warning
2024-10-04 10:29:24,865 tTemplateResolverConfiguration - mplateLocationExists:101  - WARN  - [] - Cannot find template location: classpath:/templates/ (please add some templates, check your Thymeleaf configuration, or set spring.thymeleaf.check-template-location=false)
2024-10-04 10:29:24,991 oyote.http11.Http11NioProtocol -                  log:173  - INFO  - [] - Starting ProtocolHandler ["http-nio-8080"]
2024-10-04 10:29:25,004 mbedded.tomcat.TomcatWebServer -                start:243  - INFO  - [] - Tomcat started on port 8080 (http) with context path '/vnpay'
2024-10-04 10:29:25,011 .bank_demo.BankDemoApplication -           logStarted:56   - INFO  - [] - Started BankDemoApplication in 3.853 seconds (process running for 4.294)
2024-10-04 10:29:44,691 .[Tomcat].[localhost].[/vnpay] -                  log:173  - INFO  - [] - Initializing Spring DispatcherServlet 'dispatcherServlet'
2024-10-04 10:29:44,691 .web.servlet.DispatcherServlet -      initServletBean:532  - INFO  - [] - Initializing Servlet 'dispatcherServlet'
2024-10-04 10:29:44,693 .web.servlet.DispatcherServlet -      initServletBean:554  - INFO  - [] - Completed initialization in 2 ms
2024-10-04 10:29:57,884 mo.service.impl.PayServiceImpl -        createPayment:38   - INFO  - [] - Begin create-payment: {
  "tokenKey": "uBHL4iT9niR0LHII8sbKkW_unN-dVmkxpx6n9E-fXdc\u003d",
  "apiId": "restPayment",
  "mobile": "0345225630",
  "bankCode": "98765432",
  "privateKey": "87654321",
  "accountNo": "0001100014211002",
  "payDate": "20230918124530",
  "additionalData": "11",
  "debitAmount": 11300,
  "respCode": "00",
  "respDesc": "SUCCESS",
  "traceTransfer": "FT19310RH6P1",
  "messageType": "1",
  "checkSum": "a66f9c27ddc8bee82c50b5603cbb861eae7b3c26e7a5a75047268058898c7f41",
  "orderCode": "FT19310RH6P1",
  "userName": "cntest001",
  "realAmount": 11200,
  "promotionCode": "ABCXYZ",
  "addValue": "{\"payMethod\":\"01\",\"payMethodMMS\":1}"
}
2024-10-04 10:29:58,382 mo.service.impl.PayServiceImpl -     validateTokenKey:75   - INFO  - [] - Expiration time: 48601
2024-10-04 10:29:58,391 ay.bank_demo.util.CheckSumUtil -    calculateCheckSum:26   - INFO  - [] - Checksum: a66f9c27ddc8bee82c50b5603cbb861eae7b3c26e7a5a75047268058898c7f41
2024-10-04 10:29:58,391 mo.service.impl.PayServiceImpl -     validateCheckSum:118  - INFO  - [] - Checksum request: a66f9c27ddc8bee82c50b5603cbb861eae7b3c26e7a5a75047268058898c7f41
2024-10-04 10:29:58,396 ction.CachingConnectionFactory -      connectHostPort:682  - INFO  - [] - Attempting to connect to: 127.0.0.1:5672
2024-10-04 10:29:58,445 ction.CachingConnectionFactory - createBareConnection:608  - INFO  - [] - Created new connection: connectionFactory#a89dec0:0/SimpleConnection@dfa7d69 [delegate=amqp://guest@127.0.0.1:5672/, localPort=51443]
2024-10-04 10:29:58,452 k.amqp.rabbit.core.RabbitAdmin -           initialize:686  - INFO  - [] - Auto-declaring a non-durable, auto-delete, or exclusive Queue (myQueue) durable:false, auto-delete:false, exclusive:false. It will be redeclared if the broker stops and is restarted while the connection factory is alive, but all messages will be lost.
2024-10-04 10:29:58,488 eplyToMessageListenerContainer -          actualStart:471  - INFO  - [] - Container initialized for queues: [amq.rabbitmq.reply-to]
2024-10-04 10:29:58,499 eplyToMessageListenerContainer -   doConsumeFromQueue:769  - INFO  - [] - SimpleConsumer [queue=amq.rabbitmq.reply-to, index=0, consumerTag=amq.ctag-9M__0LlX2aLpPBDlA_O_2A identity=4fc00635] started
2024-10-04 10:30:03,524 mo.service.impl.PayServiceImpl -        createPayment:56   - INFO  - [] - Response Code RabbitMQ: null
2024-10-04 10:30:03,527 ay.bank_demo.util.CheckSumUtil -    calculateCheckSum:26   - INFO  - [] - Checksum: a7610085467d165bc9bacd7355ab07710caf4826de05d469752b0d0b222bcc1f
2024-10-04 10:33:48,578 mo.service.impl.PayServiceImpl -        createPayment:38   - INFO  - [] - Begin create-payment: {
  "tokenKey": "uBHL4iT9niR0LHII8sbKkW_unN-dVmkxpx6n9E-fXdc\u003d",
  "apiId": "restPayment",
  "mobile": "0345225630",
  "bankCode": "98765432",
  "privateKey": "87654321",
  "accountNo": "0001100014211002",
  "payDate": "20230918124530",
  "additionalData": "11",
  "debitAmount": 11300,
  "respCode": "00",
  "respDesc": "SUCCESS",
  "traceTransfer": "FT19310RH6P1",
  "messageType": "1",
  "checkSum": "a66f9c27ddc8bee82c50b5603cbb861eae7b3c26e7a5a75047268058898c7f41",
  "orderCode": "FT19310RH6P1",
  "userName": "cntest001",
  "realAmount": 11200,
  "promotionCode": "ABCXYZ",
  "addValue": "{\"payMethod\":\"01\",\"payMethodMMS\":1}"
}
2024-10-04 10:33:48,579 mo.service.impl.PayServiceImpl -     validateTokenKey:70   - INFO  - [] - TokenKey is duplicated
2024-10-04 10:33:48,580 ay.bank_demo.util.CheckSumUtil -    calculateCheckSum:26   - INFO  - [] - Checksum: bbd828e0ea123d9fdd987204d876ff34a4ca1044c7f1588c942ae727c3ece992
2024-10-04 10:34:58,688 mo.service.impl.PayServiceImpl -        createPayment:38   - INFO  - [] - Begin create-payment: {
  "tokenKey": "RNjcmmON8Ju0enx11ta-OqURS8UzSZQ28wEHCumHFCE\u003d",
  "apiId": "restPayment",
  "mobile": "0345225630",
  "bankCode": "98765432",
  "privateKey": "87654321",
  "accountNo": "0001100014211002",
  "payDate": "20230918124530",
  "additionalData": "11",
  "debitAmount": 11300,
  "respCode": "00",
  "respDesc": "SUCCESS",
  "traceTransfer": "FT19310RH6P1",
  "messageType": "1",
  "checkSum": "a66f9c27ddc8bee82c50b5603cbb861eae7b3c26e7a5a75047268058898c7f41",
  "orderCode": "FT19310RH6P1",
  "userName": "cntest001",
  "realAmount": 11200,
  "promotionCode": "ABCXYZ",
  "addValue": "{\"payMethod\":\"01\",\"payMethodMMS\":1}"
}
2024-10-04 10:34:58,690 mo.service.impl.PayServiceImpl -     validateTokenKey:75   - INFO  - [] - Expiration time: 48301
2024-10-04 10:34:58,690 ay.bank_demo.util.CheckSumUtil -    calculateCheckSum:26   - INFO  - [] - Checksum: a66f9c27ddc8bee82c50b5603cbb861eae7b3c26e7a5a75047268058898c7f41
2024-10-04 10:34:58,690 mo.service.impl.PayServiceImpl -     validateCheckSum:118  - INFO  - [] - Checksum request: a66f9c27ddc8bee82c50b5603cbb861eae7b3c26e7a5a75047268058898c7f41
2024-10-04 10:34:58,691 ction.CachingConnectionFactory -      connectHostPort:682  - INFO  - [] - Attempting to connect to: 127.0.0.1:5672
2024-10-04 10:34:58,697 ction.CachingConnectionFactory - createBareConnection:608  - INFO  - [] - Created new connection: connectionFactory#a89dec0:1/SimpleConnection@61dac7e2 [delegate=amqp://guest@127.0.0.1:5672/, localPort=51618]
2024-10-04 10:34:58,697 k.amqp.rabbit.core.RabbitAdmin -           initialize:686  - INFO  - [] - Auto-declaring a non-durable, auto-delete, or exclusive Queue (myQueue) durable:false, auto-delete:false, exclusive:false. It will be redeclared if the broker stops and is restarted while the connection factory is alive, but all messages will be lost.
2024-10-04 10:34:58,703 eplyToMessageListenerContainer -   doConsumeFromQueue:769  - INFO  - [] - SimpleConsumer [queue=amq.rabbitmq.reply-to, index=0, consumerTag=amq.ctag-ZeayBDd043L_8TkF2gNjiw identity=5680dadf] started
2024-10-04 10:35:03,712 mo.service.impl.PayServiceImpl -        createPayment:56   - INFO  - [] - Response Code RabbitMQ: null
2024-10-04 10:35:03,712 ay.bank_demo.util.CheckSumUtil -    calculateCheckSum:26   - INFO  - [] - Checksum: a7610085467d165bc9bacd7355ab07710caf4826de05d469752b0d0b222bcc1f
2024-10-04 10:38:14,366 eplyToMessageListenerContainer - nAndWaitOrCallback$7:871  - INFO  - [] - Successfully waited for consumers to finish.
2024-10-04 10:38:14,377 tainerEntityManagerFactoryBean -              destroy:650  - INFO  - [] - Closing JPA EntityManagerFactory for persistence unit 'default'
2024-10-04 10:38:14,379 zaxxer.hikari.HikariDataSource -                close:349  - INFO  - [] - HikariPool-1 - Shutdown initiated...
2024-10-04 10:38:14,384 zaxxer.hikari.HikariDataSource -                close:351  - INFO  - [] - HikariPool-1 - Shutdown completed.
2024-10-04 10:38:19,821 alidator.internal.util.Version -             <clinit>:21   - INFO  - [] - HV000001: Hibernate Validator 8.0.1.Final
2024-10-04 10:38:19,849 .bank_demo.BankDemoApplication -          logStarting:50   - INFO  - [] - Starting BankDemoApplication using Java 17.0.8.1 with PID 9932 (D:\VNPay\TTS\bank_demo\target\classes started by MSI in D:\VNPay\TTS\bank_demo)
2024-10-04 10:38:19,850 .bank_demo.BankDemoApplication - ogStartupProfileInfo:654  - INFO  - [] - No active profile set, falling back to 1 default profile: "default"
2024-10-04 10:38:20,432 epositoryConfigurationDelegate - ltipleStoresDetected:295  - INFO  - [] - Multiple Spring Data modules found, entering strict repository configuration mode
2024-10-04 10:38:20,433 epositoryConfigurationDelegate - gisterRepositoriesIn:143  - INFO  - [] - Bootstrapping Spring Data JPA repositories in DEFAULT mode.
2024-10-04 10:38:20,550 epositoryConfigurationDelegate - gisterRepositoriesIn:211  - INFO  - [] - Finished Spring Data repository scanning in 110 ms. Found 2 JPA repository interfaces.
2024-10-04 10:38:20,560 epositoryConfigurationDelegate - ltipleStoresDetected:295  - INFO  - [] - Multiple Spring Data modules found, entering strict repository configuration mode
2024-10-04 10:38:20,561 epositoryConfigurationDelegate - gisterRepositoriesIn:143  - INFO  - [] - Bootstrapping Spring Data Redis repositories in DEFAULT mode.
2024-10-04 10:38:20,575 yConfigurationExtensionSupport - tRepositoryCandidate:320  - INFO  - [] - Spring Data Redis - Could not safely identify store assignment for repository candidate interface vn.vnpay.bank_demo.repository.PaymentRepository; If you want this repository to be a Redis repository, consider annotating your entities with one of these annotations: org.springframework.data.redis.core.RedisHash (preferred), or consider extending one of the following types with your repository: org.springframework.data.keyvalue.repository.KeyValueRepository
2024-10-04 10:38:20,575 yConfigurationExtensionSupport - tRepositoryCandidate:320  - INFO  - [] - Spring Data Redis - Could not safely identify store assignment for repository candidate interface vn.vnpay.bank_demo.repository.UsersRepository; If you want this repository to be a Redis repository, consider annotating your entities with one of these annotations: org.springframework.data.redis.core.RedisHash (preferred), or consider extending one of the following types with your repository: org.springframework.data.keyvalue.repository.KeyValueRepository
2024-10-04 10:38:20,575 epositoryConfigurationDelegate - gisterRepositoriesIn:211  - INFO  - [] - Finished Spring Data repository scanning in 8 ms. Found 0 Redis repository interfaces.
2024-10-04 10:38:20,944 mbedded.tomcat.TomcatWebServer -           initialize:111  - INFO  - [] - Tomcat initialized with port 8080 (http)
2024-10-04 10:38:20,956 oyote.http11.Http11NioProtocol -                  log:173  - INFO  - [] - Initializing ProtocolHandler ["http-nio-8080"]
2024-10-04 10:38:20,958 .catalina.core.StandardService -                  log:173  - INFO  - [] - Starting service [Tomcat]
2024-10-04 10:38:20,958 e.catalina.core.StandardEngine -                  log:173  - INFO  - [] - Starting Servlet engine: [Apache Tomcat/10.1.28]
2024-10-04 10:38:21,004 .[Tomcat].[localhost].[/vnpay] -                  log:173  - INFO  - [] - Initializing Spring embedded WebApplicationContext
2024-10-04 10:38:21,004 letWebServerApplicationContext - ebApplicationContext:296  - INFO  - [] - Root WebApplicationContext: initialization completed in 1124 ms
2024-10-04 10:38:21,143 te.jpa.internal.util.LogHelper - tenceUnitInformation:31   - INFO  - [] - HHH000204: Processing PersistenceUnitInfo [name: default]
2024-10-04 10:38:21,178 org.hibernate.Version          -           logVersion:44   - INFO  - [] - HHH000412: Hibernate ORM core version 6.5.2.Final
2024-10-04 10:38:21,200 nternal.RegionFactoryInitiator -      initiateService:50   - INFO  - [] - HHH000026: Second-level cache disabled
2024-10-04 10:38:21,379 unit.SpringPersistenceUnitInfo -       addTransformer:87   - INFO  - [] - No LoadTimeWeaver setup: ignoring JPA class transformer
2024-10-04 10:38:21,401 zaxxer.hikari.HikariDataSource -        getConnection:109  - INFO  - [] - HikariPool-1 - Starting...
2024-10-04 10:38:21,580 .zaxxer.hikari.pool.HikariPool -        checkFailFast:554  - INFO  - [] - HikariPool-1 - Added connection ConnectionID:1 ClientConnectionId: 7649be1e-7dc4-42cc-8bf5-630a1fef9b87
2024-10-04 10:38:21,582 zaxxer.hikari.HikariDataSource -        getConnection:122  - INFO  - [] - HikariPool-1 - Start completed.
2024-10-04 10:38:22,213 .internal.JtaPlatformInitiator -      initiateService:59   - INFO  - [] - HHH000489: No JTA platform available (set 'hibernate.transaction.jta.platform' to enable JTA platform integration)
2024-10-04 10:38:22,216 tainerEntityManagerFactoryBean - EntityManagerFactory:437  - INFO  - [] - Initialized JPA EntityManagerFactory for persistence unit 'default'
2024-10-04 10:38:22,777 figuration$JpaWebConfiguration - gerInViewInterceptor:236  - WARN  - [] - spring.jpa.open-in-view is enabled by default. Therefore, database queries may be performed during view rendering. Explicitly configure spring.jpa.open-in-view to disable this warning
2024-10-04 10:38:22,946 tTemplateResolverConfiguration - mplateLocationExists:101  - WARN  - [] - Cannot find template location: classpath:/templates/ (please add some templates, check your Thymeleaf configuration, or set spring.thymeleaf.check-template-location=false)
2024-10-04 10:38:23,075 oyote.http11.Http11NioProtocol -                  log:173  - INFO  - [] - Starting ProtocolHandler ["http-nio-8080"]
2024-10-04 10:38:23,088 mbedded.tomcat.TomcatWebServer -                start:243  - INFO  - [] - Tomcat started on port 8080 (http) with context path '/vnpay'
2024-10-04 10:38:23,095 .bank_demo.BankDemoApplication -           logStarted:56   - INFO  - [] - Started BankDemoApplication in 3.654 seconds (process running for 4.09)
2024-10-04 10:38:56,901 .[Tomcat].[localhost].[/vnpay] -                  log:173  - INFO  - [] - Initializing Spring DispatcherServlet 'dispatcherServlet'
2024-10-04 10:38:56,902 .web.servlet.DispatcherServlet -      initServletBean:532  - INFO  - [] - Initializing Servlet 'dispatcherServlet'
2024-10-04 10:38:56,903 .web.servlet.DispatcherServlet -      initServletBean:554  - INFO  - [] - Completed initialization in 1 ms
2024-10-04 10:39:04,492 mo.service.impl.PayServiceImpl -        createPayment:38   - INFO  - [] - Begin create-payment: {
  "tokenKey": "X0pap6N1Q-m2h2LvqjOzQrVReBSEbXjjPtJmKx4igH0\u003d",
  "apiId": "restPayment",
  "mobile": "0345225630",
  "bankCode": "98765432",
  "privateKey": "87654321",
  "accountNo": "0001100014211002",
  "payDate": "20230918124530",
  "additionalData": "11",
  "debitAmount": 11300,
  "respCode": "00",
  "respDesc": "SUCCESS",
  "traceTransfer": "FT19310RH6P1",
  "messageType": "1",
  "checkSum": "a66f9c27ddc8bee82c50b5603cbb861eae7b3c26e7a5a75047268058898c7f41",
  "orderCode": "FT19310RH6P1",
  "userName": "cntest001",
  "realAmount": 11200,
  "promotionCode": "ABCXYZ",
  "addValue": "{\"payMethod\":\"01\",\"payMethodMMS\":1}"
}
2024-10-04 10:39:04,866 mo.service.impl.PayServiceImpl -     validateTokenKey:75   - INFO  - [] - Expiration time: 48055
2024-10-04 10:39:04,872 ay.bank_demo.util.CheckSumUtil -    calculateCheckSum:26   - INFO  - [] - Checksum: a66f9c27ddc8bee82c50b5603cbb861eae7b3c26e7a5a75047268058898c7f41
2024-10-04 10:39:04,873 mo.service.impl.PayServiceImpl -     validateCheckSum:118  - INFO  - [] - Checksum request: a66f9c27ddc8bee82c50b5603cbb861eae7b3c26e7a5a75047268058898c7f41
2024-10-04 10:39:04,877 ction.CachingConnectionFactory -      connectHostPort:682  - INFO  - [] - Attempting to connect to: 127.0.0.1:5672
2024-10-04 10:39:04,917 ction.CachingConnectionFactory - createBareConnection:608  - INFO  - [] - Created new connection: connectionFactory#3ce60feb:0/SimpleConnection@211d9178 [delegate=amqp://guest@127.0.0.1:5672/, localPort=51720]
2024-10-04 10:39:04,922 k.amqp.rabbit.core.RabbitAdmin -           initialize:686  - INFO  - [] - Auto-declaring a non-durable, auto-delete, or exclusive Queue (myQueue) durable:false, auto-delete:false, exclusive:false. It will be redeclared if the broker stops and is restarted while the connection factory is alive, but all messages will be lost.
2024-10-04 10:39:04,949 eplyToMessageListenerContainer -          actualStart:471  - INFO  - [] - Container initialized for queues: [amq.rabbitmq.reply-to]
2024-10-04 10:39:04,959 eplyToMessageListenerContainer -   doConsumeFromQueue:769  - INFO  - [] - SimpleConsumer [queue=amq.rabbitmq.reply-to, index=0, consumerTag=amq.ctag-UwNLI7AzD2Oa6WEwxg7Mkw identity=5b784f3e] started
2024-10-04 10:39:05,003 mo.service.impl.PayServiceImpl -        createPayment:56   - INFO  - [] - Response Code RabbitMQ: 00
2024-10-04 10:39:05,003 mo.service.impl.PayServiceImpl -        createPayment:64   - INFO  - [] - End create-payment: Success
2024-10-04 10:39:05,004 ay.bank_demo.util.CheckSumUtil -    calculateCheckSum:26   - INFO  - [] - Checksum: 66a58aad3933181f40fb4dda2257901bedcb3826b5ce0417d98dad8b1f2ecd74
2024-10-04 10:39:05,004 ay.bank_demo.util.CheckSumUtil -    calculateCheckSum:26   - INFO  - [] - Checksum: 66a58aad3933181f40fb4dda2257901bedcb3826b5ce0417d98dad8b1f2ecd74
2024-10-04 10:40:01,459 mo.service.impl.PayServiceImpl -        createPayment:38   - INFO  - [] - Begin create-payment: {
  "tokenKey": "X0pap6N1Q-m2h2LvqjOzQrVReBSEbXjjPtJmKx4igH0\u003d",
  "apiId": "restPayment",
  "mobile": "0345225630",
  "bankCode": "98765432",
  "privateKey": "87654321",
  "accountNo": "0001100014211002",
  "payDate": "20230918124530",
  "additionalData": "11",
  "debitAmount": 11300,
  "respCode": "00",
  "respDesc": "SUCCESS",
  "traceTransfer": "FT19310RH6P1",
  "messageType": "1",
  "checkSum": "a66f9c27ddc8bee82c50b5603cbb861eae7b3c26e7a5a75047268058898c7f41",
  "orderCode": "FT19310RH6P1",
  "userName": "cntest001",
  "realAmount": 11200,
  "promotionCode": "ABCXYZ",
  "addValue": "{\"payMethod\":\"01\",\"payMethodMMS\":1}"
}
2024-10-04 10:40:01,460 mo.service.impl.PayServiceImpl -     validateTokenKey:70   - INFO  - [] - TokenKey is duplicated
2024-10-04 10:40:01,462 ay.bank_demo.util.CheckSumUtil -    calculateCheckSum:26   - INFO  - [] - Checksum: bbd828e0ea123d9fdd987204d876ff34a4ca1044c7f1588c942ae727c3ece992
2024-10-04 10:40:28,387 mo.service.impl.PayServiceImpl -        createPayment:38   - INFO  - [] - Begin create-payment: {
  "tokenKey": "S-59ujecoe1mEarPjv779R31Hr4ZzAaQSnEx1_3o1Q4\u003d",
  "apiId": "restPayment",
  "mobile": "0345225630",
  "bankCode": "98765432",
  "privateKey": "87654321",
  "accountNo": "0001100014211002",
  "payDate": "20230918124530",
  "additionalData": "11",
  "debitAmount": 11300,
  "respCode": "00",
  "respDesc": "SUCCESS",
  "traceTransfer": "FT19310RH6P1",
  "messageType": "1",
  "checkSum": "a66f9c27ddc8bee82c50b5603cbb861eae7b3c26e7a5a75047268058898c7f41",
  "orderCode": "FT19310RH6P1",
  "userName": "cntest001",
  "realAmount": 11200,
  "promotionCode": "ABCXYZ",
  "addValue": "{\"payMethod\":\"01\",\"payMethodMMS\":1}"
}
2024-10-04 10:40:28,388 mo.service.impl.PayServiceImpl -     validateTokenKey:75   - INFO  - [] - Expiration time: 47971
2024-10-04 10:40:28,389 ay.bank_demo.util.CheckSumUtil -    calculateCheckSum:26   - INFO  - [] - Checksum: a66f9c27ddc8bee82c50b5603cbb861eae7b3c26e7a5a75047268058898c7f41
2024-10-04 10:40:28,389 mo.service.impl.PayServiceImpl -     validateCheckSum:118  - INFO  - [] - Checksum request: a66f9c27ddc8bee82c50b5603cbb861eae7b3c26e7a5a75047268058898c7f41
2024-10-04 10:40:28,395 eplyToMessageListenerContainer -   doConsumeFromQueue:769  - INFO  - [] - SimpleConsumer [queue=amq.rabbitmq.reply-to, index=0, consumerTag=amq.ctag-Xeeq1iL8lUrLoQh-JBhDfQ identity=cc94d54] started
2024-10-04 10:40:28,432 mo.service.impl.PayServiceImpl -        createPayment:56   - INFO  - [] - Response Code RabbitMQ: 00
2024-10-04 10:40:28,432 mo.service.impl.PayServiceImpl -        createPayment:64   - INFO  - [] - End create-payment: Success
2024-10-04 10:40:28,432 ay.bank_demo.util.CheckSumUtil -    calculateCheckSum:26   - INFO  - [] - Checksum: f8f021d0318244a2e938fce93e67245678f431d3fe9c8697db759d7bcdef0d95
2024-10-04 10:40:28,432 ay.bank_demo.util.CheckSumUtil -    calculateCheckSum:26   - INFO  - [] - Checksum: f8f021d0318244a2e938fce93e67245678f431d3fe9c8697db759d7bcdef0d95
2024-10-04 10:44:35,035 mo.service.impl.PayServiceImpl -        createPayment:38   - INFO  - [] - Begin create-payment: {
  "tokenKey": "LQQELdJrcCah1XPAAjpMZ-eVBWO4QIQJlYCarofa-0o\u003d",
  "apiId": "restPayment",
  "mobile": "0345225630",
  "bankCode": "98765432",
  "privateKey": "87654321",
  "accountNo": "0001100014211002",
  "payDate": "20230918124530",
  "additionalData": "11",
  "debitAmount": 11300,
  "respCode": "00",
  "respDesc": "SUCCESS",
  "traceTransfer": "FT19310RH6P1",
  "messageType": "1",
  "checkSum": "a66f9c27ddc8bee82c50b5603cbb861eae7b3c26e7a5a75047268058898c7f41",
  "orderCode": "FT19310RH6P1",
  "userName": "cntest001",
  "realAmount": 11200,
  "promotionCode": "ABCXYZ",
  "addValue": "{\"payMethod\":\"01\",\"payMethodMMS\":1}"
}
2024-10-04 10:44:35,038 mo.service.impl.PayServiceImpl -     validateTokenKey:75   - INFO  - [] - Expiration time: 47724
2024-10-04 10:44:35,039 ay.bank_demo.util.CheckSumUtil -    calculateCheckSum:26   - INFO  - [] - Checksum: a66f9c27ddc8bee82c50b5603cbb861eae7b3c26e7a5a75047268058898c7f41
2024-10-04 10:44:35,039 mo.service.impl.PayServiceImpl -     validateCheckSum:118  - INFO  - [] - Checksum request: a66f9c27ddc8bee82c50b5603cbb861eae7b3c26e7a5a75047268058898c7f41
2024-10-04 10:44:35,043 eplyToMessageListenerContainer -   doConsumeFromQueue:769  - INFO  - [] - SimpleConsumer [queue=amq.rabbitmq.reply-to, index=0, consumerTag=amq.ctag-1LhDmMjJ7USLWwlkhWMuCA identity=7685bee6] started
2024-10-04 10:44:35,068 mo.service.impl.PayServiceImpl -        createPayment:56   - INFO  - [] - Response Code RabbitMQ: 00
2024-10-04 10:44:35,069 mo.service.impl.PayServiceImpl -        createPayment:64   - INFO  - [] - End create-payment: Success
2024-10-04 10:44:35,069 ay.bank_demo.util.CheckSumUtil -    calculateCheckSum:26   - INFO  - [] - Checksum: a98dc57e0a1bac057ec278467f200174dc8c5d88ebe2d4a35da7cfdcc1609f36
2024-10-04 10:44:35,069 ay.bank_demo.util.CheckSumUtil -    calculateCheckSum:26   - INFO  - [] - Checksum: a98dc57e0a1bac057ec278467f200174dc8c5d88ebe2d4a35da7cfdcc1609f36
2024-10-04 10:45:13,829 eplyToMessageListenerContainer - nAndWaitOrCallback$7:871  - INFO  - [] - Successfully waited for consumers to finish.
2024-10-04 10:45:13,836 tainerEntityManagerFactoryBean -              destroy:650  - INFO  - [] - Closing JPA EntityManagerFactory for persistence unit 'default'
2024-10-04 10:45:13,837 zaxxer.hikari.HikariDataSource -                close:349  - INFO  - [] - HikariPool-1 - Shutdown initiated...
2024-10-04 10:45:13,841 zaxxer.hikari.HikariDataSource -                close:351  - INFO  - [] - HikariPool-1 - Shutdown completed.
2024-10-04 10:51:31,801 alidator.internal.util.Version -             <clinit>:21   - INFO  - [] - HV000001: Hibernate Validator 8.0.1.Final
2024-10-04 10:51:31,830 .bank_demo.BankDemoApplication -          logStarting:50   - INFO  - [] - Starting BankDemoApplication using Java 17.0.8.1 with PID 1440 (D:\VNPay\TTS\bank_demo\target\classes started by MSI in D:\VNPay\TTS\bank_demo)
2024-10-04 10:51:31,831 .bank_demo.BankDemoApplication - ogStartupProfileInfo:654  - INFO  - [] - No active profile set, falling back to 1 default profile: "default"
2024-10-04 10:51:32,590 epositoryConfigurationDelegate - ltipleStoresDetected:295  - INFO  - [] - Multiple Spring Data modules found, entering strict repository configuration mode
2024-10-04 10:51:32,592 epositoryConfigurationDelegate - gisterRepositoriesIn:143  - INFO  - [] - Bootstrapping Spring Data JPA repositories in DEFAULT mode.
2024-10-04 10:51:32,719 epositoryConfigurationDelegate - gisterRepositoriesIn:211  - INFO  - [] - Finished Spring Data repository scanning in 120 ms. Found 2 JPA repository interfaces.
2024-10-04 10:51:32,730 epositoryConfigurationDelegate - ltipleStoresDetected:295  - INFO  - [] - Multiple Spring Data modules found, entering strict repository configuration mode
2024-10-04 10:51:32,732 epositoryConfigurationDelegate - gisterRepositoriesIn:143  - INFO  - [] - Bootstrapping Spring Data Redis repositories in DEFAULT mode.
2024-10-04 10:51:32,749 yConfigurationExtensionSupport - tRepositoryCandidate:320  - INFO  - [] - Spring Data Redis - Could not safely identify store assignment for repository candidate interface vn.vnpay.bank_demo.repository.PaymentRepository; If you want this repository to be a Redis repository, consider annotating your entities with one of these annotations: org.springframework.data.redis.core.RedisHash (preferred), or consider extending one of the following types with your repository: org.springframework.data.keyvalue.repository.KeyValueRepository
2024-10-04 10:51:32,750 yConfigurationExtensionSupport - tRepositoryCandidate:320  - INFO  - [] - Spring Data Redis - Could not safely identify store assignment for repository candidate interface vn.vnpay.bank_demo.repository.UsersRepository; If you want this repository to be a Redis repository, consider annotating your entities with one of these annotations: org.springframework.data.redis.core.RedisHash (preferred), or consider extending one of the following types with your repository: org.springframework.data.keyvalue.repository.KeyValueRepository
2024-10-04 10:51:32,750 epositoryConfigurationDelegate - gisterRepositoriesIn:211  - INFO  - [] - Finished Spring Data repository scanning in 9 ms. Found 0 Redis repository interfaces.
2024-10-04 10:51:33,260 mbedded.tomcat.TomcatWebServer -           initialize:111  - INFO  - [] - Tomcat initialized with port 8080 (http)
2024-10-04 10:51:33,272 oyote.http11.Http11NioProtocol -                  log:173  - INFO  - [] - Initializing ProtocolHandler ["http-nio-8080"]
2024-10-04 10:51:33,275 .catalina.core.StandardService -                  log:173  - INFO  - [] - Starting service [Tomcat]
2024-10-04 10:51:33,275 e.catalina.core.StandardEngine -                  log:173  - INFO  - [] - Starting Servlet engine: [Apache Tomcat/10.1.28]
2024-10-04 10:51:33,342 .[Tomcat].[localhost].[/vnpay] -                  log:173  - INFO  - [] - Initializing Spring embedded WebApplicationContext
2024-10-04 10:51:33,342 letWebServerApplicationContext - ebApplicationContext:296  - INFO  - [] - Root WebApplicationContext: initialization completed in 1485 ms
2024-10-04 10:51:33,542 te.jpa.internal.util.LogHelper - tenceUnitInformation:31   - INFO  - [] - HHH000204: Processing PersistenceUnitInfo [name: default]
2024-10-04 10:51:33,605 org.hibernate.Version          -           logVersion:44   - INFO  - [] - HHH000412: Hibernate ORM core version 6.5.2.Final
2024-10-04 10:51:33,638 nternal.RegionFactoryInitiator -      initiateService:50   - INFO  - [] - HHH000026: Second-level cache disabled
2024-10-04 10:51:33,839 unit.SpringPersistenceUnitInfo -       addTransformer:87   - INFO  - [] - No LoadTimeWeaver setup: ignoring JPA class transformer
2024-10-04 10:51:33,861 zaxxer.hikari.HikariDataSource -        getConnection:109  - INFO  - [] - HikariPool-1 - Starting...
2024-10-04 10:51:34,057 .zaxxer.hikari.pool.HikariPool -        checkFailFast:554  - INFO  - [] - HikariPool-1 - Added connection ConnectionID:1 ClientConnectionId: c159cc82-729e-45d3-a472-c47a0eaca33f
2024-10-04 10:51:34,058 zaxxer.hikari.HikariDataSource -        getConnection:122  - INFO  - [] - HikariPool-1 - Start completed.
2024-10-04 10:51:34,807 .internal.JtaPlatformInitiator -      initiateService:59   - INFO  - [] - HHH000489: No JTA platform available (set 'hibernate.transaction.jta.platform' to enable JTA platform integration)
2024-10-04 10:51:34,809 tainerEntityManagerFactoryBean - EntityManagerFactory:437  - INFO  - [] - Initialized JPA EntityManagerFactory for persistence unit 'default'
2024-10-04 10:51:35,575 figuration$JpaWebConfiguration - gerInViewInterceptor:236  - WARN  - [] - spring.jpa.open-in-view is enabled by default. Therefore, database queries may be performed during view rendering. Explicitly configure spring.jpa.open-in-view to disable this warning
2024-10-04 10:51:35,776 tTemplateResolverConfiguration - mplateLocationExists:101  - WARN  - [] - Cannot find template location: classpath:/templates/ (please add some templates, check your Thymeleaf configuration, or set spring.thymeleaf.check-template-location=false)
2024-10-04 10:51:35,911 oyote.http11.Http11NioProtocol -                  log:173  - INFO  - [] - Starting ProtocolHandler ["http-nio-8080"]
2024-10-04 10:51:35,925 mbedded.tomcat.TomcatWebServer -                start:243  - INFO  - [] - Tomcat started on port 8080 (http) with context path '/vnpay'
2024-10-04 10:51:35,933 .bank_demo.BankDemoApplication -           logStarted:56   - INFO  - [] - Started BankDemoApplication in 4.459 seconds (process running for 6.117)
2024-10-04 10:51:55,688 .[Tomcat].[localhost].[/vnpay] -                  log:173  - INFO  - [] - Initializing Spring DispatcherServlet 'dispatcherServlet'
2024-10-04 10:51:55,688 .web.servlet.DispatcherServlet -      initServletBean:532  - INFO  - [] - Initializing Servlet 'dispatcherServlet'
2024-10-04 10:51:55,689 .web.servlet.DispatcherServlet -      initServletBean:554  - INFO  - [] - Completed initialization in 1 ms
2024-10-04 10:52:06,563 mo.service.impl.PayServiceImpl -        createPayment:38   - INFO  - [] - Begin create-payment: {
  "tokenKey": "B93C6V1YRHHZYP7plSDq4pGurarqFh325gTuHib9JFg\u003d",
  "apiId": "restPayment",
  "mobile": "0345225630",
  "bankCode": "98765432",
  "privateKey": "87654321",
  "accountNo": "0001100014211002",
  "payDate": "20230918124530",
  "additionalData": "11",
  "debitAmount": 11300,
  "respCode": "00",
  "respDesc": "SUCCESS",
  "traceTransfer": "FT19310RH6P1",
  "messageType": "1",
  "checkSum": "a66f9c27ddc8bee82c50b5603cbb861eae7b3c26e7a5a75047268058898c7f41",
  "orderCode": "FT19310RH6P1",
  "userName": "cntest001",
  "realAmount": 11200,
  "promotionCode": "ABCXYZ",
  "addValue": "{\"payMethod\":\"01\",\"payMethodMMS\":1}"
}
2024-10-04 10:52:06,965 mo.service.impl.PayServiceImpl -     validateTokenKey:75   - INFO  - [] - Expiration time: 47273
2024-10-04 10:52:06,972 ay.bank_demo.util.CheckSumUtil -    calculateCheckSum:26   - INFO  - [] - Checksum: a66f9c27ddc8bee82c50b5603cbb861eae7b3c26e7a5a75047268058898c7f41
2024-10-04 10:52:06,972 mo.service.impl.PayServiceImpl -     validateCheckSum:118  - INFO  - [] - Checksum request: a66f9c27ddc8bee82c50b5603cbb861eae7b3c26e7a5a75047268058898c7f41
2024-10-04 10:52:06,976 ction.CachingConnectionFactory -      connectHostPort:682  - INFO  - [] - Attempting to connect to: 127.0.0.1:5672
2024-10-04 10:52:07,015 ction.CachingConnectionFactory - createBareConnection:608  - INFO  - [] - Created new connection: connectionFactory#77fa2dcc:0/SimpleConnection@54b158e2 [delegate=amqp://guest@127.0.0.1:5672/, localPort=51929]
2024-10-04 10:52:07,021 k.amqp.rabbit.core.RabbitAdmin -           initialize:686  - INFO  - [] - Auto-declaring a non-durable, auto-delete, or exclusive Queue (myQueue) durable:false, auto-delete:false, exclusive:false. It will be redeclared if the broker stops and is restarted while the connection factory is alive, but all messages will be lost.
2024-10-04 10:52:07,046 eplyToMessageListenerContainer -          actualStart:471  - INFO  - [] - Container initialized for queues: [amq.rabbitmq.reply-to]
2024-10-04 10:52:07,055 eplyToMessageListenerContainer -   doConsumeFromQueue:769  - INFO  - [] - SimpleConsumer [queue=amq.rabbitmq.reply-to, index=0, consumerTag=amq.ctag-28M0IlA-E0Po06PQXZHl2Q identity=ff533d0] started
2024-10-04 10:52:07,253 mo.service.impl.PayServiceImpl -        createPayment:56   - INFO  - [] - Response Code RabbitMQ: {
  "code": "00",
  "message": "Insert database success"
}
2024-10-04 10:52:07,253 mo.service.impl.PayServiceImpl -        createPayment:64   - INFO  - [] - End create-payment: Success
2024-10-04 10:52:07,254 ay.bank_demo.util.CheckSumUtil -    calculateCheckSum:26   - INFO  - [] - Checksum: 9daeede070f0b668b89c5e4d6b7b495c34d6406aab4583b5cbcbe5e797da2307
2024-10-04 10:52:07,254 ay.bank_demo.util.CheckSumUtil -    calculateCheckSum:26   - INFO  - [] - Checksum: 9daeede070f0b668b89c5e4d6b7b495c34d6406aab4583b5cbcbe5e797da2307
2024-10-04 10:52:51,615 eplyToMessageListenerContainer - nAndWaitOrCallback$7:871  - INFO  - [] - Successfully waited for consumers to finish.
2024-10-04 10:52:51,623 tainerEntityManagerFactoryBean -              destroy:650  - INFO  - [] - Closing JPA EntityManagerFactory for persistence unit 'default'
2024-10-04 10:52:51,624 zaxxer.hikari.HikariDataSource -                close:349  - INFO  - [] - HikariPool-1 - Shutdown initiated...
2024-10-04 10:52:51,629 zaxxer.hikari.HikariDataSource -                close:351  - INFO  - [] - HikariPool-1 - Shutdown completed.
2024-10-04 10:56:42,476 alidator.internal.util.Version -             <clinit>:21   - INFO  - [] - HV000001: Hibernate Validator 8.0.1.Final
2024-10-04 10:56:42,508 .bank_demo.BankDemoApplication -          logStarting:50   - INFO  - [] - Starting BankDemoApplication using Java 17.0.8.1 with PID 3532 (D:\VNPay\TTS\bank_demo\target\classes started by MSI in D:\VNPay\TTS\bank_demo)
2024-10-04 10:56:42,509 .bank_demo.BankDemoApplication - ogStartupProfileInfo:654  - INFO  - [] - No active profile set, falling back to 1 default profile: "default"
2024-10-04 10:56:43,091 epositoryConfigurationDelegate - ltipleStoresDetected:295  - INFO  - [] - Multiple Spring Data modules found, entering strict repository configuration mode
2024-10-04 10:56:43,092 epositoryConfigurationDelegate - gisterRepositoriesIn:143  - INFO  - [] - Bootstrapping Spring Data JPA repositories in DEFAULT mode.
2024-10-04 10:56:43,201 epositoryConfigurationDelegate - gisterRepositoriesIn:211  - INFO  - [] - Finished Spring Data repository scanning in 104 ms. Found 2 JPA repository interfaces.
2024-10-04 10:56:43,211 epositoryConfigurationDelegate - ltipleStoresDetected:295  - INFO  - [] - Multiple Spring Data modules found, entering strict repository configuration mode
2024-10-04 10:56:43,212 epositoryConfigurationDelegate - gisterRepositoriesIn:143  - INFO  - [] - Bootstrapping Spring Data Redis repositories in DEFAULT mode.
2024-10-04 10:56:43,225 yConfigurationExtensionSupport - tRepositoryCandidate:320  - INFO  - [] - Spring Data Redis - Could not safely identify store assignment for repository candidate interface vn.vnpay.bank_demo.repository.PaymentRepository; If you want this repository to be a Redis repository, consider annotating your entities with one of these annotations: org.springframework.data.redis.core.RedisHash (preferred), or consider extending one of the following types with your repository: org.springframework.data.keyvalue.repository.KeyValueRepository
2024-10-04 10:56:43,225 yConfigurationExtensionSupport - tRepositoryCandidate:320  - INFO  - [] - Spring Data Redis - Could not safely identify store assignment for repository candidate interface vn.vnpay.bank_demo.repository.UsersRepository; If you want this repository to be a Redis repository, consider annotating your entities with one of these annotations: org.springframework.data.redis.core.RedisHash (preferred), or consider extending one of the following types with your repository: org.springframework.data.keyvalue.repository.KeyValueRepository
2024-10-04 10:56:43,225 epositoryConfigurationDelegate - gisterRepositoriesIn:211  - INFO  - [] - Finished Spring Data repository scanning in 6 ms. Found 0 Redis repository interfaces.
2024-10-04 10:56:43,636 mbedded.tomcat.TomcatWebServer -           initialize:111  - INFO  - [] - Tomcat initialized with port 8080 (http)
2024-10-04 10:56:43,643 oyote.http11.Http11NioProtocol -                  log:173  - INFO  - [] - Initializing ProtocolHandler ["http-nio-8080"]
2024-10-04 10:56:43,646 .catalina.core.StandardService -                  log:173  - INFO  - [] - Starting service [Tomcat]
2024-10-04 10:56:43,646 e.catalina.core.StandardEngine -                  log:173  - INFO  - [] - Starting Servlet engine: [Apache Tomcat/10.1.28]
2024-10-04 10:56:43,695 .[Tomcat].[localhost].[/vnpay] -                  log:173  - INFO  - [] - Initializing Spring embedded WebApplicationContext
2024-10-04 10:56:43,696 letWebServerApplicationContext - ebApplicationContext:296  - INFO  - [] - Root WebApplicationContext: initialization completed in 1155 ms
2024-10-04 10:56:43,842 te.jpa.internal.util.LogHelper - tenceUnitInformation:31   - INFO  - [] - HHH000204: Processing PersistenceUnitInfo [name: default]
2024-10-04 10:56:43,881 org.hibernate.Version          -           logVersion:44   - INFO  - [] - HHH000412: Hibernate ORM core version 6.5.2.Final
2024-10-04 10:56:43,907 nternal.RegionFactoryInitiator -      initiateService:50   - INFO  - [] - HHH000026: Second-level cache disabled
2024-10-04 10:56:44,105 unit.SpringPersistenceUnitInfo -       addTransformer:87   - INFO  - [] - No LoadTimeWeaver setup: ignoring JPA class transformer
2024-10-04 10:56:44,124 zaxxer.hikari.HikariDataSource -        getConnection:109  - INFO  - [] - HikariPool-1 - Starting...
2024-10-04 10:56:44,295 .zaxxer.hikari.pool.HikariPool -        checkFailFast:554  - INFO  - [] - HikariPool-1 - Added connection ConnectionID:1 ClientConnectionId: 884e5d39-34de-4748-bcba-feea6a165b74
2024-10-04 10:56:44,297 zaxxer.hikari.HikariDataSource -        getConnection:122  - INFO  - [] - HikariPool-1 - Start completed.
2024-10-04 10:56:45,048 .internal.JtaPlatformInitiator -      initiateService:59   - INFO  - [] - HHH000489: No JTA platform available (set 'hibernate.transaction.jta.platform' to enable JTA platform integration)
2024-10-04 10:56:45,050 tainerEntityManagerFactoryBean - EntityManagerFactory:437  - INFO  - [] - Initialized JPA EntityManagerFactory for persistence unit 'default'
2024-10-04 10:56:45,734 figuration$JpaWebConfiguration - gerInViewInterceptor:236  - WARN  - [] - spring.jpa.open-in-view is enabled by default. Therefore, database queries may be performed during view rendering. Explicitly configure spring.jpa.open-in-view to disable this warning
2024-10-04 10:56:45,919 tTemplateResolverConfiguration - mplateLocationExists:101  - WARN  - [] - Cannot find template location: classpath:/templates/ (please add some templates, check your Thymeleaf configuration, or set spring.thymeleaf.check-template-location=false)
2024-10-04 10:56:46,056 oyote.http11.Http11NioProtocol -                  log:173  - INFO  - [] - Starting ProtocolHandler ["http-nio-8080"]
2024-10-04 10:56:46,070 mbedded.tomcat.TomcatWebServer -                start:243  - INFO  - [] - Tomcat started on port 8080 (http) with context path '/vnpay'
2024-10-04 10:56:46,077 .bank_demo.BankDemoApplication -           logStarted:56   - INFO  - [] - Started BankDemoApplication in 3.98 seconds (process running for 4.521)
2024-10-04 10:56:54,767 .[Tomcat].[localhost].[/vnpay] -                  log:173  - INFO  - [] - Initializing Spring DispatcherServlet 'dispatcherServlet'
2024-10-04 10:56:54,767 .web.servlet.DispatcherServlet -      initServletBean:532  - INFO  - [] - Initializing Servlet 'dispatcherServlet'
2024-10-04 10:56:54,769 .web.servlet.DispatcherServlet -      initServletBean:554  - INFO  - [] - Completed initialization in 1 ms
2024-10-04 10:57:03,957 mo.service.impl.PayServiceImpl -        createPayment:39   - INFO  - [] - Begin create-payment: {
  "tokenKey": "pzYnZqdd-K7CB3lthYOb-VRx5ZWmRklycwrK4zPVjhs\u003d",
  "apiId": "restPayment",
  "mobile": "0345225630",
  "bankCode": "98765432",
  "privateKey": "87654321",
  "accountNo": "0001100014211002",
  "payDate": "20230918124530",
  "additionalData": "11",
  "debitAmount": 11300,
  "respCode": "00",
  "respDesc": "SUCCESS",
  "traceTransfer": "FT19310RH6P1",
  "messageType": "1",
  "checkSum": "a66f9c27ddc8bee82c50b5603cbb861eae7b3c26e7a5a75047268058898c7f41",
  "orderCode": "FT19310RH6P1",
  "userName": "cntest001",
  "realAmount": 11200,
  "promotionCode": "ABCXYZ",
  "addValue": "{\"payMethod\":\"01\",\"payMethodMMS\":1}"
}
2024-10-04 10:57:04,369 mo.service.impl.PayServiceImpl -     validateTokenKey:82   - INFO  - [] - Expiration time: 46975
2024-10-04 10:57:04,376 ay.bank_demo.util.CheckSumUtil -    calculateCheckSum:26   - INFO  - [] - Checksum: a66f9c27ddc8bee82c50b5603cbb861eae7b3c26e7a5a75047268058898c7f41
2024-10-04 10:57:04,377 mo.service.impl.PayServiceImpl -     validateCheckSum:125  - INFO  - [] - Checksum request: a66f9c27ddc8bee82c50b5603cbb861eae7b3c26e7a5a75047268058898c7f41
2024-10-04 10:57:04,381 ction.CachingConnectionFactory -      connectHostPort:682  - INFO  - [] - Attempting to connect to: 127.0.0.1:5672
2024-10-04 10:57:04,422 ction.CachingConnectionFactory - createBareConnection:608  - INFO  - [] - Created new connection: connectionFactory#7892635c:0/SimpleConnection@670052b [delegate=amqp://guest@127.0.0.1:5672/, localPort=52016]
2024-10-04 10:57:04,429 k.amqp.rabbit.core.RabbitAdmin -           initialize:686  - INFO  - [] - Auto-declaring a non-durable, auto-delete, or exclusive Queue (myQueue) durable:false, auto-delete:false, exclusive:false. It will be redeclared if the broker stops and is restarted while the connection factory is alive, but all messages will be lost.
2024-10-04 10:57:04,456 eplyToMessageListenerContainer -          actualStart:471  - INFO  - [] - Container initialized for queues: [amq.rabbitmq.reply-to]
2024-10-04 10:57:04,465 eplyToMessageListenerContainer -   doConsumeFromQueue:769  - INFO  - [] - SimpleConsumer [queue=amq.rabbitmq.reply-to, index=0, consumerTag=amq.ctag-akSRqpQqFkJyxzG98NXDuw identity=30fcab45] started
2024-10-04 10:57:04,507 mo.service.impl.PayServiceImpl -        createPayment:58   - INFO  - [] - Response Code RabbitMQ: {
  "code": "00",
  "message": "Insert database success"
}
2024-10-04 10:57:16,200 mo.service.impl.PayServiceImpl -        createPayment:71   - INFO  - [] - End create-payment: Success
2024-10-04 10:57:16,203 ay.bank_demo.util.CheckSumUtil -    calculateCheckSum:26   - INFO  - [] - Checksum: ad2c547439b1b8c88b923ce819635bdb169a19617e066891aa60130af57745c9
2024-10-04 10:57:16,203 ay.bank_demo.util.CheckSumUtil -    calculateCheckSum:26   - INFO  - [] - Checksum: ad2c547439b1b8c88b923ce819635bdb169a19617e066891aa60130af57745c9
2024-10-04 10:57:40,020 eplyToMessageListenerContainer - nAndWaitOrCallback$7:871  - INFO  - [] - Successfully waited for consumers to finish.
2024-10-04 10:57:40,028 tainerEntityManagerFactoryBean -              destroy:650  - INFO  - [] - Closing JPA EntityManagerFactory for persistence unit 'default'
2024-10-04 10:57:40,030 zaxxer.hikari.HikariDataSource -                close:349  - INFO  - [] - HikariPool-1 - Shutdown initiated...
2024-10-04 10:57:40,034 zaxxer.hikari.HikariDataSource -                close:351  - INFO  - [] - HikariPool-1 - Shutdown completed.
2024-10-04 11:01:22,239 alidator.internal.util.Version -             <clinit>:21   - INFO  - [] - HV000001: Hibernate Validator 8.0.1.Final
2024-10-04 11:01:22,272 .bank_demo.BankDemoApplication -          logStarting:50   - INFO  - [] - Starting BankDemoApplication using Java 17.0.8.1 with PID 15636 (D:\VNPay\TTS\bank_demo\target\classes started by MSI in D:\VNPay\TTS\bank_demo)
2024-10-04 11:01:22,273 .bank_demo.BankDemoApplication - ogStartupProfileInfo:654  - INFO  - [] - No active profile set, falling back to 1 default profile: "default"
2024-10-04 11:01:22,891 epositoryConfigurationDelegate - ltipleStoresDetected:295  - INFO  - [] - Multiple Spring Data modules found, entering strict repository configuration mode
2024-10-04 11:01:22,893 epositoryConfigurationDelegate - gisterRepositoriesIn:143  - INFO  - [] - Bootstrapping Spring Data JPA repositories in DEFAULT mode.
2024-10-04 11:01:23,004 epositoryConfigurationDelegate - gisterRepositoriesIn:211  - INFO  - [] - Finished Spring Data repository scanning in 105 ms. Found 2 JPA repository interfaces.
2024-10-04 11:01:23,015 epositoryConfigurationDelegate - ltipleStoresDetected:295  - INFO  - [] - Multiple Spring Data modules found, entering strict repository configuration mode
2024-10-04 11:01:23,016 epositoryConfigurationDelegate - gisterRepositoriesIn:143  - INFO  - [] - Bootstrapping Spring Data Redis repositories in DEFAULT mode.
2024-10-04 11:01:23,029 yConfigurationExtensionSupport - tRepositoryCandidate:320  - INFO  - [] - Spring Data Redis - Could not safely identify store assignment for repository candidate interface vn.vnpay.bank_demo.repository.PaymentRepository; If you want this repository to be a Redis repository, consider annotating your entities with one of these annotations: org.springframework.data.redis.core.RedisHash (preferred), or consider extending one of the following types with your repository: org.springframework.data.keyvalue.repository.KeyValueRepository
2024-10-04 11:01:23,029 yConfigurationExtensionSupport - tRepositoryCandidate:320  - INFO  - [] - Spring Data Redis - Could not safely identify store assignment for repository candidate interface vn.vnpay.bank_demo.repository.UsersRepository; If you want this repository to be a Redis repository, consider annotating your entities with one of these annotations: org.springframework.data.redis.core.RedisHash (preferred), or consider extending one of the following types with your repository: org.springframework.data.keyvalue.repository.KeyValueRepository
2024-10-04 11:01:23,029 epositoryConfigurationDelegate - gisterRepositoriesIn:211  - INFO  - [] - Finished Spring Data repository scanning in 7 ms. Found 0 Redis repository interfaces.
2024-10-04 11:01:23,404 mbedded.tomcat.TomcatWebServer -           initialize:111  - INFO  - [] - Tomcat initialized with port 8080 (http)
2024-10-04 11:01:23,419 oyote.http11.Http11NioProtocol -                  log:173  - INFO  - [] - Initializing ProtocolHandler ["http-nio-8080"]
2024-10-04 11:01:23,421 .catalina.core.StandardService -                  log:173  - INFO  - [] - Starting service [Tomcat]
2024-10-04 11:01:23,422 e.catalina.core.StandardEngine -                  log:173  - INFO  - [] - Starting Servlet engine: [Apache Tomcat/10.1.28]
2024-10-04 11:01:23,469 .[Tomcat].[localhost].[/vnpay] -                  log:173  - INFO  - [] - Initializing Spring embedded WebApplicationContext
2024-10-04 11:01:23,470 letWebServerApplicationContext - ebApplicationContext:296  - INFO  - [] - Root WebApplicationContext: initialization completed in 1167 ms
2024-10-04 11:01:23,607 te.jpa.internal.util.LogHelper - tenceUnitInformation:31   - INFO  - [] - HHH000204: Processing PersistenceUnitInfo [name: default]
2024-10-04 11:01:23,644 org.hibernate.Version          -           logVersion:44   - INFO  - [] - HHH000412: Hibernate ORM core version 6.5.2.Final
2024-10-04 11:01:23,665 nternal.RegionFactoryInitiator -      initiateService:50   - INFO  - [] - HHH000026: Second-level cache disabled
2024-10-04 11:01:23,840 unit.SpringPersistenceUnitInfo -       addTransformer:87   - INFO  - [] - No LoadTimeWeaver setup: ignoring JPA class transformer
2024-10-04 11:01:23,863 zaxxer.hikari.HikariDataSource -        getConnection:109  - INFO  - [] - HikariPool-1 - Starting...
2024-10-04 11:01:24,033 .zaxxer.hikari.pool.HikariPool -        checkFailFast:554  - INFO  - [] - HikariPool-1 - Added connection ConnectionID:1 ClientConnectionId: 3cb94938-68a4-4a1b-ac1b-63585b162fb2
2024-10-04 11:01:24,034 zaxxer.hikari.HikariDataSource -        getConnection:122  - INFO  - [] - HikariPool-1 - Start completed.
2024-10-04 11:01:24,638 .internal.JtaPlatformInitiator -      initiateService:59   - INFO  - [] - HHH000489: No JTA platform available (set 'hibernate.transaction.jta.platform' to enable JTA platform integration)
2024-10-04 11:01:24,640 tainerEntityManagerFactoryBean - EntityManagerFactory:437  - INFO  - [] - Initialized JPA EntityManagerFactory for persistence unit 'default'
2024-10-04 11:01:25,182 figuration$JpaWebConfiguration - gerInViewInterceptor:236  - WARN  - [] - spring.jpa.open-in-view is enabled by default. Therefore, database queries may be performed during view rendering. Explicitly configure spring.jpa.open-in-view to disable this warning
2024-10-04 11:01:25,342 tTemplateResolverConfiguration - mplateLocationExists:101  - WARN  - [] - Cannot find template location: classpath:/templates/ (please add some templates, check your Thymeleaf configuration, or set spring.thymeleaf.check-template-location=false)
2024-10-04 11:01:25,471 oyote.http11.Http11NioProtocol -                  log:173  - INFO  - [] - Starting ProtocolHandler ["http-nio-8080"]
2024-10-04 11:01:25,483 mbedded.tomcat.TomcatWebServer -                start:243  - INFO  - [] - Tomcat started on port 8080 (http) with context path '/vnpay'
2024-10-04 11:01:25,490 .bank_demo.BankDemoApplication -           logStarted:56   - INFO  - [] - Started BankDemoApplication in 3.632 seconds (process running for 4.067)
2024-10-04 11:01:54,634 .[Tomcat].[localhost].[/vnpay] -                  log:173  - INFO  - [] - Initializing Spring DispatcherServlet 'dispatcherServlet'
2024-10-04 11:01:54,635 .web.servlet.DispatcherServlet -      initServletBean:532  - INFO  - [] - Initializing Servlet 'dispatcherServlet'
2024-10-04 11:01:54,636 .web.servlet.DispatcherServlet -      initServletBean:554  - INFO  - [] - Completed initialization in 1 ms
2024-10-04 11:02:07,994 mo.service.impl.PayServiceImpl -        createPayment:39   - INFO  - [] - Begin create-payment: {
  "tokenKey": "rtTju0s6D36kCVSEZVmoEMxQQsOermDdcUYx6YlLjdI\u003d",
  "apiId": "restPayment",
  "mobile": "0345225630",
  "bankCode": "98765432",
  "privateKey": "87654321",
  "accountNo": "0001100014211002",
  "payDate": "20230918124530",
  "additionalData": "11",
  "debitAmount": 11300,
  "respCode": "00",
  "respDesc": "SUCCESS",
  "traceTransfer": "FT19310RH6P1",
  "messageType": "1",
  "checkSum": "a66f9c27ddc8bee82c50b5603cbb861eae7b3c26e7a5a75047268058898c7f41",
  "orderCode": "FT19310RH6P1",
  "userName": "cntest001",
  "realAmount": 11200,
  "promotionCode": "ABCXYZ",
  "addValue": "{\"payMethod\":\"01\",\"payMethodMMS\":1}"
}
2024-10-04 11:02:08,347 ay.bank_demo.util.CheckSumUtil -    calculateCheckSum:26   - INFO  - [] - Checksum: a66f9c27ddc8bee82c50b5603cbb861eae7b3c26e7a5a75047268058898c7f41
2024-10-04 11:02:08,347 mo.service.impl.PayServiceImpl -     validateCheckSum:135  - INFO  - [] - Checksum request: a66f9c27ddc8bee82c50b5603cbb861eae7b3c26e7a5a75047268058898c7f41
2024-10-04 11:02:08,351 ction.CachingConnectionFactory -      connectHostPort:682  - INFO  - [] - Attempting to connect to: 127.0.0.1:5672
2024-10-04 11:02:08,392 ction.CachingConnectionFactory - createBareConnection:608  - INFO  - [] - Created new connection: connectionFactory#13482361:0/SimpleConnection@4209a198 [delegate=amqp://guest@127.0.0.1:5672/, localPort=52100]
2024-10-04 11:02:08,397 k.amqp.rabbit.core.RabbitAdmin -           initialize:686  - INFO  - [] - Auto-declaring a non-durable, auto-delete, or exclusive Queue (myQueue) durable:false, auto-delete:false, exclusive:false. It will be redeclared if the broker stops and is restarted while the connection factory is alive, but all messages will be lost.
2024-10-04 11:02:08,424 eplyToMessageListenerContainer -          actualStart:471  - INFO  - [] - Container initialized for queues: [amq.rabbitmq.reply-to]
2024-10-04 11:02:08,431 eplyToMessageListenerContainer -   doConsumeFromQueue:769  - INFO  - [] - SimpleConsumer [queue=amq.rabbitmq.reply-to, index=0, consumerTag=amq.ctag-iCnYQseuu3zhUzqWn-cOxw identity=7e995ed7] started
2024-10-04 11:02:08,491 mo.service.impl.PayServiceImpl -    setDataToRabbitMQ:71   - INFO  - [] - Response Code RabbitMQ: {
  "code": "00",
  "message": "Insert database success"
}
2024-10-04 11:02:08,494 mo.service.impl.PayServiceImpl -        createPayment:61   - INFO  - [] - TokenKey: rtTju0s6D36kCVSEZVmoEMxQQsOermDdcUYx6YlLjdI=expiration time: 46671
2024-10-04 11:02:08,496 mo.service.impl.PayServiceImpl -        createPayment:64   - INFO  - [] - End create-payment: Success
2024-10-04 11:02:08,497 ay.bank_demo.util.CheckSumUtil -    calculateCheckSum:26   - INFO  - [] - Checksum: f86343a1747627e0892310b849ff73793330c8db068b97a4c1258b3c3e18f33c
2024-10-04 11:02:08,497 ay.bank_demo.util.CheckSumUtil -    calculateCheckSum:26   - INFO  - [] - Checksum: f86343a1747627e0892310b849ff73793330c8db068b97a4c1258b3c3e18f33c
2024-10-04 11:03:16,331 eplyToMessageListenerContainer - nAndWaitOrCallback$7:871  - INFO  - [] - Successfully waited for consumers to finish.
2024-10-04 11:03:16,341 tainerEntityManagerFactoryBean -              destroy:650  - INFO  - [] - Closing JPA EntityManagerFactory for persistence unit 'default'
2024-10-04 11:03:16,343 zaxxer.hikari.HikariDataSource -                close:349  - INFO  - [] - HikariPool-1 - Shutdown initiated...
2024-10-04 11:03:16,347 zaxxer.hikari.HikariDataSource -                close:351  - INFO  - [] - HikariPool-1 - Shutdown completed.
2024-10-04 11:04:37,758 alidator.internal.util.Version -             <clinit>:21   - INFO  - [] - HV000001: Hibernate Validator 8.0.1.Final
2024-10-04 11:04:37,788 .bank_demo.BankDemoApplication -          logStarting:50   - INFO  - [] - Starting BankDemoApplication using Java 17.0.8.1 with PID 21232 (D:\VNPay\TTS\bank_demo\target\classes started by MSI in D:\VNPay\TTS\bank_demo)
2024-10-04 11:04:37,789 .bank_demo.BankDemoApplication - ogStartupProfileInfo:654  - INFO  - [] - No active profile set, falling back to 1 default profile: "default"
2024-10-04 11:04:38,316 epositoryConfigurationDelegate - ltipleStoresDetected:295  - INFO  - [] - Multiple Spring Data modules found, entering strict repository configuration mode
2024-10-04 11:04:38,318 epositoryConfigurationDelegate - gisterRepositoriesIn:143  - INFO  - [] - Bootstrapping Spring Data JPA repositories in DEFAULT mode.
2024-10-04 11:04:38,431 epositoryConfigurationDelegate - gisterRepositoriesIn:211  - INFO  - [] - Finished Spring Data repository scanning in 108 ms. Found 2 JPA repository interfaces.
2024-10-04 11:04:38,442 epositoryConfigurationDelegate - ltipleStoresDetected:295  - INFO  - [] - Multiple Spring Data modules found, entering strict repository configuration mode
2024-10-04 11:04:38,443 epositoryConfigurationDelegate - gisterRepositoriesIn:143  - INFO  - [] - Bootstrapping Spring Data Redis repositories in DEFAULT mode.
2024-10-04 11:04:38,456 yConfigurationExtensionSupport - tRepositoryCandidate:320  - INFO  - [] - Spring Data Redis - Could not safely identify store assignment for repository candidate interface vn.vnpay.bank_demo.repository.PaymentRepository; If you want this repository to be a Redis repository, consider annotating your entities with one of these annotations: org.springframework.data.redis.core.RedisHash (preferred), or consider extending one of the following types with your repository: org.springframework.data.keyvalue.repository.KeyValueRepository
2024-10-04 11:04:38,457 yConfigurationExtensionSupport - tRepositoryCandidate:320  - INFO  - [] - Spring Data Redis - Could not safely identify store assignment for repository candidate interface vn.vnpay.bank_demo.repository.UsersRepository; If you want this repository to be a Redis repository, consider annotating your entities with one of these annotations: org.springframework.data.redis.core.RedisHash (preferred), or consider extending one of the following types with your repository: org.springframework.data.keyvalue.repository.KeyValueRepository
2024-10-04 11:04:38,457 epositoryConfigurationDelegate - gisterRepositoriesIn:211  - INFO  - [] - Finished Spring Data repository scanning in 8 ms. Found 0 Redis repository interfaces.
2024-10-04 11:04:38,867 mbedded.tomcat.TomcatWebServer -           initialize:111  - INFO  - [] - Tomcat initialized with port 8080 (http)
2024-10-04 11:04:38,876 oyote.http11.Http11NioProtocol -                  log:173  - INFO  - [] - Initializing ProtocolHandler ["http-nio-8080"]
2024-10-04 11:04:38,886 .catalina.core.StandardService -                  log:173  - INFO  - [] - Starting service [Tomcat]
2024-10-04 11:04:38,886 e.catalina.core.StandardEngine -                  log:173  - INFO  - [] - Starting Servlet engine: [Apache Tomcat/10.1.28]
2024-10-04 11:04:38,943 .[Tomcat].[localhost].[/vnpay] -                  log:173  - INFO  - [] - Initializing Spring embedded WebApplicationContext
2024-10-04 11:04:38,943 letWebServerApplicationContext - ebApplicationContext:296  - INFO  - [] - Root WebApplicationContext: initialization completed in 1124 ms
2024-10-04 11:04:39,094 te.jpa.internal.util.LogHelper - tenceUnitInformation:31   - INFO  - [] - HHH000204: Processing PersistenceUnitInfo [name: default]
2024-10-04 11:04:39,142 org.hibernate.Version          -           logVersion:44   - INFO  - [] - HHH000412: Hibernate ORM core version 6.5.2.Final
2024-10-04 11:04:39,168 nternal.RegionFactoryInitiator -      initiateService:50   - INFO  - [] - HHH000026: Second-level cache disabled
2024-10-04 11:04:39,371 unit.SpringPersistenceUnitInfo -       addTransformer:87   - INFO  - [] - No LoadTimeWeaver setup: ignoring JPA class transformer
2024-10-04 11:04:39,389 zaxxer.hikari.HikariDataSource -        getConnection:109  - INFO  - [] - HikariPool-1 - Starting...
2024-10-04 11:04:39,571 .zaxxer.hikari.pool.HikariPool -        checkFailFast:554  - INFO  - [] - HikariPool-1 - Added connection ConnectionID:1 ClientConnectionId: 6a542c6d-0b45-421d-8ec2-7707cdf5fc89
2024-10-04 11:04:39,572 zaxxer.hikari.HikariDataSource -        getConnection:122  - INFO  - [] - HikariPool-1 - Start completed.
2024-10-04 11:04:40,244 .internal.JtaPlatformInitiator -      initiateService:59   - INFO  - [] - HHH000489: No JTA platform available (set 'hibernate.transaction.jta.platform' to enable JTA platform integration)
2024-10-04 11:04:40,246 tainerEntityManagerFactoryBean - EntityManagerFactory:437  - INFO  - [] - Initialized JPA EntityManagerFactory for persistence unit 'default'
2024-10-04 11:04:40,817 figuration$JpaWebConfiguration - gerInViewInterceptor:236  - WARN  - [] - spring.jpa.open-in-view is enabled by default. Therefore, database queries may be performed during view rendering. Explicitly configure spring.jpa.open-in-view to disable this warning
2024-10-04 11:04:40,985 tTemplateResolverConfiguration - mplateLocationExists:101  - WARN  - [] - Cannot find template location: classpath:/templates/ (please add some templates, check your Thymeleaf configuration, or set spring.thymeleaf.check-template-location=false)
2024-10-04 11:04:41,114 oyote.http11.Http11NioProtocol -                  log:173  - INFO  - [] - Starting ProtocolHandler ["http-nio-8080"]
2024-10-04 11:04:41,126 mbedded.tomcat.TomcatWebServer -                start:243  - INFO  - [] - Tomcat started on port 8080 (http) with context path '/vnpay'
2024-10-04 11:04:41,133 .bank_demo.BankDemoApplication -           logStarted:56   - INFO  - [] - Started BankDemoApplication in 3.706 seconds (process running for 4.203)
2024-10-04 11:04:58,985 .[Tomcat].[localhost].[/vnpay] -                  log:173  - INFO  - [] - Initializing Spring DispatcherServlet 'dispatcherServlet'
2024-10-04 11:04:58,985 .web.servlet.DispatcherServlet -      initServletBean:532  - INFO  - [] - Initializing Servlet 'dispatcherServlet'
2024-10-04 11:04:58,986 .web.servlet.DispatcherServlet -      initServletBean:554  - INFO  - [] - Completed initialization in 1 ms
2024-10-04 11:04:59,110 mo.service.impl.PayServiceImpl -        createPayment:39   - INFO  - [] - Begin create-payment: {
  "tokenKey": "rtTju0s6D36kCVSEZVmoEMxQQsOermDdcUYx6YlLjdI\u003d",
  "apiId": "restPayment",
  "mobile": "0345225630",
  "bankCode": "98765432",
  "privateKey": "87654321",
  "accountNo": "0001100014211002",
  "payDate": "20230918124530",
  "additionalData": "11",
  "debitAmount": 11300,
  "respCode": "00",
  "respDesc": "SUCCESS",
  "traceTransfer": "FT19310RH6P1",
  "messageType": "1",
  "checkSum": "a66f9c27ddc8bee82c50b5603cbb861eae7b3c26e7a5a75047268058898c7f41",
  "orderCode": "FT19310RH6P1",
  "userName": "cntest001",
  "realAmount": 11200,
  "promotionCode": "ABCXYZ",
  "addValue": "{\"payMethod\":\"01\",\"payMethodMMS\":1}"
}
2024-10-04 11:04:59,479 mo.service.impl.PayServiceImpl -        createPayment:42   - INFO  - [] - TokenKey is duplicated
2024-10-04 11:04:59,482 ay.bank_demo.util.CheckSumUtil -    calculateCheckSum:26   - INFO  - [] - Checksum: bbd828e0ea123d9fdd987204d876ff34a4ca1044c7f1588c942ae727c3ece992
2024-10-04 11:05:19,385 mo.service.impl.PayServiceImpl -        createPayment:39   - INFO  - [] - Begin create-payment: {
  "tokenKey": "xa7nkXZot9mz9LE6fC_--C5ZYZoVqw2uqsbcHLW4wX4\u003d",
  "apiId": "restPayment",
  "mobile": "0345225630",
  "bankCode": "98765432",
  "privateKey": "87654321",
  "accountNo": "0001100014211002",
  "payDate": "20230918124530",
  "additionalData": "11",
  "debitAmount": 11300,
  "respCode": "00",
  "respDesc": "SUCCESS",
  "traceTransfer": "FT19310RH6P1",
  "messageType": "1",
  "checkSum": "a66f9c27ddc8bee82c50b5603cbb861eae7b3c26e7a5a75047268058898c7f41",
  "orderCode": "FT19310RH6P1",
  "userName": "cntest001",
  "realAmount": 11200,
  "promotionCode": "ABCXYZ",
  "addValue": "{\"payMethod\":\"01\",\"payMethodMMS\":1}"
}
2024-10-04 11:05:19,389 ay.bank_demo.util.CheckSumUtil -    calculateCheckSum:26   - INFO  - [] - Checksum: a66f9c27ddc8bee82c50b5603cbb861eae7b3c26e7a5a75047268058898c7f41
2024-10-04 11:05:19,390 mo.service.impl.PayServiceImpl -     validateCheckSum:134  - INFO  - [] - Checksum request: a66f9c27ddc8bee82c50b5603cbb861eae7b3c26e7a5a75047268058898c7f41
2024-10-04 11:05:19,393 ction.CachingConnectionFactory -      connectHostPort:682  - INFO  - [] - Attempting to connect to: 127.0.0.1:5672
2024-10-04 11:05:19,431 ction.CachingConnectionFactory - createBareConnection:608  - INFO  - [] - Created new connection: connectionFactory#61799152:0/SimpleConnection@29a4af75 [delegate=amqp://guest@127.0.0.1:5672/, localPort=52156]
2024-10-04 11:05:19,436 k.amqp.rabbit.core.RabbitAdmin -           initialize:686  - INFO  - [] - Auto-declaring a non-durable, auto-delete, or exclusive Queue (myQueue) durable:false, auto-delete:false, exclusive:false. It will be redeclared if the broker stops and is restarted while the connection factory is alive, but all messages will be lost.
2024-10-04 11:05:19,462 eplyToMessageListenerContainer -          actualStart:471  - INFO  - [] - Container initialized for queues: [amq.rabbitmq.reply-to]
2024-10-04 11:05:19,469 eplyToMessageListenerContainer -   doConsumeFromQueue:769  - INFO  - [] - SimpleConsumer [queue=amq.rabbitmq.reply-to, index=0, consumerTag=amq.ctag-1JP6TtXUpwKF__9MUZ7T1Q identity=39e0875d] started
2024-10-04 11:05:24,485 mo.service.impl.PayServiceImpl -    setDataToRabbitMQ:70   - INFO  - [] - Response Consumer: null
2024-10-04 11:05:24,489 mo.service.impl.PayServiceImpl -        createPayment:61   - INFO  - [] - TokenKey: xa7nkXZot9mz9LE6fC_--C5ZYZoVqw2uqsbcHLW4wX4= expiration time: 46475S
2024-10-04 11:05:24,493 mo.service.impl.PayServiceImpl -        createPayment:64   - INFO  - [] - End create-payment: Success
2024-10-04 11:05:24,493 ay.bank_demo.util.CheckSumUtil -    calculateCheckSum:26   - INFO  - [] - Checksum: b1fe3ab70c0939342f41da59a81d086e79bfeb12e63fad0fd730e734710e4ffc
2024-10-04 11:05:24,494 ay.bank_demo.util.CheckSumUtil -    calculateCheckSum:26   - INFO  - [] - Checksum: b1fe3ab70c0939342f41da59a81d086e79bfeb12e63fad0fd730e734710e4ffc
2024-10-04 11:06:09,770 eplyToMessageListenerContainer - nAndWaitOrCallback$7:871  - INFO  - [] - Successfully waited for consumers to finish.
2024-10-04 11:06:09,775 tainerEntityManagerFactoryBean -              destroy:650  - INFO  - [] - Closing JPA EntityManagerFactory for persistence unit 'default'
2024-10-04 11:06:09,777 zaxxer.hikari.HikariDataSource -                close:349  - INFO  - [] - HikariPool-1 - Shutdown initiated...
2024-10-04 11:06:09,780 zaxxer.hikari.HikariDataSource -                close:351  - INFO  - [] - HikariPool-1 - Shutdown completed.
2024-10-04 11:06:12,272 alidator.internal.util.Version -             <clinit>:21   - INFO  - [] - HV000001: Hibernate Validator 8.0.1.Final
2024-10-04 11:06:12,302 .bank_demo.BankDemoApplication -          logStarting:50   - INFO  - [] - Starting BankDemoApplication using Java 17.0.8.1 with PID 11408 (D:\VNPay\TTS\bank_demo\target\classes started by MSI in D:\VNPay\TTS\bank_demo)
2024-10-04 11:06:12,303 .bank_demo.BankDemoApplication - ogStartupProfileInfo:654  - INFO  - [] - No active profile set, falling back to 1 default profile: "default"
2024-10-04 11:06:12,834 epositoryConfigurationDelegate - ltipleStoresDetected:295  - INFO  - [] - Multiple Spring Data modules found, entering strict repository configuration mode
2024-10-04 11:06:12,835 epositoryConfigurationDelegate - gisterRepositoriesIn:143  - INFO  - [] - Bootstrapping Spring Data JPA repositories in DEFAULT mode.
2024-10-04 11:06:12,940 epositoryConfigurationDelegate - gisterRepositoriesIn:211  - INFO  - [] - Finished Spring Data repository scanning in 99 ms. Found 2 JPA repository interfaces.
2024-10-04 11:06:12,951 epositoryConfigurationDelegate - ltipleStoresDetected:295  - INFO  - [] - Multiple Spring Data modules found, entering strict repository configuration mode
2024-10-04 11:06:12,952 epositoryConfigurationDelegate - gisterRepositoriesIn:143  - INFO  - [] - Bootstrapping Spring Data Redis repositories in DEFAULT mode.
2024-10-04 11:06:12,962 yConfigurationExtensionSupport - tRepositoryCandidate:320  - INFO  - [] - Spring Data Redis - Could not safely identify store assignment for repository candidate interface vn.vnpay.bank_demo.repository.PaymentRepository; If you want this repository to be a Redis repository, consider annotating your entities with one of these annotations: org.springframework.data.redis.core.RedisHash (preferred), or consider extending one of the following types with your repository: org.springframework.data.keyvalue.repository.KeyValueRepository
2024-10-04 11:06:12,962 yConfigurationExtensionSupport - tRepositoryCandidate:320  - INFO  - [] - Spring Data Redis - Could not safely identify store assignment for repository candidate interface vn.vnpay.bank_demo.repository.UsersRepository; If you want this repository to be a Redis repository, consider annotating your entities with one of these annotations: org.springframework.data.redis.core.RedisHash (preferred), or consider extending one of the following types with your repository: org.springframework.data.keyvalue.repository.KeyValueRepository
2024-10-04 11:06:12,963 epositoryConfigurationDelegate - gisterRepositoriesIn:211  - INFO  - [] - Finished Spring Data repository scanning in 5 ms. Found 0 Redis repository interfaces.
2024-10-04 11:06:13,353 mbedded.tomcat.TomcatWebServer -           initialize:111  - INFO  - [] - Tomcat initialized with port 8080 (http)
2024-10-04 11:06:13,360 oyote.http11.Http11NioProtocol -                  log:173  - INFO  - [] - Initializing ProtocolHandler ["http-nio-8080"]
2024-10-04 11:06:13,362 .catalina.core.StandardService -                  log:173  - INFO  - [] - Starting service [Tomcat]
2024-10-04 11:06:13,362 e.catalina.core.StandardEngine -                  log:173  - INFO  - [] - Starting Servlet engine: [Apache Tomcat/10.1.28]
2024-10-04 11:06:13,408 .[Tomcat].[localhost].[/vnpay] -                  log:173  - INFO  - [] - Initializing Spring embedded WebApplicationContext
2024-10-04 11:06:13,408 letWebServerApplicationContext - ebApplicationContext:296  - INFO  - [] - Root WebApplicationContext: initialization completed in 1075 ms
2024-10-04 11:06:13,554 te.jpa.internal.util.LogHelper - tenceUnitInformation:31   - INFO  - [] - HHH000204: Processing PersistenceUnitInfo [name: default]
2024-10-04 11:06:13,591 org.hibernate.Version          -           logVersion:44   - INFO  - [] - HHH000412: Hibernate ORM core version 6.5.2.Final
2024-10-04 11:06:13,615 nternal.RegionFactoryInitiator -      initiateService:50   - INFO  - [] - HHH000026: Second-level cache disabled
2024-10-04 11:06:13,816 unit.SpringPersistenceUnitInfo -       addTransformer:87   - INFO  - [] - No LoadTimeWeaver setup: ignoring JPA class transformer
2024-10-04 11:06:13,834 zaxxer.hikari.HikariDataSource -        getConnection:109  - INFO  - [] - HikariPool-1 - Starting...
2024-10-04 11:06:14,009 .zaxxer.hikari.pool.HikariPool -        checkFailFast:554  - INFO  - [] - HikariPool-1 - Added connection ConnectionID:1 ClientConnectionId: af7e5ebd-0742-40ac-a9c9-acec32db163e
2024-10-04 11:06:14,010 zaxxer.hikari.HikariDataSource -        getConnection:122  - INFO  - [] - HikariPool-1 - Start completed.
2024-10-04 11:06:14,663 .internal.JtaPlatformInitiator -      initiateService:59   - INFO  - [] - HHH000489: No JTA platform available (set 'hibernate.transaction.jta.platform' to enable JTA platform integration)
2024-10-04 11:06:14,665 tainerEntityManagerFactoryBean - EntityManagerFactory:437  - INFO  - [] - Initialized JPA EntityManagerFactory for persistence unit 'default'
2024-10-04 11:06:15,260 figuration$JpaWebConfiguration - gerInViewInterceptor:236  - WARN  - [] - spring.jpa.open-in-view is enabled by default. Therefore, database queries may be performed during view rendering. Explicitly configure spring.jpa.open-in-view to disable this warning
2024-10-04 11:06:15,443 tTemplateResolverConfiguration - mplateLocationExists:101  - WARN  - [] - Cannot find template location: classpath:/templates/ (please add some templates, check your Thymeleaf configuration, or set spring.thymeleaf.check-template-location=false)
2024-10-04 11:06:15,580 oyote.http11.Http11NioProtocol -                  log:173  - INFO  - [] - Starting ProtocolHandler ["http-nio-8080"]
2024-10-04 11:06:15,594 mbedded.tomcat.TomcatWebServer -                start:243  - INFO  - [] - Tomcat started on port 8080 (http) with context path '/vnpay'
2024-10-04 11:06:15,602 .bank_demo.BankDemoApplication -           logStarted:56   - INFO  - [] - Started BankDemoApplication in 3.69 seconds (process running for 4.169)
2024-10-04 11:06:31,820 .[Tomcat].[localhost].[/vnpay] -                  log:173  - INFO  - [] - Initializing Spring DispatcherServlet 'dispatcherServlet'
2024-10-04 11:06:31,820 .web.servlet.DispatcherServlet -      initServletBean:532  - INFO  - [] - Initializing Servlet 'dispatcherServlet'
2024-10-04 11:06:31,821 .web.servlet.DispatcherServlet -      initServletBean:554  - INFO  - [] - Completed initialization in 1 ms
2024-10-04 11:06:31,953 mo.service.impl.PayServiceImpl -        createPayment:39   - INFO  - [] - Begin create-payment: {
  "tokenKey": "xa7nkXZot9mz9LE6fC_--C5ZYZoVqw2uqsbcHLW4wX4\u003d",
  "apiId": "restPayment",
  "mobile": "0345225630",
  "bankCode": "98765432",
  "privateKey": "87654321",
  "accountNo": "0001100014211002",
  "payDate": "20230918124530",
  "additionalData": "11",
  "debitAmount": 11300,
  "respCode": "00",
  "respDesc": "SUCCESS",
  "traceTransfer": "FT19310RH6P1",
  "messageType": "1",
  "checkSum": "a66f9c27ddc8bee82c50b5603cbb861eae7b3c26e7a5a75047268058898c7f41",
  "orderCode": "FT19310RH6P1",
  "userName": "cntest001",
  "realAmount": 11200,
  "promotionCode": "ABCXYZ",
  "addValue": "{\"payMethod\":\"01\",\"payMethodMMS\":1}"
}
2024-10-04 11:06:32,358 mo.service.impl.PayServiceImpl -        createPayment:42   - INFO  - [] - TokenKey is duplicated
2024-10-04 11:06:32,361 ay.bank_demo.util.CheckSumUtil -    calculateCheckSum:26   - INFO  - [] - Checksum: bbd828e0ea123d9fdd987204d876ff34a4ca1044c7f1588c942ae727c3ece992
2024-10-04 11:07:12,230 mo.service.impl.PayServiceImpl -        createPayment:39   - INFO  - [] - Begin create-payment: {
  "tokenKey": "nj0hWIY06xOqWIhE255bS0g2Ax93BNPjdtoltBdFMa4\u003d",
  "apiId": "restPayment",
  "mobile": "0345225630",
  "bankCode": "98765432",
  "privateKey": "87654321",
  "accountNo": "0001100014211002",
  "payDate": "20230918124530",
  "additionalData": "11",
  "debitAmount": 11300,
  "respCode": "00",
  "respDesc": "SUCCESS",
  "traceTransfer": "FT19310RH6P1",
  "messageType": "1",
  "checkSum": "a66f9c27ddc8bee82c50b5603cbb861eae7b3c26e7a5a75047268058898c7f41",
  "orderCode": "FT19310RH6P1",
  "userName": "cntest001",
  "realAmount": 11200,
  "promotionCode": "ABCXYZ",
  "addValue": "{\"payMethod\":\"01\",\"payMethodMMS\":1}"
}
2024-10-04 11:07:12,234 ay.bank_demo.util.CheckSumUtil -    calculateCheckSum:26   - INFO  - [] - Checksum: a66f9c27ddc8bee82c50b5603cbb861eae7b3c26e7a5a75047268058898c7f41
2024-10-04 11:07:12,235 mo.service.impl.PayServiceImpl -     validateCheckSum:134  - INFO  - [] - Checksum request: a66f9c27ddc8bee82c50b5603cbb861eae7b3c26e7a5a75047268058898c7f41
2024-10-04 11:07:12,239 ction.CachingConnectionFactory -      connectHostPort:682  - INFO  - [] - Attempting to connect to: 127.0.0.1:5672
2024-10-04 11:07:12,278 ction.CachingConnectionFactory - createBareConnection:608  - INFO  - [] - Created new connection: connectionFactory#1ed763aa:0/SimpleConnection@d5c9eb4 [delegate=amqp://guest@127.0.0.1:5672/, localPort=52241]
2024-10-04 11:07:12,284 k.amqp.rabbit.core.RabbitAdmin -           initialize:686  - INFO  - [] - Auto-declaring a non-durable, auto-delete, or exclusive Queue (myQueue) durable:false, auto-delete:false, exclusive:false. It will be redeclared if the broker stops and is restarted while the connection factory is alive, but all messages will be lost.
2024-10-04 11:07:12,310 eplyToMessageListenerContainer -          actualStart:471  - INFO  - [] - Container initialized for queues: [amq.rabbitmq.reply-to]
2024-10-04 11:07:12,317 eplyToMessageListenerContainer -   doConsumeFromQueue:769  - INFO  - [] - SimpleConsumer [queue=amq.rabbitmq.reply-to, index=0, consumerTag=amq.ctag-4em4LB1QcevLr5YJCSK26A identity=32f4f095] started
2024-10-04 11:07:17,330 mo.service.impl.PayServiceImpl -    setDataToRabbitMQ:70   - INFO  - [] - Response Consumer: null
2024-10-04 11:07:17,332 mo.service.impl.PayServiceImpl -        createPayment:61   - INFO  - [] - TokenKey: nj0hWIY06xOqWIhE255bS0g2Ax93BNPjdtoltBdFMa4= expiration time: 46362S
2024-10-04 11:07:17,335 mo.service.impl.PayServiceImpl -        createPayment:64   - INFO  - [] - End create-payment: Success
2024-10-04 11:07:17,336 ay.bank_demo.util.CheckSumUtil -    calculateCheckSum:26   - INFO  - [] - Checksum: 527cc15c4a802ac6407df2d15cbefe8ab7283fa9b89476212549bd868a05af19
2024-10-04 11:07:17,336 ay.bank_demo.util.CheckSumUtil -    calculateCheckSum:26   - INFO  - [] - Checksum: 527cc15c4a802ac6407df2d15cbefe8ab7283fa9b89476212549bd868a05af19
2024-10-04 11:07:25,656 eplyToMessageListenerContainer - nAndWaitOrCallback$7:871  - INFO  - [] - Successfully waited for consumers to finish.
2024-10-04 11:07:25,662 tainerEntityManagerFactoryBean -              destroy:650  - INFO  - [] - Closing JPA EntityManagerFactory for persistence unit 'default'
2024-10-04 11:07:25,663 zaxxer.hikari.HikariDataSource -                close:349  - INFO  - [] - HikariPool-1 - Shutdown initiated...
2024-10-04 11:07:25,667 zaxxer.hikari.HikariDataSource -                close:351  - INFO  - [] - HikariPool-1 - Shutdown completed.
2024-10-04 11:07:28,375 alidator.internal.util.Version -             <clinit>:21   - INFO  - [] - HV000001: Hibernate Validator 8.0.1.Final
2024-10-04 11:07:28,407 .bank_demo.BankDemoApplication -          logStarting:50   - INFO  - [] - Starting BankDemoApplication using Java 17.0.8.1 with PID 4792 (D:\VNPay\TTS\bank_demo\target\classes started by MSI in D:\VNPay\TTS\bank_demo)
2024-10-04 11:07:28,408 .bank_demo.BankDemoApplication - ogStartupProfileInfo:654  - INFO  - [] - No active profile set, falling back to 1 default profile: "default"
2024-10-04 11:07:28,987 epositoryConfigurationDelegate - ltipleStoresDetected:295  - INFO  - [] - Multiple Spring Data modules found, entering strict repository configuration mode
2024-10-04 11:07:28,988 epositoryConfigurationDelegate - gisterRepositoriesIn:143  - INFO  - [] - Bootstrapping Spring Data JPA repositories in DEFAULT mode.
2024-10-04 11:07:29,098 epositoryConfigurationDelegate - gisterRepositoriesIn:211  - INFO  - [] - Finished Spring Data repository scanning in 104 ms. Found 2 JPA repository interfaces.
2024-10-04 11:07:29,108 epositoryConfigurationDelegate - ltipleStoresDetected:295  - INFO  - [] - Multiple Spring Data modules found, entering strict repository configuration mode
2024-10-04 11:07:29,109 epositoryConfigurationDelegate - gisterRepositoriesIn:143  - INFO  - [] - Bootstrapping Spring Data Redis repositories in DEFAULT mode.
2024-10-04 11:07:29,121 yConfigurationExtensionSupport - tRepositoryCandidate:320  - INFO  - [] - Spring Data Redis - Could not safely identify store assignment for repository candidate interface vn.vnpay.bank_demo.repository.PaymentRepository; If you want this repository to be a Redis repository, consider annotating your entities with one of these annotations: org.springframework.data.redis.core.RedisHash (preferred), or consider extending one of the following types with your repository: org.springframework.data.keyvalue.repository.KeyValueRepository
2024-10-04 11:07:29,122 yConfigurationExtensionSupport - tRepositoryCandidate:320  - INFO  - [] - Spring Data Redis - Could not safely identify store assignment for repository candidate interface vn.vnpay.bank_demo.repository.UsersRepository; If you want this repository to be a Redis repository, consider annotating your entities with one of these annotations: org.springframework.data.redis.core.RedisHash (preferred), or consider extending one of the following types with your repository: org.springframework.data.keyvalue.repository.KeyValueRepository
2024-10-04 11:07:29,122 epositoryConfigurationDelegate - gisterRepositoriesIn:211  - INFO  - [] - Finished Spring Data repository scanning in 6 ms. Found 0 Redis repository interfaces.
2024-10-04 11:07:29,514 mbedded.tomcat.TomcatWebServer -           initialize:111  - INFO  - [] - Tomcat initialized with port 8080 (http)
2024-10-04 11:07:29,521 oyote.http11.Http11NioProtocol -                  log:173  - INFO  - [] - Initializing ProtocolHandler ["http-nio-8080"]
2024-10-04 11:07:29,523 .catalina.core.StandardService -                  log:173  - INFO  - [] - Starting service [Tomcat]
2024-10-04 11:07:29,523 e.catalina.core.StandardEngine -                  log:173  - INFO  - [] - Starting Servlet engine: [Apache Tomcat/10.1.28]
2024-10-04 11:07:29,568 .[Tomcat].[localhost].[/vnpay] -                  log:173  - INFO  - [] - Initializing Spring embedded WebApplicationContext
2024-10-04 11:07:29,568 letWebServerApplicationContext - ebApplicationContext:296  - INFO  - [] - Root WebApplicationContext: initialization completed in 1128 ms
2024-10-04 11:07:29,714 te.jpa.internal.util.LogHelper - tenceUnitInformation:31   - INFO  - [] - HHH000204: Processing PersistenceUnitInfo [name: default]
2024-10-04 11:07:29,753 org.hibernate.Version          -           logVersion:44   - INFO  - [] - HHH000412: Hibernate ORM core version 6.5.2.Final
2024-10-04 11:07:29,780 nternal.RegionFactoryInitiator -      initiateService:50   - INFO  - [] - HHH000026: Second-level cache disabled
2024-10-04 11:07:29,985 unit.SpringPersistenceUnitInfo -       addTransformer:87   - INFO  - [] - No LoadTimeWeaver setup: ignoring JPA class transformer
2024-10-04 11:07:30,005 zaxxer.hikari.HikariDataSource -        getConnection:109  - INFO  - [] - HikariPool-1 - Starting...
2024-10-04 11:07:30,192 .zaxxer.hikari.pool.HikariPool -        checkFailFast:554  - INFO  - [] - HikariPool-1 - Added connection ConnectionID:1 ClientConnectionId: a9a3323a-24aa-47e7-950d-34f321b7ab2e
2024-10-04 11:07:30,194 zaxxer.hikari.HikariDataSource -        getConnection:122  - INFO  - [] - HikariPool-1 - Start completed.
2024-10-04 11:07:30,953 .internal.JtaPlatformInitiator -      initiateService:59   - INFO  - [] - HHH000489: No JTA platform available (set 'hibernate.transaction.jta.platform' to enable JTA platform integration)
2024-10-04 11:07:30,955 tainerEntityManagerFactoryBean - EntityManagerFactory:437  - INFO  - [] - Initialized JPA EntityManagerFactory for persistence unit 'default'
2024-10-04 11:07:31,605 figuration$JpaWebConfiguration - gerInViewInterceptor:236  - WARN  - [] - spring.jpa.open-in-view is enabled by default. Therefore, database queries may be performed during view rendering. Explicitly configure spring.jpa.open-in-view to disable this warning
2024-10-04 11:07:31,792 tTemplateResolverConfiguration - mplateLocationExists:101  - WARN  - [] - Cannot find template location: classpath:/templates/ (please add some templates, check your Thymeleaf configuration, or set spring.thymeleaf.check-template-location=false)
2024-10-04 11:07:31,923 oyote.http11.Http11NioProtocol -                  log:173  - INFO  - [] - Starting ProtocolHandler ["http-nio-8080"]
2024-10-04 11:07:31,938 mbedded.tomcat.TomcatWebServer -                start:243  - INFO  - [] - Tomcat started on port 8080 (http) with context path '/vnpay'
2024-10-04 11:07:31,945 .bank_demo.BankDemoApplication -           logStarted:56   - INFO  - [] - Started BankDemoApplication in 3.932 seconds (process running for 4.399)
2024-10-04 11:07:38,089 .[Tomcat].[localhost].[/vnpay] -                  log:173  - INFO  - [] - Initializing Spring DispatcherServlet 'dispatcherServlet'
2024-10-04 11:07:38,089 .web.servlet.DispatcherServlet -      initServletBean:532  - INFO  - [] - Initializing Servlet 'dispatcherServlet'
2024-10-04 11:07:38,090 .web.servlet.DispatcherServlet -      initServletBean:554  - INFO  - [] - Completed initialization in 1 ms
2024-10-04 11:07:47,528 mo.service.impl.PayServiceImpl -        createPayment:39   - INFO  - [] - Begin create-payment: {
  "tokenKey": "J4sMRvsITKJHEwP3Ia3dfVjV7M2ZBsUn9jcswtd0XmY\u003d",
  "apiId": "restPayment",
  "mobile": "0345225630",
  "bankCode": "98765432",
  "privateKey": "87654321",
  "accountNo": "0001100014211002",
  "payDate": "20230918124530",
  "additionalData": "11",
  "debitAmount": 11300,
  "respCode": "00",
  "respDesc": "SUCCESS",
  "traceTransfer": "FT19310RH6P1",
  "messageType": "1",
  "checkSum": "a66f9c27ddc8bee82c50b5603cbb861eae7b3c26e7a5a75047268058898c7f41",
  "orderCode": "FT19310RH6P1",
  "userName": "cntest001",
  "realAmount": 11200,
  "promotionCode": "ABCXYZ",
  "addValue": "{\"payMethod\":\"01\",\"payMethodMMS\":1}"
}
2024-10-04 11:07:47,923 ay.bank_demo.util.CheckSumUtil -    calculateCheckSum:26   - INFO  - [] - Checksum: a66f9c27ddc8bee82c50b5603cbb861eae7b3c26e7a5a75047268058898c7f41
2024-10-04 11:07:47,923 mo.service.impl.PayServiceImpl -     validateCheckSum:134  - INFO  - [] - Checksum request: a66f9c27ddc8bee82c50b5603cbb861eae7b3c26e7a5a75047268058898c7f41
2024-10-04 11:07:52,443 ction.CachingConnectionFactory -      connectHostPort:682  - INFO  - [] - Attempting to connect to: 127.0.0.1:5672
2024-10-04 11:07:52,483 ction.CachingConnectionFactory - createBareConnection:608  - INFO  - [] - Created new connection: connectionFactory#4c541b00:0/SimpleConnection@458be247 [delegate=amqp://guest@127.0.0.1:5672/, localPort=52280]
2024-10-04 11:07:52,490 k.amqp.rabbit.core.RabbitAdmin -           initialize:686  - INFO  - [] - Auto-declaring a non-durable, auto-delete, or exclusive Queue (myQueue) durable:false, auto-delete:false, exclusive:false. It will be redeclared if the broker stops and is restarted while the connection factory is alive, but all messages will be lost.
2024-10-04 11:07:52,518 eplyToMessageListenerContainer -          actualStart:471  - INFO  - [] - Container initialized for queues: [amq.rabbitmq.reply-to]
2024-10-04 11:07:52,527 eplyToMessageListenerContainer -   doConsumeFromQueue:769  - INFO  - [] - SimpleConsumer [queue=amq.rabbitmq.reply-to, index=0, consumerTag=amq.ctag-iMdx4_RgOMi64GEUA5nVww identity=56f3a147] started
2024-10-04 11:07:57,550 mo.service.impl.PayServiceImpl -    setDataToRabbitMQ:70   - INFO  - [] - Response Consumer: null
2024-10-04 11:07:57,552 mo.service.impl.PayServiceImpl -        createPayment:61   - INFO  - [] - TokenKey: J4sMRvsITKJHEwP3Ia3dfVjV7M2ZBsUn9jcswtd0XmY= expiration time: 46322S
2024-10-04 11:07:57,555 mo.service.impl.PayServiceImpl -        createPayment:64   - INFO  - [] - End create-payment: Success
2024-10-04 11:07:57,556 ay.bank_demo.util.CheckSumUtil -    calculateCheckSum:26   - INFO  - [] - Checksum: 6546d1dbac21e482e15675a32c41cbba091c6a1135482afca40c1aab18a58492
2024-10-04 11:07:57,557 ay.bank_demo.util.CheckSumUtil -    calculateCheckSum:26   - INFO  - [] - Checksum: 6546d1dbac21e482e15675a32c41cbba091c6a1135482afca40c1aab18a58492
2024-10-04 11:08:23,178 mo.service.impl.PayServiceImpl -        createPayment:39   - INFO  - [] - Begin create-payment: {
  "tokenKey": "d40TQEH9Hr9VRC98VjIN9yA8_ajf6K75JjO9Yq_45YE\u003d",
  "apiId": "restPayment",
  "mobile": "0345225630",
  "bankCode": "98765432",
  "privateKey": "87654321",
  "accountNo": "0001100014211002",
  "payDate": "20230918124530",
  "additionalData": "11",
  "debitAmount": 11300,
  "respCode": "00",
  "respDesc": "SUCCESS",
  "traceTransfer": "FT19310RH6P1",
  "messageType": "1",
  "checkSum": "a66f9c27ddc8bee82c50b5603cbb861eae7b3c26e7a5a75047268058898c7f41",
  "orderCode": "FT19310RH6P1",
  "userName": "cntest001",
  "realAmount": 11200,
  "promotionCode": "ABCXYZ",
  "addValue": "{\"payMethod\":\"01\",\"payMethodMMS\":1}"
}
2024-10-04 11:08:23,181 ay.bank_demo.util.CheckSumUtil -    calculateCheckSum:26   - INFO  - [] - Checksum: a66f9c27ddc8bee82c50b5603cbb861eae7b3c26e7a5a75047268058898c7f41
2024-10-04 11:08:23,181 mo.service.impl.PayServiceImpl -     validateCheckSum:134  - INFO  - [] - Checksum request: a66f9c27ddc8bee82c50b5603cbb861eae7b3c26e7a5a75047268058898c7f41
2024-10-04 11:08:38,401 mo.service.impl.PayServiceImpl -    setDataToRabbitMQ:70   - INFO  - [] - Response Consumer: null
2024-10-04 11:08:56,892 mo.service.impl.PayServiceImpl -        createPayment:61   - INFO  - [] - TokenKey: d40TQEH9Hr9VRC98VjIN9yA8_ajf6K75JjO9Yq_45YE= expiration time: 46263S
2024-10-04 11:08:56,896 mo.service.impl.PayServiceImpl -        createPayment:64   - INFO  - [] - End create-payment: Success
2024-10-04 11:08:56,896 ay.bank_demo.util.CheckSumUtil -    calculateCheckSum:26   - INFO  - [] - Checksum: 929b4f09988214c6b7689d6f7a1426fdfdf5c7c991058572e4dac9ee2745b2bc
2024-10-04 11:08:56,896 ay.bank_demo.util.CheckSumUtil -    calculateCheckSum:26   - INFO  - [] - Checksum: 929b4f09988214c6b7689d6f7a1426fdfdf5c7c991058572e4dac9ee2745b2bc
2024-10-04 11:08:57,341 eplyToMessageListenerContainer - nAndWaitOrCallback$7:871  - INFO  - [] - Successfully waited for consumers to finish.
2024-10-04 11:08:57,349 tainerEntityManagerFactoryBean -              destroy:650  - INFO  - [] - Closing JPA EntityManagerFactory for persistence unit 'default'
2024-10-04 11:08:57,350 zaxxer.hikari.HikariDataSource -                close:349  - INFO  - [] - HikariPool-1 - Shutdown initiated...
2024-10-04 11:08:57,355 zaxxer.hikari.HikariDataSource -                close:351  - INFO  - [] - HikariPool-1 - Shutdown completed.
2024-10-04 11:12:02,629 alidator.internal.util.Version -             <clinit>:21   - INFO  - [] - HV000001: Hibernate Validator 8.0.1.Final
2024-10-04 11:12:02,657 .bank_demo.BankDemoApplication -          logStarting:50   - INFO  - [] - Starting BankDemoApplication using Java 17.0.8.1 with PID 17320 (D:\VNPay\TTS\bank_demo\target\classes started by MSI in D:\VNPay\TTS\bank_demo)
2024-10-04 11:12:02,657 .bank_demo.BankDemoApplication - ogStartupProfileInfo:654  - INFO  - [] - No active profile set, falling back to 1 default profile: "default"
2024-10-04 11:12:03,192 epositoryConfigurationDelegate - ltipleStoresDetected:295  - INFO  - [] - Multiple Spring Data modules found, entering strict repository configuration mode
2024-10-04 11:12:03,193 epositoryConfigurationDelegate - gisterRepositoriesIn:143  - INFO  - [] - Bootstrapping Spring Data JPA repositories in DEFAULT mode.
2024-10-04 11:12:03,300 epositoryConfigurationDelegate - gisterRepositoriesIn:211  - INFO  - [] - Finished Spring Data repository scanning in 102 ms. Found 2 JPA repository interfaces.
2024-10-04 11:12:03,310 epositoryConfigurationDelegate - ltipleStoresDetected:295  - INFO  - [] - Multiple Spring Data modules found, entering strict repository configuration mode
2024-10-04 11:12:03,311 epositoryConfigurationDelegate - gisterRepositoriesIn:143  - INFO  - [] - Bootstrapping Spring Data Redis repositories in DEFAULT mode.
2024-10-04 11:12:03,322 yConfigurationExtensionSupport - tRepositoryCandidate:320  - INFO  - [] - Spring Data Redis - Could not safely identify store assignment for repository candidate interface vn.vnpay.bank_demo.repository.PaymentRepository; If you want this repository to be a Redis repository, consider annotating your entities with one of these annotations: org.springframework.data.redis.core.RedisHash (preferred), or consider extending one of the following types with your repository: org.springframework.data.keyvalue.repository.KeyValueRepository
2024-10-04 11:12:03,323 yConfigurationExtensionSupport - tRepositoryCandidate:320  - INFO  - [] - Spring Data Redis - Could not safely identify store assignment for repository candidate interface vn.vnpay.bank_demo.repository.UsersRepository; If you want this repository to be a Redis repository, consider annotating your entities with one of these annotations: org.springframework.data.redis.core.RedisHash (preferred), or consider extending one of the following types with your repository: org.springframework.data.keyvalue.repository.KeyValueRepository
2024-10-04 11:12:03,323 epositoryConfigurationDelegate - gisterRepositoriesIn:211  - INFO  - [] - Finished Spring Data repository scanning in 7 ms. Found 0 Redis repository interfaces.
2024-10-04 11:12:03,684 mbedded.tomcat.TomcatWebServer -           initialize:111  - INFO  - [] - Tomcat initialized with port 8080 (http)
2024-10-04 11:12:03,693 oyote.http11.Http11NioProtocol -                  log:173  - INFO  - [] - Initializing ProtocolHandler ["http-nio-8080"]
2024-10-04 11:12:03,696 .catalina.core.StandardService -                  log:173  - INFO  - [] - Starting service [Tomcat]
2024-10-04 11:12:03,696 e.catalina.core.StandardEngine -                  log:173  - INFO  - [] - Starting Servlet engine: [Apache Tomcat/10.1.28]
2024-10-04 11:12:03,736 .[Tomcat].[localhost].[/vnpay] -                  log:173  - INFO  - [] - Initializing Spring embedded WebApplicationContext
2024-10-04 11:12:03,737 letWebServerApplicationContext - ebApplicationContext:296  - INFO  - [] - Root WebApplicationContext: initialization completed in 1053 ms
2024-10-04 11:12:03,867 te.jpa.internal.util.LogHelper - tenceUnitInformation:31   - INFO  - [] - HHH000204: Processing PersistenceUnitInfo [name: default]
2024-10-04 11:12:03,901 org.hibernate.Version          -           logVersion:44   - INFO  - [] - HHH000412: Hibernate ORM core version 6.5.2.Final
2024-10-04 11:12:03,925 nternal.RegionFactoryInitiator -      initiateService:50   - INFO  - [] - HHH000026: Second-level cache disabled
2024-10-04 11:12:04,113 unit.SpringPersistenceUnitInfo -       addTransformer:87   - INFO  - [] - No LoadTimeWeaver setup: ignoring JPA class transformer
2024-10-04 11:12:04,135 zaxxer.hikari.HikariDataSource -        getConnection:109  - INFO  - [] - HikariPool-1 - Starting...
2024-10-04 11:12:04,308 .zaxxer.hikari.pool.HikariPool -        checkFailFast:554  - INFO  - [] - HikariPool-1 - Added connection ConnectionID:1 ClientConnectionId: 82aecd81-4621-4261-a649-3b104b90ccec
2024-10-04 11:12:04,309 zaxxer.hikari.HikariDataSource -        getConnection:122  - INFO  - [] - HikariPool-1 - Start completed.
2024-10-04 11:12:04,927 .internal.JtaPlatformInitiator -      initiateService:59   - INFO  - [] - HHH000489: No JTA platform available (set 'hibernate.transaction.jta.platform' to enable JTA platform integration)
2024-10-04 11:12:04,929 tainerEntityManagerFactoryBean - EntityManagerFactory:437  - INFO  - [] - Initialized JPA EntityManagerFactory for persistence unit 'default'
2024-10-04 11:12:05,549 figuration$JpaWebConfiguration - gerInViewInterceptor:236  - WARN  - [] - spring.jpa.open-in-view is enabled by default. Therefore, database queries may be performed during view rendering. Explicitly configure spring.jpa.open-in-view to disable this warning
2024-10-04 11:12:05,758 tTemplateResolverConfiguration - mplateLocationExists:101  - WARN  - [] - Cannot find template location: classpath:/templates/ (please add some templates, check your Thymeleaf configuration, or set spring.thymeleaf.check-template-location=false)
2024-10-04 11:12:05,912 oyote.http11.Http11NioProtocol -                  log:173  - INFO  - [] - Starting ProtocolHandler ["http-nio-8080"]
2024-10-04 11:12:05,927 mbedded.tomcat.TomcatWebServer -                start:243  - INFO  - [] - Tomcat started on port 8080 (http) with context path '/vnpay'
2024-10-04 11:12:05,934 .bank_demo.BankDemoApplication -           logStarted:56   - INFO  - [] - Started BankDemoApplication in 3.626 seconds (process running for 4.069)
2024-10-04 11:12:08,152 .[Tomcat].[localhost].[/vnpay] -                  log:173  - INFO  - [] - Initializing Spring DispatcherServlet 'dispatcherServlet'
2024-10-04 11:12:08,152 .web.servlet.DispatcherServlet -      initServletBean:532  - INFO  - [] - Initializing Servlet 'dispatcherServlet'
2024-10-04 11:12:08,155 .web.servlet.DispatcherServlet -      initServletBean:554  - INFO  - [] - Completed initialization in 1 ms
2024-10-04 11:12:15,482 mo.service.impl.PayServiceImpl -        createPayment:40   - INFO  - [] - Begin create-payment: {
  "tokenKey": "PzP6bUdutEsZXY11I5kMO9Od6NRDdRerhLkjGKaIUPs\u003d",
  "apiId": "restPayment",
  "mobile": "0345225630",
  "bankCode": "98765432",
  "privateKey": "87654321",
  "accountNo": "0001100014211002",
  "payDate": "20230918124530",
  "additionalData": "11",
  "debitAmount": 11300,
  "respCode": "00",
  "respDesc": "SUCCESS",
  "traceTransfer": "FT19310RH6P1",
  "messageType": "1",
  "checkSum": "a66f9c27ddc8bee82c50b5603cbb861eae7b3c26e7a5a75047268058898c7f41",
  "orderCode": "FT19310RH6P1",
  "userName": "cntest001",
  "realAmount": 11200,
  "promotionCode": "ABCXYZ",
  "addValue": "{\"payMethod\":\"01\",\"payMethodMMS\":1}"
}
2024-10-04 11:12:15,858 ay.bank_demo.util.CheckSumUtil -    calculateCheckSum:26   - INFO  - [] - Checksum: a66f9c27ddc8bee82c50b5603cbb861eae7b3c26e7a5a75047268058898c7f41
2024-10-04 11:12:15,858 mo.service.impl.PayServiceImpl -     validateCheckSum:152  - INFO  - [] - Checksum request: a66f9c27ddc8bee82c50b5603cbb861eae7b3c26e7a5a75047268058898c7f41
2024-10-04 11:12:15,861 ction.CachingConnectionFactory -      connectHostPort:682  - INFO  - [] - Attempting to connect to: 127.0.0.1:5672
2024-10-04 11:12:15,898 ction.CachingConnectionFactory - createBareConnection:608  - INFO  - [] - Created new connection: connectionFactory#3e7c66b3:0/SimpleConnection@3837b8fe [delegate=amqp://guest@127.0.0.1:5672/, localPort=52562]
2024-10-04 11:12:15,904 k.amqp.rabbit.core.RabbitAdmin -           initialize:686  - INFO  - [] - Auto-declaring a non-durable, auto-delete, or exclusive Queue (myQueue) durable:false, auto-delete:false, exclusive:false. It will be redeclared if the broker stops and is restarted while the connection factory is alive, but all messages will be lost.
2024-10-04 11:12:15,929 eplyToMessageListenerContainer -          actualStart:471  - INFO  - [] - Container initialized for queues: [amq.rabbitmq.reply-to]
2024-10-04 11:12:15,937 eplyToMessageListenerContainer -   doConsumeFromQueue:769  - INFO  - [] - SimpleConsumer [queue=amq.rabbitmq.reply-to, index=0, consumerTag=amq.ctag-3U5e00w8PbJBYbxvUsFLFg identity=7c30365f] started
2024-10-04 11:12:20,959 mo.service.impl.PayServiceImpl -    setDataToRabbitMQ:72   - INFO  - [] - Response Consumer: null
2024-10-04 11:12:20,960 mo.service.impl.PayServiceImpl -    setDataToRabbitMQ:94   - ERROR - [] - BankException: Not found consumer
2024-10-04 11:12:20,962 ay.bank_demo.util.CheckSumUtil -    calculateCheckSum:26   - INFO  - [] - Checksum: 8f1055c82762c473fde4c51be2d95a691c3289e5171b0b3ccb89407bd26e6ed2
2024-10-04 11:13:57,139 eplyToMessageListenerContainer - nAndWaitOrCallback$7:871  - INFO  - [] - Successfully waited for consumers to finish.
2024-10-04 11:13:57,147 tainerEntityManagerFactoryBean -              destroy:650  - INFO  - [] - Closing JPA EntityManagerFactory for persistence unit 'default'
2024-10-04 11:13:57,148 zaxxer.hikari.HikariDataSource -                close:349  - INFO  - [] - HikariPool-1 - Shutdown initiated...
2024-10-04 11:13:57,153 zaxxer.hikari.HikariDataSource -                close:351  - INFO  - [] - HikariPool-1 - Shutdown completed.
2024-10-04 11:14:10,484 alidator.internal.util.Version -             <clinit>:21   - INFO  - [] - HV000001: Hibernate Validator 8.0.1.Final
2024-10-04 11:14:10,518 .bank_demo.BankDemoApplication -          logStarting:50   - INFO  - [] - Starting BankDemoApplication using Java 17.0.8.1 with PID 19948 (D:\VNPay\TTS\bank_demo\target\classes started by MSI in D:\VNPay\TTS\bank_demo)
2024-10-04 11:14:10,519 .bank_demo.BankDemoApplication - ogStartupProfileInfo:654  - INFO  - [] - No active profile set, falling back to 1 default profile: "default"
2024-10-04 11:14:11,154 epositoryConfigurationDelegate - ltipleStoresDetected:295  - INFO  - [] - Multiple Spring Data modules found, entering strict repository configuration mode
2024-10-04 11:14:11,156 epositoryConfigurationDelegate - gisterRepositoriesIn:143  - INFO  - [] - Bootstrapping Spring Data JPA repositories in DEFAULT mode.
2024-10-04 11:14:11,273 epositoryConfigurationDelegate - gisterRepositoriesIn:211  - INFO  - [] - Finished Spring Data repository scanning in 111 ms. Found 2 JPA repository interfaces.
2024-10-04 11:14:11,284 epositoryConfigurationDelegate - ltipleStoresDetected:295  - INFO  - [] - Multiple Spring Data modules found, entering strict repository configuration mode
2024-10-04 11:14:11,285 epositoryConfigurationDelegate - gisterRepositoriesIn:143  - INFO  - [] - Bootstrapping Spring Data Redis repositories in DEFAULT mode.
2024-10-04 11:14:11,297 yConfigurationExtensionSupport - tRepositoryCandidate:320  - INFO  - [] - Spring Data Redis - Could not safely identify store assignment for repository candidate interface vn.vnpay.bank_demo.repository.PaymentRepository; If you want this repository to be a Redis repository, consider annotating your entities with one of these annotations: org.springframework.data.redis.core.RedisHash (preferred), or consider extending one of the following types with your repository: org.springframework.data.keyvalue.repository.KeyValueRepository
2024-10-04 11:14:11,298 yConfigurationExtensionSupport - tRepositoryCandidate:320  - INFO  - [] - Spring Data Redis - Could not safely identify store assignment for repository candidate interface vn.vnpay.bank_demo.repository.UsersRepository; If you want this repository to be a Redis repository, consider annotating your entities with one of these annotations: org.springframework.data.redis.core.RedisHash (preferred), or consider extending one of the following types with your repository: org.springframework.data.keyvalue.repository.KeyValueRepository
2024-10-04 11:14:11,298 epositoryConfigurationDelegate - gisterRepositoriesIn:211  - INFO  - [] - Finished Spring Data repository scanning in 7 ms. Found 0 Redis repository interfaces.
2024-10-04 11:14:11,696 mbedded.tomcat.TomcatWebServer -           initialize:111  - INFO  - [] - Tomcat initialized with port 8080 (http)
2024-10-04 11:14:11,703 oyote.http11.Http11NioProtocol -                  log:173  - INFO  - [] - Initializing ProtocolHandler ["http-nio-8080"]
2024-10-04 11:14:11,705 .catalina.core.StandardService -                  log:173  - INFO  - [] - Starting service [Tomcat]
2024-10-04 11:14:11,706 e.catalina.core.StandardEngine -                  log:173  - INFO  - [] - Starting Servlet engine: [Apache Tomcat/10.1.28]
2024-10-04 11:14:11,759 .[Tomcat].[localhost].[/vnpay] -                  log:173  - INFO  - [] - Initializing Spring embedded WebApplicationContext
2024-10-04 11:14:11,759 letWebServerApplicationContext - ebApplicationContext:296  - INFO  - [] - Root WebApplicationContext: initialization completed in 1212 ms
2024-10-04 11:14:11,904 te.jpa.internal.util.LogHelper - tenceUnitInformation:31   - INFO  - [] - HHH000204: Processing PersistenceUnitInfo [name: default]
2024-10-04 11:14:11,942 org.hibernate.Version          -           logVersion:44   - INFO  - [] - HHH000412: Hibernate ORM core version 6.5.2.Final
2024-10-04 11:14:11,965 nternal.RegionFactoryInitiator -      initiateService:50   - INFO  - [] - HHH000026: Second-level cache disabled
2024-10-04 11:14:12,159 unit.SpringPersistenceUnitInfo -       addTransformer:87   - INFO  - [] - No LoadTimeWeaver setup: ignoring JPA class transformer
2024-10-04 11:14:12,177 zaxxer.hikari.HikariDataSource -        getConnection:109  - INFO  - [] - HikariPool-1 - Starting...
2024-10-04 11:14:12,343 .zaxxer.hikari.pool.HikariPool -        checkFailFast:554  - INFO  - [] - HikariPool-1 - Added connection ConnectionID:1 ClientConnectionId: b2c8e22b-ec8a-4e0b-934c-a4487e3c56a3
2024-10-04 11:14:12,345 zaxxer.hikari.HikariDataSource -        getConnection:122  - INFO  - [] - HikariPool-1 - Start completed.
2024-10-04 11:14:13,062 .internal.JtaPlatformInitiator -      initiateService:59   - INFO  - [] - HHH000489: No JTA platform available (set 'hibernate.transaction.jta.platform' to enable JTA platform integration)
2024-10-04 11:14:13,065 tainerEntityManagerFactoryBean - EntityManagerFactory:437  - INFO  - [] - Initialized JPA EntityManagerFactory for persistence unit 'default'
2024-10-04 11:14:13,769 figuration$JpaWebConfiguration - gerInViewInterceptor:236  - WARN  - [] - spring.jpa.open-in-view is enabled by default. Therefore, database queries may be performed during view rendering. Explicitly configure spring.jpa.open-in-view to disable this warning
2024-10-04 11:14:13,957 tTemplateResolverConfiguration - mplateLocationExists:101  - WARN  - [] - Cannot find template location: classpath:/templates/ (please add some templates, check your Thymeleaf configuration, or set spring.thymeleaf.check-template-location=false)
2024-10-04 11:14:14,079 oyote.http11.Http11NioProtocol -                  log:173  - INFO  - [] - Starting ProtocolHandler ["http-nio-8080"]
2024-10-04 11:14:14,092 mbedded.tomcat.TomcatWebServer -                start:243  - INFO  - [] - Tomcat started on port 8080 (http) with context path '/vnpay'
2024-10-04 11:14:14,100 .bank_demo.BankDemoApplication -           logStarted:56   - INFO  - [] - Started BankDemoApplication in 4.039 seconds (process running for 4.488)
2024-10-04 11:14:43,453 .[Tomcat].[localhost].[/vnpay] -                  log:173  - INFO  - [] - Initializing Spring DispatcherServlet 'dispatcherServlet'
2024-10-04 11:14:43,454 .web.servlet.DispatcherServlet -      initServletBean:532  - INFO  - [] - Initializing Servlet 'dispatcherServlet'
2024-10-04 11:14:43,455 .web.servlet.DispatcherServlet -      initServletBean:554  - INFO  - [] - Completed initialization in 1 ms
2024-10-04 11:14:43,575 mo.service.impl.PayServiceImpl -        createPayment:40   - INFO  - [] - Begin create-payment: {
  "tokenKey": "PzP6bUdutEsZXY11I5kMO9Od6NRDdRerhLkjGKaIUPs\u003d",
  "apiId": "restPayment",
  "mobile": "0345225630",
  "bankCode": "98765432",
  "privateKey": "87654321",
  "accountNo": "0001100014211002",
  "payDate": "20230918124530",
  "additionalData": "11",
  "debitAmount": 11300,
  "respCode": "00",
  "respDesc": "SUCCESS",
  "traceTransfer": "FT19310RH6P1",
  "messageType": "1",
  "checkSum": "a66f9c27ddc8bee82c50b5603cbb861eae7b3c26e7a5a75047268058898c7f41",
  "orderCode": "FT19310RH6P1",
  "userName": "cntest001",
  "realAmount": 11200,
  "promotionCode": "ABCXYZ",
  "addValue": "{\"payMethod\":\"01\",\"payMethodMMS\":1}"
}
2024-10-04 11:14:43,925 ay.bank_demo.util.CheckSumUtil -    calculateCheckSum:26   - INFO  - [] - Checksum: a66f9c27ddc8bee82c50b5603cbb861eae7b3c26e7a5a75047268058898c7f41
2024-10-04 11:14:43,926 mo.service.impl.PayServiceImpl -     validateCheckSum:147  - INFO  - [] - Checksum request: a66f9c27ddc8bee82c50b5603cbb861eae7b3c26e7a5a75047268058898c7f41
2024-10-04 11:14:43,930 ction.CachingConnectionFactory -      connectHostPort:682  - INFO  - [] - Attempting to connect to: 127.0.0.1:5672
2024-10-04 11:14:43,968 ction.CachingConnectionFactory - createBareConnection:608  - INFO  - [] - Created new connection: connectionFactory#a89dec0:0/SimpleConnection@617d1bfe [delegate=amqp://guest@127.0.0.1:5672/, localPort=52632]
2024-10-04 11:14:43,974 k.amqp.rabbit.core.RabbitAdmin -           initialize:686  - INFO  - [] - Auto-declaring a non-durable, auto-delete, or exclusive Queue (myQueue) durable:false, auto-delete:false, exclusive:false. It will be redeclared if the broker stops and is restarted while the connection factory is alive, but all messages will be lost.
2024-10-04 11:14:43,998 eplyToMessageListenerContainer -          actualStart:471  - INFO  - [] - Container initialized for queues: [amq.rabbitmq.reply-to]
2024-10-04 11:14:44,005 eplyToMessageListenerContainer -   doConsumeFromQueue:769  - INFO  - [] - SimpleConsumer [queue=amq.rabbitmq.reply-to, index=0, consumerTag=amq.ctag-xLDQYDZytgxSZjDwCcaUdA identity=3b72eb21] started
2024-10-04 11:14:44,041 mo.service.impl.PayServiceImpl -    setDataToRabbitMQ:72   - INFO  - [] - Response Consumer: {
  "code": "00",
  "message": "Insert database success"
}
2024-10-04 11:14:44,045 mo.service.impl.PayServiceImpl -        createPayment:62   - INFO  - [] - TokenKey: PzP6bUdutEsZXY11I5kMO9Od6NRDdRerhLkjGKaIUPs= expiration time: 45915S
2024-10-04 11:14:44,048 mo.service.impl.PayServiceImpl -        createPayment:65   - INFO  - [] - End create-payment: Success
2024-10-04 11:14:44,049 ay.bank_demo.util.CheckSumUtil -    calculateCheckSum:26   - INFO  - [] - Checksum: 8b2f9ffb27318600219001a5dc13ce287d5086f20fe4b5792ab8e8130ae155ed
2024-10-04 11:14:44,049 ay.bank_demo.util.CheckSumUtil -    calculateCheckSum:26   - INFO  - [] - Checksum: 8b2f9ffb27318600219001a5dc13ce287d5086f20fe4b5792ab8e8130ae155ed
2024-10-04 11:22:14,442 mo.service.impl.PayServiceImpl -        createPayment:40   - INFO  - [] - Begin create-payment: {
  "tokenKey": "Zttim3UsK6Xl9aTAErzGDeKHtLncFTFJwCGPlEy2ZbE\u003d",
  "apiId": "restPayment",
  "mobile": "0345225630",
  "bankCode": "98765432",
  "privateKey": "87654321",
  "accountNo": "0001100014211002",
  "payDate": "20230918124530",
  "additionalData": "11",
  "debitAmount": 11300,
  "respCode": "00",
  "respDesc": "SUCCESS",
  "traceTransfer": "FT19310RH6P1",
  "messageType": "1",
  "checkSum": "a66f9c27ddc8bee82c50b5603cbb861eae7b3c26e7a5a75047268058898c7f41",
  "orderCode": "FT19310RH6P1",
  "userName": "cntest001",
  "realAmount": 11200,
  "promotionCode": "ABCXYZ",
  "addValue": "{\"payMethod\":\"01\",\"payMethodMMS\":1}"
}
2024-10-04 11:22:14,444 ay.bank_demo.util.CheckSumUtil -    calculateCheckSum:26   - INFO  - [] - Checksum: a66f9c27ddc8bee82c50b5603cbb861eae7b3c26e7a5a75047268058898c7f41
2024-10-04 11:22:14,444 mo.service.impl.PayServiceImpl -     validateCheckSum:147  - INFO  - [] - Checksum request: a66f9c27ddc8bee82c50b5603cbb861eae7b3c26e7a5a75047268058898c7f41
2024-10-04 11:22:14,451 eplyToMessageListenerContainer -   doConsumeFromQueue:769  - INFO  - [] - SimpleConsumer [queue=amq.rabbitmq.reply-to, index=0, consumerTag=amq.ctag-6nA0UNyt1Wf9Hs3VvFyuUg identity=6df67d78] started
2024-10-04 11:22:19,465 mo.service.impl.PayServiceImpl -    setDataToRabbitMQ:72   - INFO  - [] - Response Consumer: null
2024-10-04 11:22:19,465 mo.service.impl.PayServiceImpl -    setDataToRabbitMQ:92   - ERROR - [] - Unexpected error: Not found consumer
2024-10-04 11:22:19,468 ay.bank_demo.util.CheckSumUtil -    calculateCheckSum:26   - INFO  - [] - Checksum: 6504b5da5ed4cfe7323b0fa06bfdb6242f1be565f3319fa7e6b73bc29550ba8b
2024-10-04 11:23:13,620 mqp.rabbit.core.RabbitTemplate -            onMessage:2751 - WARN  - [] - Reply received after timeout for 2
2024-10-04 11:23:13,620 nditionalRejectingErrorHandler -                  log:170  - WARN  - [] - Execution of Rabbit message listener failed.
org.springframework.amqp.rabbit.support.ListenerExecutionFailedException: Listener threw exception
	at org.springframework.amqp.rabbit.listener.AbstractMessageListenerContainer.wrapToListenerExecutionFailedExceptionIfNeeded(AbstractMessageListenerContainer.java:1794)
	at org.springframework.amqp.rabbit.listener.AbstractMessageListenerContainer.doInvokeListener(AbstractMessageListenerContainer.java:1686)
	at org.springframework.amqp.rabbit.listener.AbstractMessageListenerContainer.actualInvokeListener(AbstractMessageListenerContainer.java:1604)
	at org.springframework.amqp.rabbit.listener.AbstractMessageListenerContainer.invokeListener(AbstractMessageListenerContainer.java:1592)
	at org.springframework.amqp.rabbit.listener.AbstractMessageListenerContainer.doExecuteListener(AbstractMessageListenerContainer.java:1583)
	at org.springframework.amqp.rabbit.listener.AbstractMessageListenerContainer.executeListenerAndHandleException(AbstractMessageListenerContainer.java:1528)
	at org.springframework.amqp.rabbit.listener.AbstractMessageListenerContainer.lambda$executeListener$8(AbstractMessageListenerContainer.java:1506)
	at io.micrometer.observation.Observation.observe(Observation.java:499)
	at org.springframework.amqp.rabbit.listener.AbstractMessageListenerContainer.executeListener(AbstractMessageListenerContainer.java:1506)
	at org.springframework.amqp.rabbit.listener.DirectMessageListenerContainer$SimpleConsumer.callExecuteListener(DirectMessageListenerContainer.java:1182)
	at org.springframework.amqp.rabbit.listener.DirectMessageListenerContainer$SimpleConsumer.handleDelivery(DirectMessageListenerContainer.java:1139)
	at com.rabbitmq.client.impl.ConsumerDispatcher$5.run(ConsumerDispatcher.java:149)
	at com.rabbitmq.client.impl.ConsumerWorkService$WorkPoolRunnable.run(ConsumerWorkService.java:111)
	at java.base/java.util.concurrent.ThreadPoolExecutor.runWorker(ThreadPoolExecutor.java:1136)
	at java.base/java.util.concurrent.ThreadPoolExecutor$Worker.run(ThreadPoolExecutor.java:635)
	at java.base/java.lang.Thread.run(Thread.java:833)
Caused by: org.springframework.amqp.AmqpRejectAndDontRequeueException: Reply received after timeout
	at org.springframework.amqp.rabbit.core.RabbitTemplate.onMessage(RabbitTemplate.java:2753)
	at org.springframework.amqp.rabbit.listener.DirectReplyToMessageListenerContainer.lambda$setMessageListener$0(DirectReplyToMessageListenerContainer.java:92)
	at org.springframework.amqp.rabbit.listener.AbstractMessageListenerContainer.doInvokeListener(AbstractMessageListenerContainer.java:1682)
	... 14 common frames omitted
2024-10-04 11:23:13,623 eplyToMessageListenerContainer -  callExecuteListener:1201 - ERROR - [] - Failed to invoke listener
org.springframework.amqp.rabbit.support.ListenerExecutionFailedException: Listener threw exception
	at org.springframework.amqp.rabbit.listener.AbstractMessageListenerContainer.wrapToListenerExecutionFailedExceptionIfNeeded(AbstractMessageListenerContainer.java:1794)
	at org.springframework.amqp.rabbit.listener.AbstractMessageListenerContainer.doInvokeListener(AbstractMessageListenerContainer.java:1686)
	at org.springframework.amqp.rabbit.listener.AbstractMessageListenerContainer.actualInvokeListener(AbstractMessageListenerContainer.java:1604)
	at org.springframework.amqp.rabbit.listener.AbstractMessageListenerContainer.invokeListener(AbstractMessageListenerContainer.java:1592)
	at org.springframework.amqp.rabbit.listener.AbstractMessageListenerContainer.doExecuteListener(AbstractMessageListenerContainer.java:1583)
	at org.springframework.amqp.rabbit.listener.AbstractMessageListenerContainer.executeListenerAndHandleException(AbstractMessageListenerContainer.java:1528)
	at org.springframework.amqp.rabbit.listener.AbstractMessageListenerContainer.lambda$executeListener$8(AbstractMessageListenerContainer.java:1506)
	at io.micrometer.observation.Observation.observe(Observation.java:499)
	at org.springframework.amqp.rabbit.listener.AbstractMessageListenerContainer.executeListener(AbstractMessageListenerContainer.java:1506)
	at org.springframework.amqp.rabbit.listener.DirectMessageListenerContainer$SimpleConsumer.callExecuteListener(DirectMessageListenerContainer.java:1182)
	at org.springframework.amqp.rabbit.listener.DirectMessageListenerContainer$SimpleConsumer.handleDelivery(DirectMessageListenerContainer.java:1139)
	at com.rabbitmq.client.impl.ConsumerDispatcher$5.run(ConsumerDispatcher.java:149)
	at com.rabbitmq.client.impl.ConsumerWorkService$WorkPoolRunnable.run(ConsumerWorkService.java:111)
	at java.base/java.util.concurrent.ThreadPoolExecutor.runWorker(ThreadPoolExecutor.java:1136)
	at java.base/java.util.concurrent.ThreadPoolExecutor$Worker.run(ThreadPoolExecutor.java:635)
	at java.base/java.lang.Thread.run(Thread.java:833)
Caused by: org.springframework.amqp.AmqpRejectAndDontRequeueException: Reply received after timeout
	at org.springframework.amqp.rabbit.core.RabbitTemplate.onMessage(RabbitTemplate.java:2753)
	at org.springframework.amqp.rabbit.listener.DirectReplyToMessageListenerContainer.lambda$setMessageListener$0(DirectReplyToMessageListenerContainer.java:92)
	at org.springframework.amqp.rabbit.listener.AbstractMessageListenerContainer.doInvokeListener(AbstractMessageListenerContainer.java:1682)
	... 14 common frames omitted
2024-10-04 11:24:53,426 eplyToMessageListenerContainer - nAndWaitOrCallback$7:871  - INFO  - [] - Successfully waited for consumers to finish.
2024-10-04 11:24:53,436 tainerEntityManagerFactoryBean -              destroy:650  - INFO  - [] - Closing JPA EntityManagerFactory for persistence unit 'default'
2024-10-04 11:24:53,438 zaxxer.hikari.HikariDataSource -                close:349  - INFO  - [] - HikariPool-1 - Shutdown initiated...
2024-10-04 11:24:53,457 zaxxer.hikari.HikariDataSource -                close:351  - INFO  - [] - HikariPool-1 - Shutdown completed.
2024-10-04 11:24:56,614 alidator.internal.util.Version -             <clinit>:21   - INFO  - [] - HV000001: Hibernate Validator 8.0.1.Final
2024-10-04 11:24:56,646 .bank_demo.BankDemoApplication -          logStarting:50   - INFO  - [] - Starting BankDemoApplication using Java 17.0.8.1 with PID 11164 (D:\VNPay\TTS\bank_demo\target\classes started by MSI in D:\VNPay\TTS\bank_demo)
2024-10-04 11:24:56,647 .bank_demo.BankDemoApplication - ogStartupProfileInfo:654  - INFO  - [] - No active profile set, falling back to 1 default profile: "default"
2024-10-04 11:24:57,179 epositoryConfigurationDelegate - ltipleStoresDetected:295  - INFO  - [] - Multiple Spring Data modules found, entering strict repository configuration mode
2024-10-04 11:24:57,180 epositoryConfigurationDelegate - gisterRepositoriesIn:143  - INFO  - [] - Bootstrapping Spring Data JPA repositories in DEFAULT mode.
2024-10-04 11:24:57,285 epositoryConfigurationDelegate - gisterRepositoriesIn:211  - INFO  - [] - Finished Spring Data repository scanning in 99 ms. Found 2 JPA repository interfaces.
2024-10-04 11:24:57,294 epositoryConfigurationDelegate - ltipleStoresDetected:295  - INFO  - [] - Multiple Spring Data modules found, entering strict repository configuration mode
2024-10-04 11:24:57,295 epositoryConfigurationDelegate - gisterRepositoriesIn:143  - INFO  - [] - Bootstrapping Spring Data Redis repositories in DEFAULT mode.
2024-10-04 11:24:57,309 yConfigurationExtensionSupport - tRepositoryCandidate:320  - INFO  - [] - Spring Data Redis - Could not safely identify store assignment for repository candidate interface vn.vnpay.bank_demo.repository.PaymentRepository; If you want this repository to be a Redis repository, consider annotating your entities with one of these annotations: org.springframework.data.redis.core.RedisHash (preferred), or consider extending one of the following types with your repository: org.springframework.data.keyvalue.repository.KeyValueRepository
2024-10-04 11:24:57,309 yConfigurationExtensionSupport - tRepositoryCandidate:320  - INFO  - [] - Spring Data Redis - Could not safely identify store assignment for repository candidate interface vn.vnpay.bank_demo.repository.UsersRepository; If you want this repository to be a Redis repository, consider annotating your entities with one of these annotations: org.springframework.data.redis.core.RedisHash (preferred), or consider extending one of the following types with your repository: org.springframework.data.keyvalue.repository.KeyValueRepository
2024-10-04 11:24:57,309 epositoryConfigurationDelegate - gisterRepositoriesIn:211  - INFO  - [] - Finished Spring Data repository scanning in 8 ms. Found 0 Redis repository interfaces.
2024-10-04 11:24:57,685 mbedded.tomcat.TomcatWebServer -           initialize:111  - INFO  - [] - Tomcat initialized with port 8080 (http)
2024-10-04 11:24:57,694 oyote.http11.Http11NioProtocol -                  log:173  - INFO  - [] - Initializing ProtocolHandler ["http-nio-8080"]
2024-10-04 11:24:57,696 .catalina.core.StandardService -                  log:173  - INFO  - [] - Starting service [Tomcat]
2024-10-04 11:24:57,696 e.catalina.core.StandardEngine -                  log:173  - INFO  - [] - Starting Servlet engine: [Apache Tomcat/10.1.28]
2024-10-04 11:24:57,745 .[Tomcat].[localhost].[/vnpay] -                  log:173  - INFO  - [] - Initializing Spring embedded WebApplicationContext
2024-10-04 11:24:57,745 letWebServerApplicationContext - ebApplicationContext:296  - INFO  - [] - Root WebApplicationContext: initialization completed in 1068 ms
2024-10-04 11:24:57,891 te.jpa.internal.util.LogHelper - tenceUnitInformation:31   - INFO  - [] - HHH000204: Processing PersistenceUnitInfo [name: default]
2024-10-04 11:24:57,949 org.hibernate.Version          -           logVersion:44   - INFO  - [] - HHH000412: Hibernate ORM core version 6.5.2.Final
2024-10-04 11:24:57,981 nternal.RegionFactoryInitiator -      initiateService:50   - INFO  - [] - HHH000026: Second-level cache disabled
2024-10-04 11:24:58,180 unit.SpringPersistenceUnitInfo -       addTransformer:87   - INFO  - [] - No LoadTimeWeaver setup: ignoring JPA class transformer
2024-10-04 11:24:58,211 zaxxer.hikari.HikariDataSource -        getConnection:109  - INFO  - [] - HikariPool-1 - Starting...
2024-10-04 11:25:01,894 .internals.SQLServerConnection -             prelogin:4014 - WARN  - [] - ConnectionID:1 ClientConnectionId: c536d993-4013-4813-89a7-df2b7134cbc4 Prelogin error: host localhost port 1433 Unexpected end of prelogin response after 0 bytes read
2024-10-04 11:25:02,913 .internals.SQLServerConnection -             prelogin:4002 - WARN  - [] - ConnectionID:1 ClientConnectionId: 737f53c7-6f77-4161-9ad0-90cff7ed2eff Prelogin error: host localhost port 1433 Error reading prelogin response: An established connection was aborted by the software in your host machine ClientConnectionId:737f53c7-6f77-4161-9ad0-90cff7ed2eff
2024-10-04 11:25:03,921 .internals.SQLServerConnection -             prelogin:4014 - WARN  - [] - ConnectionID:1 ClientConnectionId: 17c6dd3b-80d2-4706-9464-119ae00fb070 Prelogin error: host localhost port 1433 Unexpected end of prelogin response after 0 bytes read
2024-10-04 11:25:04,935 .internals.SQLServerConnection -             prelogin:4014 - WARN  - [] - ConnectionID:1 ClientConnectionId: 0077b02a-35f4-451e-9e0e-2ec5885ef94f Prelogin error: host localhost port 1433 Unexpected end of prelogin response after 0 bytes read
2024-10-04 11:25:05,950 .internals.SQLServerConnection -             prelogin:4014 - WARN  - [] - ConnectionID:1 ClientConnectionId: 14ce4273-6526-47b1-b234-b836d81f59da Prelogin error: host localhost port 1433 Unexpected end of prelogin response after 0 bytes read
2024-10-04 11:25:06,959 .internals.SQLServerConnection -             prelogin:4014 - WARN  - [] - ConnectionID:1 ClientConnectionId: 63073ac8-22dd-4611-94aa-e8296abb3a2e Prelogin error: host localhost port 1433 Unexpected end of prelogin response after 0 bytes read
2024-10-04 11:25:07,967 .internals.SQLServerConnection -             prelogin:4014 - WARN  - [] - ConnectionID:1 ClientConnectionId: 0b33f356-df38-43cc-94e8-e41ba2e5ad5a Prelogin error: host localhost port 1433 Unexpected end of prelogin response after 0 bytes read
2024-10-04 11:25:08,984 .internals.SQLServerConnection -             prelogin:4014 - WARN  - [] - ConnectionID:1 ClientConnectionId: 40f7638d-dbc0-4a67-9457-db32290de3d6 Prelogin error: host localhost port 1433 Unexpected end of prelogin response after 0 bytes read
2024-10-04 11:25:09,991 .internals.SQLServerConnection -             prelogin:4014 - WARN  - [] - ConnectionID:1 ClientConnectionId: e7104fea-c145-461a-8954-321d2cc179d4 Prelogin error: host localhost port 1433 Unexpected end of prelogin response after 0 bytes read
2024-10-04 11:25:13,452 .zaxxer.hikari.pool.HikariPool -        checkFailFast:554  - INFO  - [] - HikariPool-1 - Added connection ConnectionID:1 ClientConnectionId: 97b70d83-0995-4a15-8a88-0ce6ac839c5f
2024-10-04 11:25:13,453 zaxxer.hikari.HikariDataSource -        getConnection:122  - INFO  - [] - HikariPool-1 - Start completed.
2024-10-04 11:25:14,185 .internal.JtaPlatformInitiator -      initiateService:59   - INFO  - [] - HHH000489: No JTA platform available (set 'hibernate.transaction.jta.platform' to enable JTA platform integration)
2024-10-04 11:25:14,187 tainerEntityManagerFactoryBean - EntityManagerFactory:437  - INFO  - [] - Initialized JPA EntityManagerFactory for persistence unit 'default'
2024-10-04 11:25:14,735 figuration$JpaWebConfiguration - gerInViewInterceptor:236  - WARN  - [] - spring.jpa.open-in-view is enabled by default. Therefore, database queries may be performed during view rendering. Explicitly configure spring.jpa.open-in-view to disable this warning
2024-10-04 11:25:14,905 tTemplateResolverConfiguration - mplateLocationExists:101  - WARN  - [] - Cannot find template location: classpath:/templates/ (please add some templates, check your Thymeleaf configuration, or set spring.thymeleaf.check-template-location=false)
2024-10-04 11:25:15,038 mbedded.tomcat.TomcatWebServer -                start:243  - INFO  - [] - Tomcat started on port 8080 (http) with context path '/vnpay'
2024-10-04 11:25:15,046 .bank_demo.BankDemoApplication -           logStarted:56   - INFO  - [] - Started BankDemoApplication in 18.759 seconds (process running for 19.186)
2024-10-04 11:25:15,378 tainerEntityManagerFactoryBean -              destroy:650  - INFO  - [] - Closing JPA EntityManagerFactory for persistence unit 'default'
2024-10-04 11:25:15,380 zaxxer.hikari.HikariDataSource -                close:349  - INFO  - [] - HikariPool-1 - Shutdown initiated...
2024-10-04 11:25:15,383 zaxxer.hikari.HikariDataSource -                close:351  - INFO  - [] - HikariPool-1 - Shutdown completed.
2024-10-04 11:25:18,382 alidator.internal.util.Version -             <clinit>:21   - INFO  - [] - HV000001: Hibernate Validator 8.0.1.Final
2024-10-04 11:25:18,415 .bank_demo.BankDemoApplication -          logStarting:50   - INFO  - [] - Starting BankDemoApplication using Java 17.0.8.1 with PID 7344 (D:\VNPay\TTS\bank_demo\target\classes started by MSI in D:\VNPay\TTS\bank_demo)
2024-10-04 11:25:18,415 .bank_demo.BankDemoApplication - ogStartupProfileInfo:654  - INFO  - [] - No active profile set, falling back to 1 default profile: "default"
2024-10-04 11:25:18,955 epositoryConfigurationDelegate - ltipleStoresDetected:295  - INFO  - [] - Multiple Spring Data modules found, entering strict repository configuration mode
2024-10-04 11:25:18,957 epositoryConfigurationDelegate - gisterRepositoriesIn:143  - INFO  - [] - Bootstrapping Spring Data JPA repositories in DEFAULT mode.
2024-10-04 11:25:19,060 epositoryConfigurationDelegate - gisterRepositoriesIn:211  - INFO  - [] - Finished Spring Data repository scanning in 98 ms. Found 2 JPA repository interfaces.
2024-10-04 11:25:19,070 epositoryConfigurationDelegate - ltipleStoresDetected:295  - INFO  - [] - Multiple Spring Data modules found, entering strict repository configuration mode
2024-10-04 11:25:19,071 epositoryConfigurationDelegate - gisterRepositoriesIn:143  - INFO  - [] - Bootstrapping Spring Data Redis repositories in DEFAULT mode.
2024-10-04 11:25:19,084 yConfigurationExtensionSupport - tRepositoryCandidate:320  - INFO  - [] - Spring Data Redis - Could not safely identify store assignment for repository candidate interface vn.vnpay.bank_demo.repository.PaymentRepository; If you want this repository to be a Redis repository, consider annotating your entities with one of these annotations: org.springframework.data.redis.core.RedisHash (preferred), or consider extending one of the following types with your repository: org.springframework.data.keyvalue.repository.KeyValueRepository
2024-10-04 11:25:19,084 yConfigurationExtensionSupport - tRepositoryCandidate:320  - INFO  - [] - Spring Data Redis - Could not safely identify store assignment for repository candidate interface vn.vnpay.bank_demo.repository.UsersRepository; If you want this repository to be a Redis repository, consider annotating your entities with one of these annotations: org.springframework.data.redis.core.RedisHash (preferred), or consider extending one of the following types with your repository: org.springframework.data.keyvalue.repository.KeyValueRepository
2024-10-04 11:25:19,084 epositoryConfigurationDelegate - gisterRepositoriesIn:211  - INFO  - [] - Finished Spring Data repository scanning in 6 ms. Found 0 Redis repository interfaces.
2024-10-04 11:25:19,441 mbedded.tomcat.TomcatWebServer -           initialize:111  - INFO  - [] - Tomcat initialized with port 8080 (http)
2024-10-04 11:25:19,450 oyote.http11.Http11NioProtocol -                  log:173  - INFO  - [] - Initializing ProtocolHandler ["http-nio-8080"]
2024-10-04 11:25:19,454 .catalina.core.StandardService -                  log:173  - INFO  - [] - Starting service [Tomcat]
2024-10-04 11:25:19,454 e.catalina.core.StandardEngine -                  log:173  - INFO  - [] - Starting Servlet engine: [Apache Tomcat/10.1.28]
2024-10-04 11:25:19,495 .[Tomcat].[localhost].[/vnpay] -                  log:173  - INFO  - [] - Initializing Spring embedded WebApplicationContext
2024-10-04 11:25:19,495 letWebServerApplicationContext - ebApplicationContext:296  - INFO  - [] - Root WebApplicationContext: initialization completed in 1052 ms
2024-10-04 11:25:19,630 te.jpa.internal.util.LogHelper - tenceUnitInformation:31   - INFO  - [] - HHH000204: Processing PersistenceUnitInfo [name: default]
2024-10-04 11:25:19,665 org.hibernate.Version          -           logVersion:44   - INFO  - [] - HHH000412: Hibernate ORM core version 6.5.2.Final
2024-10-04 11:25:19,690 nternal.RegionFactoryInitiator -      initiateService:50   - INFO  - [] - HHH000026: Second-level cache disabled
2024-10-04 11:25:19,889 unit.SpringPersistenceUnitInfo -       addTransformer:87   - INFO  - [] - No LoadTimeWeaver setup: ignoring JPA class transformer
2024-10-04 11:25:19,908 zaxxer.hikari.HikariDataSource -        getConnection:109  - INFO  - [] - HikariPool-1 - Starting...
2024-10-04 11:25:20,079 .zaxxer.hikari.pool.HikariPool -        checkFailFast:554  - INFO  - [] - HikariPool-1 - Added connection ConnectionID:1 ClientConnectionId: fa8cdb7f-6f2e-4460-bcdc-e55a2f14704e
2024-10-04 11:25:20,080 zaxxer.hikari.HikariDataSource -        getConnection:122  - INFO  - [] - HikariPool-1 - Start completed.
2024-10-04 11:25:20,689 .internal.JtaPlatformInitiator -      initiateService:59   - INFO  - [] - HHH000489: No JTA platform available (set 'hibernate.transaction.jta.platform' to enable JTA platform integration)
2024-10-04 11:25:20,691 tainerEntityManagerFactoryBean - EntityManagerFactory:437  - INFO  - [] - Initialized JPA EntityManagerFactory for persistence unit 'default'
2024-10-04 11:25:21,242 figuration$JpaWebConfiguration - gerInViewInterceptor:236  - WARN  - [] - spring.jpa.open-in-view is enabled by default. Therefore, database queries may be performed during view rendering. Explicitly configure spring.jpa.open-in-view to disable this warning
2024-10-04 11:25:21,407 tTemplateResolverConfiguration - mplateLocationExists:101  - WARN  - [] - Cannot find template location: classpath:/templates/ (please add some templates, check your Thymeleaf configuration, or set spring.thymeleaf.check-template-location=false)
2024-10-04 11:25:21,533 oyote.http11.Http11NioProtocol -                  log:173  - INFO  - [] - Starting ProtocolHandler ["http-nio-8080"]
2024-10-04 11:25:21,545 mbedded.tomcat.TomcatWebServer -                start:243  - INFO  - [] - Tomcat started on port 8080 (http) with context path '/vnpay'
2024-10-04 11:25:21,553 .bank_demo.BankDemoApplication -           logStarted:56   - INFO  - [] - Started BankDemoApplication in 3.506 seconds (process running for 3.936)
2024-10-04 11:26:00,591 .[Tomcat].[localhost].[/vnpay] -                  log:173  - INFO  - [] - Initializing Spring DispatcherServlet 'dispatcherServlet'
2024-10-04 11:26:00,591 .web.servlet.DispatcherServlet -      initServletBean:532  - INFO  - [] - Initializing Servlet 'dispatcherServlet'
2024-10-04 11:26:00,592 .web.servlet.DispatcherServlet -      initServletBean:554  - INFO  - [] - Completed initialization in 1 ms
2024-10-04 11:26:00,743 mo.service.impl.PayServiceImpl -        createPayment:40   - INFO  - [] - Begin create-payment: {
  "tokenKey": "Zttim3UsK6Xl9aTAErzGDeKHtLncFTFJwCGPlEy2ZbE\u003d",
  "apiId": "restPayment",
  "mobile": "0345225630",
  "bankCode": "98765432",
  "privateKey": "87654321",
  "accountNo": "0001100014211002",
  "payDate": "20230918124530",
  "additionalData": "11",
  "debitAmount": 11300,
  "respCode": "00",
  "respDesc": "SUCCESS",
  "traceTransfer": "FT19310RH6P1",
  "messageType": "1",
  "checkSum": "a66f9c27ddc8bee82c50b5603cbb861eae7b3c26e7a5a75047268058898c7f41",
  "orderCode": "FT19310RH6P1",
  "userName": "cntest001",
  "realAmount": 11200,
  "promotionCode": "ABCXYZ",
  "addValue": "{\"payMethod\":\"01\",\"payMethodMMS\":1}"
}
2024-10-04 11:26:01,195 ay.bank_demo.util.CheckSumUtil -    calculateCheckSum:26   - INFO  - [] - Checksum: a66f9c27ddc8bee82c50b5603cbb861eae7b3c26e7a5a75047268058898c7f41
2024-10-04 11:26:01,195 mo.service.impl.PayServiceImpl -     validateCheckSum:147  - INFO  - [] - Checksum request: a66f9c27ddc8bee82c50b5603cbb861eae7b3c26e7a5a75047268058898c7f41
2024-10-04 11:26:01,199 ction.CachingConnectionFactory -      connectHostPort:682  - INFO  - [] - Attempting to connect to: 127.0.0.1:5672
2024-10-04 11:26:01,241 ction.CachingConnectionFactory - createBareConnection:608  - INFO  - [] - Created new connection: connectionFactory#3e7c66b3:0/SimpleConnection@3074eeaf [delegate=amqp://guest@127.0.0.1:5672/, localPort=53477]
2024-10-04 11:26:01,248 k.amqp.rabbit.core.RabbitAdmin -           initialize:686  - INFO  - [] - Auto-declaring a non-durable, auto-delete, or exclusive Queue (myQueue) durable:false, auto-delete:false, exclusive:false. It will be redeclared if the broker stops and is restarted while the connection factory is alive, but all messages will be lost.
2024-10-04 11:26:01,281 eplyToMessageListenerContainer -          actualStart:471  - INFO  - [] - Container initialized for queues: [amq.rabbitmq.reply-to]
2024-10-04 11:26:01,290 eplyToMessageListenerContainer -   doConsumeFromQueue:769  - INFO  - [] - SimpleConsumer [queue=amq.rabbitmq.reply-to, index=0, consumerTag=amq.ctag-MYGJPWytpayFmir-EIrcHA identity=18ebb9af] started
2024-10-04 11:26:06,310 mo.service.impl.PayServiceImpl -    setDataToRabbitMQ:72   - INFO  - [] - Response Consumer: null
2024-10-04 11:26:06,311 mo.service.impl.PayServiceImpl -    setDataToRabbitMQ:92   - ERROR - [] - Unexpected error: Not found consumer
2024-10-04 11:26:06,314 ay.bank_demo.util.CheckSumUtil -    calculateCheckSum:26   - INFO  - [] - Checksum: 6504b5da5ed4cfe7323b0fa06bfdb6242f1be565f3319fa7e6b73bc29550ba8b
2024-10-04 11:31:38,433 eplyToMessageListenerContainer - nAndWaitOrCallback$7:871  - INFO  - [] - Successfully waited for consumers to finish.
2024-10-04 11:31:38,441 tainerEntityManagerFactoryBean -              destroy:650  - INFO  - [] - Closing JPA EntityManagerFactory for persistence unit 'default'
2024-10-04 11:31:38,443 zaxxer.hikari.HikariDataSource -                close:349  - INFO  - [] - HikariPool-1 - Shutdown initiated...
2024-10-04 11:31:38,447 zaxxer.hikari.HikariDataSource -                close:351  - INFO  - [] - HikariPool-1 - Shutdown completed.
2024-10-04 11:42:20,921 alidator.internal.util.Version -             <clinit>:21   - INFO  - [] - HV000001: Hibernate Validator 8.0.1.Final
2024-10-04 11:42:20,957 .bank_demo.BankDemoApplication -          logStarting:50   - INFO  - [] - Starting BankDemoApplication using Java 17.0.8.1 with PID 18528 (D:\VNPay\TTS\bank_demo\target\classes started by MSI in D:\VNPay\TTS\bank_demo)
2024-10-04 11:42:20,958 .bank_demo.BankDemoApplication - ogStartupProfileInfo:654  - INFO  - [] - No active profile set, falling back to 1 default profile: "default"
2024-10-04 11:42:21,634 epositoryConfigurationDelegate - ltipleStoresDetected:295  - INFO  - [] - Multiple Spring Data modules found, entering strict repository configuration mode
2024-10-04 11:42:21,636 epositoryConfigurationDelegate - gisterRepositoriesIn:143  - INFO  - [] - Bootstrapping Spring Data JPA repositories in DEFAULT mode.
2024-10-04 11:42:21,793 epositoryConfigurationDelegate - gisterRepositoriesIn:211  - INFO  - [] - Finished Spring Data repository scanning in 150 ms. Found 2 JPA repository interfaces.
2024-10-04 11:42:21,808 epositoryConfigurationDelegate - ltipleStoresDetected:295  - INFO  - [] - Multiple Spring Data modules found, entering strict repository configuration mode
2024-10-04 11:42:21,809 epositoryConfigurationDelegate - gisterRepositoriesIn:143  - INFO  - [] - Bootstrapping Spring Data Redis repositories in DEFAULT mode.
2024-10-04 11:42:21,825 yConfigurationExtensionSupport - tRepositoryCandidate:320  - INFO  - [] - Spring Data Redis - Could not safely identify store assignment for repository candidate interface vn.vnpay.bank_demo.repository.PaymentRepository; If you want this repository to be a Redis repository, consider annotating your entities with one of these annotations: org.springframework.data.redis.core.RedisHash (preferred), or consider extending one of the following types with your repository: org.springframework.data.keyvalue.repository.KeyValueRepository
2024-10-04 11:42:21,826 yConfigurationExtensionSupport - tRepositoryCandidate:320  - INFO  - [] - Spring Data Redis - Could not safely identify store assignment for repository candidate interface vn.vnpay.bank_demo.repository.UsersRepository; If you want this repository to be a Redis repository, consider annotating your entities with one of these annotations: org.springframework.data.redis.core.RedisHash (preferred), or consider extending one of the following types with your repository: org.springframework.data.keyvalue.repository.KeyValueRepository
2024-10-04 11:42:21,826 epositoryConfigurationDelegate - gisterRepositoriesIn:211  - INFO  - [] - Finished Spring Data repository scanning in 7 ms. Found 0 Redis repository interfaces.
2024-10-04 11:42:22,253 mbedded.tomcat.TomcatWebServer -           initialize:111  - INFO  - [] - Tomcat initialized with port 8080 (http)
2024-10-04 11:42:22,262 oyote.http11.Http11NioProtocol -                  log:173  - INFO  - [] - Initializing ProtocolHandler ["http-nio-8080"]
2024-10-04 11:42:22,264 .catalina.core.StandardService -                  log:173  - INFO  - [] - Starting service [Tomcat]
2024-10-04 11:42:22,264 e.catalina.core.StandardEngine -                  log:173  - INFO  - [] - Starting Servlet engine: [Apache Tomcat/10.1.28]
2024-10-04 11:42:22,314 .[Tomcat].[localhost].[/vnpay] -                  log:173  - INFO  - [] - Initializing Spring embedded WebApplicationContext
2024-10-04 11:42:22,314 letWebServerApplicationContext - ebApplicationContext:296  - INFO  - [] - Root WebApplicationContext: initialization completed in 1310 ms
2024-10-04 11:42:22,496 te.jpa.internal.util.LogHelper - tenceUnitInformation:31   - INFO  - [] - HHH000204: Processing PersistenceUnitInfo [name: default]
2024-10-04 11:42:22,559 org.hibernate.Version          -           logVersion:44   - INFO  - [] - HHH000412: Hibernate ORM core version 6.5.2.Final
2024-10-04 11:42:22,597 nternal.RegionFactoryInitiator -      initiateService:50   - INFO  - [] - HHH000026: Second-level cache disabled
2024-10-04 11:42:22,828 unit.SpringPersistenceUnitInfo -       addTransformer:87   - INFO  - [] - No LoadTimeWeaver setup: ignoring JPA class transformer
2024-10-04 11:42:22,854 zaxxer.hikari.HikariDataSource -        getConnection:109  - INFO  - [] - HikariPool-1 - Starting...
2024-10-04 11:42:23,122 .zaxxer.hikari.pool.HikariPool -        checkFailFast:554  - INFO  - [] - HikariPool-1 - Added connection ConnectionID:1 ClientConnectionId: 5abcfce3-6796-43cf-a1b2-96fd8b50d5da
2024-10-04 11:42:23,123 zaxxer.hikari.HikariDataSource -        getConnection:122  - INFO  - [] - HikariPool-1 - Start completed.
2024-10-04 11:42:23,831 .internal.JtaPlatformInitiator -      initiateService:59   - INFO  - [] - HHH000489: No JTA platform available (set 'hibernate.transaction.jta.platform' to enable JTA platform integration)
2024-10-04 11:42:23,833 tainerEntityManagerFactoryBean - EntityManagerFactory:437  - INFO  - [] - Initialized JPA EntityManagerFactory for persistence unit 'default'
2024-10-04 11:42:24,532 figuration$JpaWebConfiguration - gerInViewInterceptor:236  - WARN  - [] - spring.jpa.open-in-view is enabled by default. Therefore, database queries may be performed during view rendering. Explicitly configure spring.jpa.open-in-view to disable this warning
2024-10-04 11:42:24,735 tTemplateResolverConfiguration - mplateLocationExists:101  - WARN  - [] - Cannot find template location: classpath:/templates/ (please add some templates, check your Thymeleaf configuration, or set spring.thymeleaf.check-template-location=false)
2024-10-04 11:42:24,858 oyote.http11.Http11NioProtocol -                  log:173  - INFO  - [] - Starting ProtocolHandler ["http-nio-8080"]
2024-10-04 11:42:24,870 mbedded.tomcat.TomcatWebServer -                start:243  - INFO  - [] - Tomcat started on port 8080 (http) with context path '/vnpay'
2024-10-04 11:42:24,878 .bank_demo.BankDemoApplication -           logStarted:56   - INFO  - [] - Started BankDemoApplication in 4.377 seconds (process running for 4.974)
2024-10-04 11:42:39,866 .[Tomcat].[localhost].[/vnpay] -                  log:173  - INFO  - [] - Initializing Spring DispatcherServlet 'dispatcherServlet'
2024-10-04 11:42:39,867 .web.servlet.DispatcherServlet -      initServletBean:532  - INFO  - [] - Initializing Servlet 'dispatcherServlet'
2024-10-04 11:42:39,868 .web.servlet.DispatcherServlet -      initServletBean:554  - INFO  - [] - Completed initialization in 1 ms
2024-10-04 11:42:39,989 mo.service.impl.PayServiceImpl -        createPayment:41   - INFO  - [] - Begin create-payment: {
  "tokenKey": "Zttim3UsK6Xl9aTAErzGDeKHtLncFTFJwCGPlEy2ZbE\u003d",
  "apiId": "restPayment",
  "mobile": "0345225630",
  "bankCode": "98765432",
  "privateKey": "87654321",
  "accountNo": "0001100014211002",
  "payDate": "20230918124530",
  "additionalData": "11",
  "debitAmount": 11300,
  "respCode": "00",
  "respDesc": "SUCCESS",
  "traceTransfer": "FT19310RH6P1",
  "messageType": "1",
  "checkSum": "a66f9c27ddc8bee82c50b5603cbb861eae7b3c26e7a5a75047268058898c7f41",
  "orderCode": "FT19310RH6P1",
  "userName": "cntest001",
  "realAmount": 11200,
  "promotionCode": "ABCXYZ",
  "addValue": "{\"payMethod\":\"01\",\"payMethodMMS\":1}"
}
2024-10-04 11:42:40,408 ay.bank_demo.util.CheckSumUtil -    calculateCheckSum:26   - INFO  - [] - Checksum: a66f9c27ddc8bee82c50b5603cbb861eae7b3c26e7a5a75047268058898c7f41
2024-10-04 11:42:40,408 mo.service.impl.PayServiceImpl -     validateCheckSum:153  - INFO  - [] - Checksum request: a66f9c27ddc8bee82c50b5603cbb861eae7b3c26e7a5a75047268058898c7f41
2024-10-04 11:42:40,413 ction.CachingConnectionFactory -      connectHostPort:682  - INFO  - [] - Attempting to connect to: 127.0.0.1:5672
2024-10-04 11:42:40,452 ction.CachingConnectionFactory - createBareConnection:608  - INFO  - [] - Created new connection: connectionFactory#61799152:0/SimpleConnection@5d258489 [delegate=amqp://guest@127.0.0.1:5672/, localPort=54196]
2024-10-04 11:42:40,458 k.amqp.rabbit.core.RabbitAdmin -           initialize:686  - INFO  - [] - Auto-declaring a non-durable, auto-delete, or exclusive Queue (myQueue) durable:false, auto-delete:false, exclusive:false. It will be redeclared if the broker stops and is restarted while the connection factory is alive, but all messages will be lost.
2024-10-04 11:42:40,483 eplyToMessageListenerContainer -          actualStart:471  - INFO  - [] - Container initialized for queues: [amq.rabbitmq.reply-to]
2024-10-04 11:42:40,491 eplyToMessageListenerContainer -   doConsumeFromQueue:769  - INFO  - [] - SimpleConsumer [queue=amq.rabbitmq.reply-to, index=0, consumerTag=amq.ctag-VliKmRy-P5hw4m3QoSZBEg identity=553e121f] started
2024-10-04 11:42:40,684 mo.service.impl.PayServiceImpl -    setDataToRabbitMQ:78   - INFO  - [] - Response Consumer: {
  "code": "00",
  "message": "Insert database success"
}
2024-10-04 11:42:40,687 mo.service.impl.PayServiceImpl -        createPayment:67   - INFO  - [] - TokenKey: Zttim3UsK6Xl9aTAErzGDeKHtLncFTFJwCGPlEy2ZbE= expiration time: 44239S
2024-10-04 11:42:40,690 mo.service.impl.PayServiceImpl -        createPayment:71   - INFO  - [] - End create-payment: Success
2024-10-04 11:42:40,692 ay.bank_demo.util.CheckSumUtil -    calculateCheckSum:26   - INFO  - [] - Checksum: 21d592fecfe4aae451ea19a71d86c4124d4f0e87374d05e976da0f4160f96420
2024-10-04 11:42:40,692 ay.bank_demo.util.CheckSumUtil -    calculateCheckSum:26   - INFO  - [] - Checksum: 21d592fecfe4aae451ea19a71d86c4124d4f0e87374d05e976da0f4160f96420
2024-10-04 11:42:53,364 mo.service.impl.PayServiceImpl -        createPayment:41   - INFO  - [] - Begin create-payment: {
  "tokenKey": "Zttim3UsK6Xl9aTAErzGDeKHtLncFTFJwCGPlEy2ZbE\u003d",
  "apiId": "restPayment",
  "mobile": "0345225630",
  "bankCode": "98765432",
  "privateKey": "87654321",
  "accountNo": "0001100014211002",
  "payDate": "20230918124530",
  "additionalData": "11",
  "debitAmount": 11300,
  "respCode": "00",
  "respDesc": "SUCCESS",
  "traceTransfer": "FT19310RH6P1",
  "messageType": "1",
  "checkSum": "a66f9c27ddc8bee82c50b5603cbb861eae7b3c26e7a5a75047268058898c7f41",
  "orderCode": "FT19310RH6P1",
  "userName": "cntest001",
  "realAmount": 11200,
  "promotionCode": "ABCXYZ",
  "addValue": "{\"payMethod\":\"01\",\"payMethodMMS\":1}"
}
2024-10-04 11:42:53,365 mo.service.impl.PayServiceImpl -        createPayment:49   - INFO  - [] - TokenKey is duplicated
2024-10-04 11:42:53,366 ay.bank_demo.util.CheckSumUtil -    calculateCheckSum:26   - INFO  - [] - Checksum: bbd828e0ea123d9fdd987204d876ff34a4ca1044c7f1588c942ae727c3ece992
2024-10-04 11:43:11,799 mo.service.impl.PayServiceImpl -        createPayment:41   - INFO  - [] - Begin create-payment: {
  "tokenKey": "nOHAk9wD16HQrL3gRX948ic4ddeadisVtJSBXExnGmU\u003d",
  "apiId": "restPayment",
  "mobile": "0345225630",
  "bankCode": "98765432",
  "privateKey": "87654321",
  "accountNo": "0001100014211002",
  "payDate": "20230918124530",
  "additionalData": "11",
  "debitAmount": 11300,
  "respCode": "00",
  "respDesc": "SUCCESS",
  "traceTransfer": "FT19310RH6P1",
  "messageType": "1",
  "checkSum": "a66f9c27ddc8bee82c50b5603cbb861eae7b3c26e7a5a75047268058898c7f41",
  "orderCode": "FT19310RH6P1",
  "userName": "cntest001",
  "realAmount": 11200,
  "promotionCode": "ABCXYZ",
  "addValue": "{\"payMethod\":\"01\",\"payMethodMMS\":1}"
}
2024-10-04 11:43:11,800 ay.bank_demo.util.CheckSumUtil -    calculateCheckSum:26   - INFO  - [] - Checksum: a66f9c27ddc8bee82c50b5603cbb861eae7b3c26e7a5a75047268058898c7f41
2024-10-04 11:43:11,801 mo.service.impl.PayServiceImpl -     validateCheckSum:153  - INFO  - [] - Checksum request: a66f9c27ddc8bee82c50b5603cbb861eae7b3c26e7a5a75047268058898c7f41
2024-10-04 11:43:11,842 mo.service.impl.PayServiceImpl -    setDataToRabbitMQ:78   - INFO  - [] - Response Consumer: {
  "code": "00",
  "message": "Insert database success"
}
2024-10-04 11:43:11,843 mo.service.impl.PayServiceImpl -        createPayment:67   - INFO  - [] - TokenKey: nOHAk9wD16HQrL3gRX948ic4ddeadisVtJSBXExnGmU= expiration time: 44208S
2024-10-04 11:43:11,844 mo.service.impl.PayServiceImpl -        createPayment:71   - INFO  - [] - End create-payment: Success
2024-10-04 11:43:11,844 ay.bank_demo.util.CheckSumUtil -    calculateCheckSum:26   - INFO  - [] - Checksum: b923dd138090dde98e69ea47faf83b0e17238ab2576adcc497c09535777d7c9c
2024-10-04 11:43:11,844 ay.bank_demo.util.CheckSumUtil -    calculateCheckSum:26   - INFO  - [] - Checksum: b923dd138090dde98e69ea47faf83b0e17238ab2576adcc497c09535777d7c9c
2024-10-04 11:44:03,552 mo.service.impl.PayServiceImpl -        createPayment:41   - INFO  - [] - Begin create-payment: {
  "tokenKey": "NiMR4pwSVj36kgLLBXxV8QOPB0A0Xr6k2Mt5JpgDuzs\u003d",
  "apiId": "restPayment",
  "mobile": "0345225630",
  "bankCode": "98765432",
  "privateKey": "87654321",
  "accountNo": "0001100014211002",
  "payDate": "20230918124530",
  "additionalData": "11",
  "debitAmount": 11300,
  "respCode": "00",
  "respDesc": "SUCCESS",
  "traceTransfer": "FT19310RH6P1",
  "messageType": "1",
  "checkSum": "a66f9c27ddc8bee82c50b5603cbb861eae7b3c26e7a5a75047268058898c7f41",
  "orderCode": "FT19310RH6P1",
  "userName": "cntest001",
  "realAmount": 11200,
  "promotionCode": "ABCXYZ",
  "addValue": "{\"payMethod\":\"01\",\"payMethodMMS\":1}"
}
2024-10-04 11:44:03,554 ay.bank_demo.util.CheckSumUtil -    calculateCheckSum:26   - INFO  - [] - Checksum: a66f9c27ddc8bee82c50b5603cbb861eae7b3c26e7a5a75047268058898c7f41
2024-10-04 11:44:03,554 mo.service.impl.PayServiceImpl -     validateCheckSum:153  - INFO  - [] - Checksum request: a66f9c27ddc8bee82c50b5603cbb861eae7b3c26e7a5a75047268058898c7f41
2024-10-04 11:44:03,583 mo.service.impl.PayServiceImpl -    setDataToRabbitMQ:78   - INFO  - [] - Response Consumer: {
  "code": "00",
  "message": "Insert database success"
}
2024-10-04 11:44:03,584 mo.service.impl.PayServiceImpl -        createPayment:67   - INFO  - [] - TokenKey: NiMR4pwSVj36kgLLBXxV8QOPB0A0Xr6k2Mt5JpgDuzs= expiration time: 44156S
2024-10-04 11:44:03,585 mo.service.impl.PayServiceImpl -        createPayment:71   - INFO  - [] - End create-payment: Success
2024-10-04 11:44:03,586 ay.bank_demo.util.CheckSumUtil -    calculateCheckSum:26   - INFO  - [] - Checksum: 19791ed28a3c9b7e3062b1ceb0b94afd06baa4ec998483da86c19a0d46d442ff
2024-10-04 11:44:03,586 ay.bank_demo.util.CheckSumUtil -    calculateCheckSum:26   - INFO  - [] - Checksum: 19791ed28a3c9b7e3062b1ceb0b94afd06baa4ec998483da86c19a0d46d442ff
2024-10-04 11:44:05,526 mo.service.impl.PayServiceImpl -        createPayment:41   - INFO  - [] - Begin create-payment: {
  "tokenKey": "NiMR4pwSVj36kgLLBXxV8QOPB0A0Xr6k2Mt5JpgDuzs\u003d",
  "apiId": "restPayment",
  "mobile": "0345225630",
  "bankCode": "98765432",
  "privateKey": "87654321",
  "accountNo": "0001100014211002",
  "payDate": "20230918124530",
  "additionalData": "11",
  "debitAmount": 11300,
  "respCode": "00",
  "respDesc": "SUCCESS",
  "traceTransfer": "FT19310RH6P1",
  "messageType": "1",
  "checkSum": "a66f9c27ddc8bee82c50b5603cbb861eae7b3c26e7a5a75047268058898c7f41",
  "orderCode": "FT19310RH6P1",
  "userName": "cntest001",
  "realAmount": 11200,
  "promotionCode": "ABCXYZ",
  "addValue": "{\"payMethod\":\"01\",\"payMethodMMS\":1}"
}
2024-10-04 11:44:05,528 mo.service.impl.PayServiceImpl -        createPayment:49   - INFO  - [] - TokenKey is duplicated
2024-10-04 11:44:05,529 ay.bank_demo.util.CheckSumUtil -    calculateCheckSum:26   - INFO  - [] - Checksum: bbd828e0ea123d9fdd987204d876ff34a4ca1044c7f1588c942ae727c3ece992
2024-10-04 11:44:09,919 mo.service.impl.PayServiceImpl -        createPayment:41   - INFO  - [] - Begin create-payment: {
  "tokenKey": "Zttim3UsK6Xl9aTAErzGDeKHtLncFTFJwCGPlEy2ZbE\u003d",
  "apiId": "restPayment",
  "mobile": "0345225630",
  "bankCode": "98765432",
  "privateKey": "87654321",
  "accountNo": "0001100014211002",
  "payDate": "20230918124530",
  "additionalData": "11",
  "debitAmount": 11300,
  "respCode": "00",
  "respDesc": "SUCCESS",
  "traceTransfer": "FT19310RH6P1",
  "messageType": "1",
  "checkSum": "a66f9c27ddc8bee82c50b5603cbb861eae7b3c26e7a5a75047268058898c7f41",
  "orderCode": "FT19310RH6P1",
  "userName": "cntest001",
  "realAmount": 11200,
  "promotionCode": "ABCXYZ",
  "addValue": "{\"payMethod\":\"01\",\"payMethodMMS\":1}"
}
2024-10-04 11:44:09,920 mo.service.impl.PayServiceImpl -        createPayment:49   - INFO  - [] - TokenKey is duplicated
2024-10-04 11:44:09,921 ay.bank_demo.util.CheckSumUtil -    calculateCheckSum:26   - INFO  - [] - Checksum: bbd828e0ea123d9fdd987204d876ff34a4ca1044c7f1588c942ae727c3ece992
2024-10-04 11:44:14,148 mo.service.impl.PayServiceImpl -        createPayment:41   - INFO  - [] - Begin create-payment: {
  "tokenKey": "PzP6bUdutEsZXY11I5kMO9Od6NRDdRerhLkjGKaIUPs\u003d",
  "apiId": "restPayment",
  "mobile": "0345225630",
  "bankCode": "98765432",
  "privateKey": "87654321",
  "accountNo": "0001100014211002",
  "payDate": "20230918124530",
  "additionalData": "11",
  "debitAmount": 11300,
  "respCode": "00",
  "respDesc": "SUCCESS",
  "traceTransfer": "FT19310RH6P1",
  "messageType": "1",
  "checkSum": "a66f9c27ddc8bee82c50b5603cbb861eae7b3c26e7a5a75047268058898c7f41",
  "orderCode": "FT19310RH6P1",
  "userName": "cntest001",
  "realAmount": 11200,
  "promotionCode": "ABCXYZ",
  "addValue": "{\"payMethod\":\"01\",\"payMethodMMS\":1}"
}
2024-10-04 11:44:14,149 ay.bank_demo.util.CheckSumUtil -    calculateCheckSum:26   - INFO  - [] - Checksum: a66f9c27ddc8bee82c50b5603cbb861eae7b3c26e7a5a75047268058898c7f41
2024-10-04 11:44:14,150 mo.service.impl.PayServiceImpl -     validateCheckSum:153  - INFO  - [] - Checksum request: a66f9c27ddc8bee82c50b5603cbb861eae7b3c26e7a5a75047268058898c7f41
2024-10-04 11:44:14,174 mo.service.impl.PayServiceImpl -    setDataToRabbitMQ:78   - INFO  - [] - Response Consumer: {
  "code": "00",
  "message": "Insert database success"
}
2024-10-04 11:44:14,175 mo.service.impl.PayServiceImpl -        createPayment:67   - INFO  - [] - TokenKey: PzP6bUdutEsZXY11I5kMO9Od6NRDdRerhLkjGKaIUPs= expiration time: 44145S
2024-10-04 11:44:14,176 mo.service.impl.PayServiceImpl -        createPayment:71   - INFO  - [] - End create-payment: Success
2024-10-04 11:44:14,176 ay.bank_demo.util.CheckSumUtil -    calculateCheckSum:26   - INFO  - [] - Checksum: b1653381c1291f618e0de12d40146f474a472f8726f2830e71d5f3da92dcee1b
2024-10-04 11:44:14,176 ay.bank_demo.util.CheckSumUtil -    calculateCheckSum:26   - INFO  - [] - Checksum: b1653381c1291f618e0de12d40146f474a472f8726f2830e71d5f3da92dcee1b
2024-10-04 11:45:43,574 eplyToMessageListenerContainer - nAndWaitOrCallback$7:871  - INFO  - [] - Successfully waited for consumers to finish.
2024-10-04 11:45:43,582 tainerEntityManagerFactoryBean -              destroy:650  - INFO  - [] - Closing JPA EntityManagerFactory for persistence unit 'default'
2024-10-04 11:45:43,584 zaxxer.hikari.HikariDataSource -                close:349  - INFO  - [] - HikariPool-1 - Shutdown initiated...
2024-10-04 11:45:43,589 zaxxer.hikari.HikariDataSource -                close:351  - INFO  - [] - HikariPool-1 - Shutdown completed.
2024-10-04 14:42:18,195 alidator.internal.util.Version -             <clinit>:21   - INFO  - [] - HV000001: Hibernate Validator 8.0.1.Final
2024-10-04 14:42:18,235 .bank_demo.BankDemoApplication -          logStarting:50   - INFO  - [] - Starting BankDemoApplication using Java 17.0.8.1 with PID 20704 (D:\VNPay\TTS\bank_demo\target\classes started by MSI in D:\VNPay\TTS\bank_demo)
2024-10-04 14:42:18,236 .bank_demo.BankDemoApplication - ogStartupProfileInfo:654  - INFO  - [] - No active profile set, falling back to 1 default profile: "default"
2024-10-04 14:42:19,127 epositoryConfigurationDelegate - ltipleStoresDetected:295  - INFO  - [] - Multiple Spring Data modules found, entering strict repository configuration mode
2024-10-04 14:42:19,129 epositoryConfigurationDelegate - gisterRepositoriesIn:143  - INFO  - [] - Bootstrapping Spring Data JPA repositories in DEFAULT mode.
2024-10-04 14:42:19,279 epositoryConfigurationDelegate - gisterRepositoriesIn:211  - INFO  - [] - Finished Spring Data repository scanning in 136 ms. Found 2 JPA repository interfaces.
2024-10-04 14:42:19,294 epositoryConfigurationDelegate - ltipleStoresDetected:295  - INFO  - [] - Multiple Spring Data modules found, entering strict repository configuration mode
2024-10-04 14:42:19,296 epositoryConfigurationDelegate - gisterRepositoriesIn:143  - INFO  - [] - Bootstrapping Spring Data Redis repositories in DEFAULT mode.
2024-10-04 14:42:19,310 yConfigurationExtensionSupport - tRepositoryCandidate:320  - INFO  - [] - Spring Data Redis - Could not safely identify store assignment for repository candidate interface vn.vnpay.bank_demo.repository.PaymentRepository; If you want this repository to be a Redis repository, consider annotating your entities with one of these annotations: org.springframework.data.redis.core.RedisHash (preferred), or consider extending one of the following types with your repository: org.springframework.data.keyvalue.repository.KeyValueRepository
2024-10-04 14:42:19,310 yConfigurationExtensionSupport - tRepositoryCandidate:320  - INFO  - [] - Spring Data Redis - Could not safely identify store assignment for repository candidate interface vn.vnpay.bank_demo.repository.UsersRepository; If you want this repository to be a Redis repository, consider annotating your entities with one of these annotations: org.springframework.data.redis.core.RedisHash (preferred), or consider extending one of the following types with your repository: org.springframework.data.keyvalue.repository.KeyValueRepository
2024-10-04 14:42:19,310 epositoryConfigurationDelegate - gisterRepositoriesIn:211  - INFO  - [] - Finished Spring Data repository scanning in 5 ms. Found 0 Redis repository interfaces.
2024-10-04 14:42:19,754 mbedded.tomcat.TomcatWebServer -           initialize:111  - INFO  - [] - Tomcat initialized with port 8080 (http)
2024-10-04 14:42:19,763 oyote.http11.Http11NioProtocol -                  log:173  - INFO  - [] - Initializing ProtocolHandler ["http-nio-8080"]
2024-10-04 14:42:19,765 .catalina.core.StandardService -                  log:173  - INFO  - [] - Starting service [Tomcat]
2024-10-04 14:42:19,766 e.catalina.core.StandardEngine -                  log:173  - INFO  - [] - Starting Servlet engine: [Apache Tomcat/10.1.28]
2024-10-04 14:42:19,814 .[Tomcat].[localhost].[/vnpay] -                  log:173  - INFO  - [] - Initializing Spring embedded WebApplicationContext
2024-10-04 14:42:19,814 letWebServerApplicationContext - ebApplicationContext:296  - INFO  - [] - Root WebApplicationContext: initialization completed in 1538 ms
2024-10-04 14:42:20,026 te.jpa.internal.util.LogHelper - tenceUnitInformation:31   - INFO  - [] - HHH000204: Processing PersistenceUnitInfo [name: default]
2024-10-04 14:42:20,091 org.hibernate.Version          -           logVersion:44   - INFO  - [] - HHH000412: Hibernate ORM core version 6.5.2.Final
2024-10-04 14:42:20,123 nternal.RegionFactoryInitiator -      initiateService:50   - INFO  - [] - HHH000026: Second-level cache disabled
2024-10-04 14:42:20,362 unit.SpringPersistenceUnitInfo -       addTransformer:87   - INFO  - [] - No LoadTimeWeaver setup: ignoring JPA class transformer
2024-10-04 14:42:20,387 zaxxer.hikari.HikariDataSource -        getConnection:109  - INFO  - [] - HikariPool-1 - Starting...
2024-10-04 14:42:20,669 .zaxxer.hikari.pool.HikariPool -        checkFailFast:554  - INFO  - [] - HikariPool-1 - Added connection ConnectionID:1 ClientConnectionId: e39f7bea-19c7-45b9-9f04-fea5c72c3d42
2024-10-04 14:42:20,671 zaxxer.hikari.HikariDataSource -        getConnection:122  - INFO  - [] - HikariPool-1 - Start completed.
2024-10-04 14:42:21,388 .internal.JtaPlatformInitiator -      initiateService:59   - INFO  - [] - HHH000489: No JTA platform available (set 'hibernate.transaction.jta.platform' to enable JTA platform integration)
2024-10-04 14:42:21,390 tainerEntityManagerFactoryBean - EntityManagerFactory:437  - INFO  - [] - Initialized JPA EntityManagerFactory for persistence unit 'default'
2024-10-04 14:42:22,100 figuration$JpaWebConfiguration - gerInViewInterceptor:236  - WARN  - [] - spring.jpa.open-in-view is enabled by default. Therefore, database queries may be performed during view rendering. Explicitly configure spring.jpa.open-in-view to disable this warning
2024-10-04 14:42:22,295 tTemplateResolverConfiguration - mplateLocationExists:101  - WARN  - [] - Cannot find template location: classpath:/templates/ (please add some templates, check your Thymeleaf configuration, or set spring.thymeleaf.check-template-location=false)
2024-10-04 14:42:22,415 oyote.http11.Http11NioProtocol -                  log:173  - INFO  - [] - Starting ProtocolHandler ["http-nio-8080"]
2024-10-04 14:42:22,428 mbedded.tomcat.TomcatWebServer -                start:243  - INFO  - [] - Tomcat started on port 8080 (http) with context path '/vnpay'
2024-10-04 14:42:22,435 .bank_demo.BankDemoApplication -           logStarted:56   - INFO  - [] - Started BankDemoApplication in 4.725 seconds (process running for 5.564)
2024-10-04 14:43:42,612 .[Tomcat].[localhost].[/vnpay] -                  log:173  - INFO  - [] - Initializing Spring DispatcherServlet 'dispatcherServlet'
2024-10-04 14:43:42,612 .web.servlet.DispatcherServlet -      initServletBean:532  - INFO  - [] - Initializing Servlet 'dispatcherServlet'
2024-10-04 14:43:42,613 .web.servlet.DispatcherServlet -      initServletBean:554  - INFO  - [] - Completed initialization in 1 ms
2024-10-04 14:43:51,523 mo.service.impl.PayServiceImpl -        createPayment:41   - INFO  - [] - Begin create-payment: {
  "tokenKey": "xnIWgUUGyQoim7PfHujM_OroNaDIcPicFNlKtANXe7w\u003d",
  "apiId": "restPayment",
  "mobile": "0345225630",
  "bankCode": "98765432",
  "privateKey": "87654321",
  "accountNo": "0001100014211002",
  "payDate": "20230918124530",
  "additionalData": "11",
  "debitAmount": 11300,
  "respCode": "00",
  "respDesc": "SUCCESS",
  "traceTransfer": "FT19310RH6P1",
  "messageType": "1",
  "checkSum": "a66f9c27ddc8bee82c50b5603cbb861eae7b3c26e7a5a75047268058898c7f41",
  "orderCode": "FT19310RH6P1",
  "userName": "cntest001",
  "realAmount": 11200,
  "promotionCode": "ABCXYZ",
  "addValue": "{\"payMethod\":\"01\",\"payMethodMMS\":1}"
}
2024-10-04 14:43:51,922 ay.bank_demo.util.CheckSumUtil -    calculateCheckSum:26   - INFO  - [] - Checksum: a66f9c27ddc8bee82c50b5603cbb861eae7b3c26e7a5a75047268058898c7f41
2024-10-04 14:43:51,923 mo.service.impl.PayServiceImpl -     validateCheckSum:149  - INFO  - [] - Checksum request: a66f9c27ddc8bee82c50b5603cbb861eae7b3c26e7a5a75047268058898c7f41
2024-10-04 14:43:51,927 ction.CachingConnectionFactory -      connectHostPort:682  - INFO  - [] - Attempting to connect to: 127.0.0.1:5672
2024-10-04 14:43:51,962 ction.CachingConnectionFactory - createBareConnection:608  - INFO  - [] - Created new connection: connectionFactory#673a702a:0/SimpleConnection@4cc6c917 [delegate=amqp://guest@127.0.0.1:5672/, localPort=54705]
2024-10-04 14:43:51,968 k.amqp.rabbit.core.RabbitAdmin -           initialize:686  - INFO  - [] - Auto-declaring a non-durable, auto-delete, or exclusive Queue (myQueue) durable:false, auto-delete:false, exclusive:false. It will be redeclared if the broker stops and is restarted while the connection factory is alive, but all messages will be lost.
2024-10-04 14:43:51,992 eplyToMessageListenerContainer -          actualStart:471  - INFO  - [] - Container initialized for queues: [amq.rabbitmq.reply-to]
2024-10-04 14:43:51,999 eplyToMessageListenerContainer -   doConsumeFromQueue:769  - INFO  - [] - SimpleConsumer [queue=amq.rabbitmq.reply-to, index=0, consumerTag=amq.ctag-iJ901tz5texjBS0YfRpGeQ identity=181bd11f] started
2024-10-04 14:43:52,170 mo.service.impl.PayServiceImpl -    setDataToRabbitMQ:74   - INFO  - [] - Response Consumer: {
  "code": "00",
  "message": "Insert database success"
}
2024-10-04 14:43:52,173 mo.service.impl.PayServiceImpl -        createPayment:63   - INFO  - [] - TokenKey: xnIWgUUGyQoim7PfHujM_OroNaDIcPicFNlKtANXe7w= expiration time: 33367S
2024-10-04 14:43:52,175 mo.service.impl.PayServiceImpl -        createPayment:67   - INFO  - [] - End create-payment: Success
2024-10-04 14:43:52,176 ay.bank_demo.util.CheckSumUtil -    calculateCheckSum:26   - INFO  - [] - Checksum: ce204e3076560e5c3b57743300786f76d0a719e1c509b4470e4057a80ae0b8a3
2024-10-04 14:43:52,177 ay.bank_demo.util.CheckSumUtil -    calculateCheckSum:26   - INFO  - [] - Checksum: ce204e3076560e5c3b57743300786f76d0a719e1c509b4470e4057a80ae0b8a3
2024-10-04 14:46:41,927 eplyToMessageListenerContainer - nAndWaitOrCallback$7:871  - INFO  - [] - Successfully waited for consumers to finish.
2024-10-04 14:46:41,939 tainerEntityManagerFactoryBean -              destroy:650  - INFO  - [] - Closing JPA EntityManagerFactory for persistence unit 'default'
2024-10-04 14:46:41,941 zaxxer.hikari.HikariDataSource -                close:349  - INFO  - [] - HikariPool-1 - Shutdown initiated...
2024-10-04 14:46:41,946 zaxxer.hikari.HikariDataSource -                close:351  - INFO  - [] - HikariPool-1 - Shutdown completed.
2024-10-04 14:49:24,783 alidator.internal.util.Version -             <clinit>:21   - INFO  - [] - HV000001: Hibernate Validator 8.0.1.Final
2024-10-04 14:49:24,808 .bank_demo.BankDemoApplication -          logStarting:50   - INFO  - [] - Starting BankDemoApplication using Java 17.0.8.1 with PID 21088 (D:\VNPay\TTS\bank_demo\target\classes started by MSI in D:\VNPay\TTS\bank_demo)
2024-10-04 14:49:24,809 .bank_demo.BankDemoApplication - ogStartupProfileInfo:654  - INFO  - [] - No active profile set, falling back to 1 default profile: "default"
2024-10-04 14:49:25,311 epositoryConfigurationDelegate - ltipleStoresDetected:295  - INFO  - [] - Multiple Spring Data modules found, entering strict repository configuration mode
2024-10-04 14:49:25,313 epositoryConfigurationDelegate - gisterRepositoriesIn:143  - INFO  - [] - Bootstrapping Spring Data JPA repositories in DEFAULT mode.
2024-10-04 14:49:25,410 epositoryConfigurationDelegate - gisterRepositoriesIn:211  - INFO  - [] - Finished Spring Data repository scanning in 93 ms. Found 2 JPA repository interfaces.
2024-10-04 14:49:25,421 epositoryConfigurationDelegate - ltipleStoresDetected:295  - INFO  - [] - Multiple Spring Data modules found, entering strict repository configuration mode
2024-10-04 14:49:25,422 epositoryConfigurationDelegate - gisterRepositoriesIn:143  - INFO  - [] - Bootstrapping Spring Data Redis repositories in DEFAULT mode.
2024-10-04 14:49:25,431 yConfigurationExtensionSupport - tRepositoryCandidate:320  - INFO  - [] - Spring Data Redis - Could not safely identify store assignment for repository candidate interface vn.vnpay.bank_demo.repository.PaymentRepository; If you want this repository to be a Redis repository, consider annotating your entities with one of these annotations: org.springframework.data.redis.core.RedisHash (preferred), or consider extending one of the following types with your repository: org.springframework.data.keyvalue.repository.KeyValueRepository
2024-10-04 14:49:25,431 yConfigurationExtensionSupport - tRepositoryCandidate:320  - INFO  - [] - Spring Data Redis - Could not safely identify store assignment for repository candidate interface vn.vnpay.bank_demo.repository.UsersRepository; If you want this repository to be a Redis repository, consider annotating your entities with one of these annotations: org.springframework.data.redis.core.RedisHash (preferred), or consider extending one of the following types with your repository: org.springframework.data.keyvalue.repository.KeyValueRepository
2024-10-04 14:49:25,432 epositoryConfigurationDelegate - gisterRepositoriesIn:211  - INFO  - [] - Finished Spring Data repository scanning in 5 ms. Found 0 Redis repository interfaces.
2024-10-04 14:49:25,798 mbedded.tomcat.TomcatWebServer -           initialize:111  - INFO  - [] - Tomcat initialized with port 8080 (http)
2024-10-04 14:49:25,809 oyote.http11.Http11NioProtocol -                  log:173  - INFO  - [] - Initializing ProtocolHandler ["http-nio-8080"]
2024-10-04 14:49:25,811 .catalina.core.StandardService -                  log:173  - INFO  - [] - Starting service [Tomcat]
2024-10-04 14:49:25,811 e.catalina.core.StandardEngine -                  log:173  - INFO  - [] - Starting Servlet engine: [Apache Tomcat/10.1.28]
2024-10-04 14:49:25,855 .[Tomcat].[localhost].[/vnpay] -                  log:173  - INFO  - [] - Initializing Spring embedded WebApplicationContext
2024-10-04 14:49:25,855 letWebServerApplicationContext - ebApplicationContext:296  - INFO  - [] - Root WebApplicationContext: initialization completed in 1021 ms
2024-10-04 14:49:26,016 te.jpa.internal.util.LogHelper - tenceUnitInformation:31   - INFO  - [] - HHH000204: Processing PersistenceUnitInfo [name: default]
2024-10-04 14:49:26,073 org.hibernate.Version          -           logVersion:44   - INFO  - [] - HHH000412: Hibernate ORM core version 6.5.2.Final
2024-10-04 14:49:26,103 nternal.RegionFactoryInitiator -      initiateService:50   - INFO  - [] - HHH000026: Second-level cache disabled
2024-10-04 14:49:26,339 unit.SpringPersistenceUnitInfo -       addTransformer:87   - INFO  - [] - No LoadTimeWeaver setup: ignoring JPA class transformer
2024-10-04 14:49:26,362 zaxxer.hikari.HikariDataSource -        getConnection:109  - INFO  - [] - HikariPool-1 - Starting...
2024-10-04 14:49:26,603 .zaxxer.hikari.pool.HikariPool -        checkFailFast:554  - INFO  - [] - HikariPool-1 - Added connection ConnectionID:1 ClientConnectionId: f7bf79be-c361-4b49-9653-c69f9be23395
2024-10-04 14:49:26,605 zaxxer.hikari.HikariDataSource -        getConnection:122  - INFO  - [] - HikariPool-1 - Start completed.
2024-10-04 14:49:27,308 .internal.JtaPlatformInitiator -      initiateService:59   - INFO  - [] - HHH000489: No JTA platform available (set 'hibernate.transaction.jta.platform' to enable JTA platform integration)
2024-10-04 14:49:27,310 tainerEntityManagerFactoryBean - EntityManagerFactory:437  - INFO  - [] - Initialized JPA EntityManagerFactory for persistence unit 'default'
2024-10-04 14:49:27,863 figuration$JpaWebConfiguration - gerInViewInterceptor:236  - WARN  - [] - spring.jpa.open-in-view is enabled by default. Therefore, database queries may be performed during view rendering. Explicitly configure spring.jpa.open-in-view to disable this warning
2024-10-04 14:49:28,046 tTemplateResolverConfiguration - mplateLocationExists:101  - WARN  - [] - Cannot find template location: classpath:/templates/ (please add some templates, check your Thymeleaf configuration, or set spring.thymeleaf.check-template-location=false)
2024-10-04 14:49:28,163 oyote.http11.Http11NioProtocol -                  log:173  - INFO  - [] - Starting ProtocolHandler ["http-nio-8080"]
2024-10-04 14:49:28,176 mbedded.tomcat.TomcatWebServer -                start:243  - INFO  - [] - Tomcat started on port 8080 (http) with context path '/vnpay'
2024-10-04 14:49:28,184 .bank_demo.BankDemoApplication -           logStarted:56   - INFO  - [] - Started BankDemoApplication in 3.733 seconds (process running for 4.237)
2024-10-04 14:49:42,623 .[Tomcat].[localhost].[/vnpay] -                  log:173  - INFO  - [] - Initializing Spring DispatcherServlet 'dispatcherServlet'
2024-10-04 14:49:42,623 .web.servlet.DispatcherServlet -      initServletBean:532  - INFO  - [] - Initializing Servlet 'dispatcherServlet'
2024-10-04 14:49:42,624 .web.servlet.DispatcherServlet -      initServletBean:554  - INFO  - [] - Completed initialization in 1 ms
2024-10-04 14:49:42,752 mo.service.impl.PayServiceImpl -        createPayment:42   - INFO  - [] - Begin create-payment: {
  "tokenKey": "xnIWgUUGyQoim7PfHujM_OroNaDIcPicFNlKtANXe7w\u003d",
  "apiId": "restPayment",
  "mobile": "0345225630",
  "bankCode": "98765432",
  "privateKey": "87654321",
  "accountNo": "0001100014211002",
  "payDate": "20230918124530",
  "additionalData": "11",
  "debitAmount": 11300,
  "respCode": "00",
  "respDesc": "SUCCESS",
  "traceTransfer": "FT19310RH6P1",
  "messageType": "1",
  "checkSum": "a66f9c27ddc8bee82c50b5603cbb861eae7b3c26e7a5a75047268058898c7f41",
  "orderCode": "FT19310RH6P1",
  "userName": "cntest001",
  "realAmount": 11200,
  "promotionCode": "ABCXYZ",
  "addValue": "{\"payMethod\":\"01\",\"payMethodMMS\":1}"
}
2024-10-04 14:49:43,100 mo.service.impl.PayServiceImpl -        createPayment:46   - INFO  - [] - TokenKey is duplicated
2024-10-04 14:49:43,103 ay.bank_demo.util.CheckSumUtil -    calculateCheckSum:26   - INFO  - [] - Checksum: bbd828e0ea123d9fdd987204d876ff34a4ca1044c7f1588c942ae727c3ece992
2024-10-04 14:49:58,039 mo.service.impl.PayServiceImpl -        createPayment:42   - INFO  - [] - Begin create-payment: {
  "tokenKey": "8t4UreWIKxWwB_hA_IIi07Ff0NlZVWai6t3yl7pbmxU\u003d",
  "apiId": "restPayment",
  "mobile": "0345225630",
  "bankCode": "98765432",
  "privateKey": "87654321",
  "accountNo": "0001100014211002",
  "payDate": "20230918124530",
  "additionalData": "11",
  "debitAmount": 11300,
  "respCode": "00",
  "respDesc": "SUCCESS",
  "traceTransfer": "FT19310RH6P1",
  "messageType": "1",
  "checkSum": "a66f9c27ddc8bee82c50b5603cbb861eae7b3c26e7a5a75047268058898c7f41",
  "orderCode": "FT19310RH6P1",
  "userName": "cntest001",
  "realAmount": 11200,
  "promotionCode": "ABCXYZ",
  "addValue": "{\"payMethod\":\"01\",\"payMethodMMS\":1}"
}
2024-10-04 14:49:58,043 ay.bank_demo.util.CheckSumUtil -    calculateCheckSum:26   - INFO  - [] - Checksum: a66f9c27ddc8bee82c50b5603cbb861eae7b3c26e7a5a75047268058898c7f41
2024-10-04 14:49:58,043 mo.service.impl.PayServiceImpl -     validateCheckSum:149  - INFO  - [] - Checksum request: a66f9c27ddc8bee82c50b5603cbb861eae7b3c26e7a5a75047268058898c7f41
2024-10-04 14:49:58,048 ction.CachingConnectionFactory -      connectHostPort:682  - INFO  - [] - Attempting to connect to: 127.0.0.1:5672
2024-10-04 14:49:58,087 ction.CachingConnectionFactory - createBareConnection:608  - INFO  - [] - Created new connection: connectionFactory#a89dec0:0/SimpleConnection@737470bc [delegate=amqp://guest@127.0.0.1:5672/, localPort=54904]
2024-10-04 14:49:58,094 k.amqp.rabbit.core.RabbitAdmin -           initialize:686  - INFO  - [] - Auto-declaring a non-durable, auto-delete, or exclusive Queue (myQueue) durable:false, auto-delete:false, exclusive:false. It will be redeclared if the broker stops and is restarted while the connection factory is alive, but all messages will be lost.
2024-10-04 14:49:58,120 eplyToMessageListenerContainer -          actualStart:471  - INFO  - [] - Container initialized for queues: [amq.rabbitmq.reply-to]
2024-10-04 14:49:58,128 eplyToMessageListenerContainer -   doConsumeFromQueue:769  - INFO  - [] - SimpleConsumer [queue=amq.rabbitmq.reply-to, index=0, consumerTag=amq.ctag-0wbKJTZyUVKOyO4fGKhtsg identity=3bc708fb] started
2024-10-04 14:49:58,165 mo.service.impl.PayServiceImpl -    setDataToRabbitMQ:74   - INFO  - [] - Response Consumer: {
  "code": "00",
  "message": "Insert database success"
}
2024-10-04 14:49:58,168 mo.service.impl.PayServiceImpl -        createPayment:64   - INFO  - [] - TokenKey: 8t4UreWIKxWwB_hA_IIi07Ff0NlZVWai6t3yl7pbmxU= expiration time: 33001S
2024-10-04 14:49:58,171 mo.service.impl.PayServiceImpl -        createPayment:67   - INFO  - [] - End create-payment: Success
2024-10-04 14:49:58,171 ay.bank_demo.util.CheckSumUtil -    calculateCheckSum:26   - INFO  - [] - Checksum: 2318d24f2021e94affbc715e892e6cf27641c75866270ddff8309d24a56e68cc
2024-10-04 14:49:58,171 ay.bank_demo.util.CheckSumUtil -    calculateCheckSum:26   - INFO  - [] - Checksum: 2318d24f2021e94affbc715e892e6cf27641c75866270ddff8309d24a56e68cc
2024-10-04 14:55:47,974 eplyToMessageListenerContainer - nAndWaitOrCallback$7:871  - INFO  - [] - Successfully waited for consumers to finish.
2024-10-04 14:55:47,983 tainerEntityManagerFactoryBean -              destroy:650  - INFO  - [] - Closing JPA EntityManagerFactory for persistence unit 'default'
2024-10-04 14:55:47,985 zaxxer.hikari.HikariDataSource -                close:349  - INFO  - [] - HikariPool-1 - Shutdown initiated...
2024-10-04 14:55:48,001 zaxxer.hikari.HikariDataSource -                close:351  - INFO  - [] - HikariPool-1 - Shutdown completed.
2024-10-04 14:55:54,278 alidator.internal.util.Version -             <clinit>:21   - INFO  - [] - HV000001: Hibernate Validator 8.0.1.Final
2024-10-04 14:55:54,304 .bank_demo.BankDemoApplication -          logStarting:50   - INFO  - [] - Starting BankDemoApplication using Java 17.0.8.1 with PID 18916 (D:\VNPay\TTS\bank_demo\target\classes started by MSI in D:\VNPay\TTS\bank_demo)
2024-10-04 14:55:54,305 .bank_demo.BankDemoApplication - ogStartupProfileInfo:654  - INFO  - [] - No active profile set, falling back to 1 default profile: "default"
2024-10-04 14:55:54,783 epositoryConfigurationDelegate - ltipleStoresDetected:295  - INFO  - [] - Multiple Spring Data modules found, entering strict repository configuration mode
2024-10-04 14:55:54,785 epositoryConfigurationDelegate - gisterRepositoriesIn:143  - INFO  - [] - Bootstrapping Spring Data JPA repositories in DEFAULT mode.
2024-10-04 14:55:54,885 epositoryConfigurationDelegate - gisterRepositoriesIn:211  - INFO  - [] - Finished Spring Data repository scanning in 95 ms. Found 2 JPA repository interfaces.
2024-10-04 14:55:54,895 epositoryConfigurationDelegate - ltipleStoresDetected:295  - INFO  - [] - Multiple Spring Data modules found, entering strict repository configuration mode
2024-10-04 14:55:54,896 epositoryConfigurationDelegate - gisterRepositoriesIn:143  - INFO  - [] - Bootstrapping Spring Data Redis repositories in DEFAULT mode.
2024-10-04 14:55:54,908 yConfigurationExtensionSupport - tRepositoryCandidate:320  - INFO  - [] - Spring Data Redis - Could not safely identify store assignment for repository candidate interface vn.vnpay.bank_demo.repository.PaymentRepository; If you want this repository to be a Redis repository, consider annotating your entities with one of these annotations: org.springframework.data.redis.core.RedisHash (preferred), or consider extending one of the following types with your repository: org.springframework.data.keyvalue.repository.KeyValueRepository
2024-10-04 14:55:54,908 yConfigurationExtensionSupport - tRepositoryCandidate:320  - INFO  - [] - Spring Data Redis - Could not safely identify store assignment for repository candidate interface vn.vnpay.bank_demo.repository.UsersRepository; If you want this repository to be a Redis repository, consider annotating your entities with one of these annotations: org.springframework.data.redis.core.RedisHash (preferred), or consider extending one of the following types with your repository: org.springframework.data.keyvalue.repository.KeyValueRepository
2024-10-04 14:55:54,908 epositoryConfigurationDelegate - gisterRepositoriesIn:211  - INFO  - [] - Finished Spring Data repository scanning in 5 ms. Found 0 Redis repository interfaces.
2024-10-04 14:55:55,248 mbedded.tomcat.TomcatWebServer -           initialize:111  - INFO  - [] - Tomcat initialized with port 8080 (http)
2024-10-04 14:55:55,261 oyote.http11.Http11NioProtocol -                  log:173  - INFO  - [] - Initializing ProtocolHandler ["http-nio-8080"]
2024-10-04 14:55:55,263 .catalina.core.StandardService -                  log:173  - INFO  - [] - Starting service [Tomcat]
2024-10-04 14:55:55,263 e.catalina.core.StandardEngine -                  log:173  - INFO  - [] - Starting Servlet engine: [Apache Tomcat/10.1.28]
2024-10-04 14:55:55,304 .[Tomcat].[localhost].[/vnpay] -                  log:173  - INFO  - [] - Initializing Spring embedded WebApplicationContext
2024-10-04 14:55:55,304 letWebServerApplicationContext - ebApplicationContext:296  - INFO  - [] - Root WebApplicationContext: initialization completed in 975 ms
2024-10-04 14:55:55,433 te.jpa.internal.util.LogHelper - tenceUnitInformation:31   - INFO  - [] - HHH000204: Processing PersistenceUnitInfo [name: default]
2024-10-04 14:55:55,465 org.hibernate.Version          -           logVersion:44   - INFO  - [] - HHH000412: Hibernate ORM core version 6.5.2.Final
2024-10-04 14:55:55,486 nternal.RegionFactoryInitiator -      initiateService:50   - INFO  - [] - HHH000026: Second-level cache disabled
2024-10-04 14:55:55,663 unit.SpringPersistenceUnitInfo -       addTransformer:87   - INFO  - [] - No LoadTimeWeaver setup: ignoring JPA class transformer
2024-10-04 14:55:55,685 zaxxer.hikari.HikariDataSource -        getConnection:109  - INFO  - [] - HikariPool-1 - Starting...
2024-10-04 14:55:55,842 .zaxxer.hikari.pool.HikariPool -        checkFailFast:554  - INFO  - [] - HikariPool-1 - Added connection ConnectionID:1 ClientConnectionId: bd331902-41b6-4a2b-9bf6-9bdad78ca41b
2024-10-04 14:55:55,843 zaxxer.hikari.HikariDataSource -        getConnection:122  - INFO  - [] - HikariPool-1 - Start completed.
2024-10-04 14:55:56,426 .internal.JtaPlatformInitiator -      initiateService:59   - INFO  - [] - HHH000489: No JTA platform available (set 'hibernate.transaction.jta.platform' to enable JTA platform integration)
2024-10-04 14:55:56,428 tainerEntityManagerFactoryBean - EntityManagerFactory:437  - INFO  - [] - Initialized JPA EntityManagerFactory for persistence unit 'default'
2024-10-04 14:55:56,991 figuration$JpaWebConfiguration - gerInViewInterceptor:236  - WARN  - [] - spring.jpa.open-in-view is enabled by default. Therefore, database queries may be performed during view rendering. Explicitly configure spring.jpa.open-in-view to disable this warning
2024-10-04 14:55:57,130 tTemplateResolverConfiguration - mplateLocationExists:101  - WARN  - [] - Cannot find template location: classpath:/templates/ (please add some templates, check your Thymeleaf configuration, or set spring.thymeleaf.check-template-location=false)
2024-10-04 14:55:57,288 oyote.http11.Http11NioProtocol -                  log:173  - INFO  - [] - Starting ProtocolHandler ["http-nio-8080"]
2024-10-04 14:55:57,303 mbedded.tomcat.TomcatWebServer -                start:243  - INFO  - [] - Tomcat started on port 8080 (http) with context path '/vnpay'
2024-10-04 14:55:57,311 .bank_demo.BankDemoApplication -           logStarted:56   - INFO  - [] - Started BankDemoApplication in 3.335 seconds (process running for 3.776)
2024-10-04 14:56:32,748 tainerEntityManagerFactoryBean -              destroy:650  - INFO  - [] - Closing JPA EntityManagerFactory for persistence unit 'default'
2024-10-04 14:56:32,750 zaxxer.hikari.HikariDataSource -                close:349  - INFO  - [] - HikariPool-1 - Shutdown initiated...
2024-10-04 14:56:32,757 zaxxer.hikari.HikariDataSource -                close:351  - INFO  - [] - HikariPool-1 - Shutdown completed.
2024-10-04 14:57:48,045 alidator.internal.util.Version -             <clinit>:21   - INFO  - [] - HV000001: Hibernate Validator 8.0.1.Final
2024-10-04 14:57:48,129 .bank_demo.BankDemoApplication -          logStarting:50   - INFO  - [] - Starting BankDemoApplication using Java 17.0.8.1 with PID 2192 (D:\VNPay\TTS\bank_demo\target\classes started by MSI in D:\VNPay\TTS\bank_demo)
2024-10-04 14:57:48,131 .bank_demo.BankDemoApplication - ogStartupProfileInfo:654  - INFO  - [] - No active profile set, falling back to 1 default profile: "default"
2024-10-04 14:57:49,587 epositoryConfigurationDelegate - ltipleStoresDetected:295  - INFO  - [] - Multiple Spring Data modules found, entering strict repository configuration mode
2024-10-04 14:57:49,591 epositoryConfigurationDelegate - gisterRepositoriesIn:143  - INFO  - [] - Bootstrapping Spring Data JPA repositories in DEFAULT mode.
2024-10-04 14:57:49,892 epositoryConfigurationDelegate - gisterRepositoriesIn:211  - INFO  - [] - Finished Spring Data repository scanning in 293 ms. Found 2 JPA repository interfaces.
2024-10-04 14:57:49,958 epositoryConfigurationDelegate - ltipleStoresDetected:295  - INFO  - [] - Multiple Spring Data modules found, entering strict repository configuration mode
2024-10-04 14:57:49,960 epositoryConfigurationDelegate - gisterRepositoriesIn:143  - INFO  - [] - Bootstrapping Spring Data Redis repositories in DEFAULT mode.
2024-10-04 14:57:50,002 yConfigurationExtensionSupport - tRepositoryCandidate:320  - INFO  - [] - Spring Data Redis - Could not safely identify store assignment for repository candidate interface vn.vnpay.bank_demo.repository.PaymentRepository; If you want this repository to be a Redis repository, consider annotating your entities with one of these annotations: org.springframework.data.redis.core.RedisHash (preferred), or consider extending one of the following types with your repository: org.springframework.data.keyvalue.repository.KeyValueRepository
2024-10-04 14:57:50,003 yConfigurationExtensionSupport - tRepositoryCandidate:320  - INFO  - [] - Spring Data Redis - Could not safely identify store assignment for repository candidate interface vn.vnpay.bank_demo.repository.UsersRepository; If you want this repository to be a Redis repository, consider annotating your entities with one of these annotations: org.springframework.data.redis.core.RedisHash (preferred), or consider extending one of the following types with your repository: org.springframework.data.keyvalue.repository.KeyValueRepository
2024-10-04 14:57:50,004 epositoryConfigurationDelegate - gisterRepositoriesIn:211  - INFO  - [] - Finished Spring Data repository scanning in 24 ms. Found 0 Redis repository interfaces.
2024-10-04 14:57:51,447 mbedded.tomcat.TomcatWebServer -           initialize:111  - INFO  - [] - Tomcat initialized with port 8080 (http)
2024-10-04 14:57:51,462 oyote.http11.Http11NioProtocol -                  log:173  - INFO  - [] - Initializing ProtocolHandler ["http-nio-8080"]
2024-10-04 14:57:51,472 .catalina.core.StandardService -                  log:173  - INFO  - [] - Starting service [Tomcat]
2024-10-04 14:57:51,473 e.catalina.core.StandardEngine -                  log:173  - INFO  - [] - Starting Servlet engine: [Apache Tomcat/10.1.28]
2024-10-04 14:57:51,548 .[Tomcat].[localhost].[/vnpay] -                  log:173  - INFO  - [] - Initializing Spring embedded WebApplicationContext
2024-10-04 14:57:51,549 letWebServerApplicationContext - ebApplicationContext:296  - INFO  - [] - Root WebApplicationContext: initialization completed in 3340 ms
2024-10-04 14:57:51,838 te.jpa.internal.util.LogHelper - tenceUnitInformation:31   - INFO  - [] - HHH000204: Processing PersistenceUnitInfo [name: default]
2024-10-04 14:57:51,899 org.hibernate.Version          -           logVersion:44   - INFO  - [] - HHH000412: Hibernate ORM core version 6.5.2.Final
2024-10-04 14:57:51,941 nternal.RegionFactoryInitiator -      initiateService:50   - INFO  - [] - HHH000026: Second-level cache disabled
2024-10-04 14:57:52,515 unit.SpringPersistenceUnitInfo -       addTransformer:87   - INFO  - [] - No LoadTimeWeaver setup: ignoring JPA class transformer
2024-10-04 14:57:52,564 zaxxer.hikari.HikariDataSource -        getConnection:109  - INFO  - [] - HikariPool-1 - Starting...
2024-10-04 14:57:52,926 .zaxxer.hikari.pool.HikariPool -        checkFailFast:554  - INFO  - [] - HikariPool-1 - Added connection ConnectionID:1 ClientConnectionId: 96618478-71ed-4e68-a50a-8a3f613af0c5
2024-10-04 14:57:52,929 zaxxer.hikari.HikariDataSource -        getConnection:122  - INFO  - [] - HikariPool-1 - Start completed.
2024-10-04 14:57:54,325 .internal.JtaPlatformInitiator -      initiateService:59   - INFO  - [] - HHH000489: No JTA platform available (set 'hibernate.transaction.jta.platform' to enable JTA platform integration)
2024-10-04 14:57:54,328 tainerEntityManagerFactoryBean - EntityManagerFactory:437  - INFO  - [] - Initialized JPA EntityManagerFactory for persistence unit 'default'
2024-10-04 14:57:55,250 figuration$JpaWebConfiguration - gerInViewInterceptor:236  - WARN  - [] - spring.jpa.open-in-view is enabled by default. Therefore, database queries may be performed during view rendering. Explicitly configure spring.jpa.open-in-view to disable this warning
2024-10-04 14:57:55,448 tTemplateResolverConfiguration - mplateLocationExists:101  - WARN  - [] - Cannot find template location: classpath:/templates/ (please add some templates, check your Thymeleaf configuration, or set spring.thymeleaf.check-template-location=false)
2024-10-04 14:57:55,678 oyote.http11.Http11NioProtocol -                  log:173  - INFO  - [] - Starting ProtocolHandler ["http-nio-8080"]
2024-10-04 14:57:55,694 mbedded.tomcat.TomcatWebServer -                start:243  - INFO  - [] - Tomcat started on port 8080 (http) with context path '/vnpay'
2024-10-04 14:57:55,705 .bank_demo.BankDemoApplication -           logStarted:56   - INFO  - [] - Started BankDemoApplication in 8.441 seconds (process running for 9.305)
2024-10-04 15:19:16,570 tainerEntityManagerFactoryBean -              destroy:650  - INFO  - [] - Closing JPA EntityManagerFactory for persistence unit 'default'
2024-10-04 15:19:16,573 zaxxer.hikari.HikariDataSource -                close:349  - INFO  - [] - HikariPool-1 - Shutdown initiated...
2024-10-04 15:19:16,582 zaxxer.hikari.HikariDataSource -                close:351  - INFO  - [] - HikariPool-1 - Shutdown completed.
2024-10-04 15:20:24,502 alidator.internal.util.Version -             <clinit>:21   - INFO  - [] - HV000001: Hibernate Validator 8.0.1.Final
2024-10-04 15:20:24,596 .bank_demo.BankDemoApplication -          logStarting:50   - INFO  - [] - Starting BankDemoApplication using Java 17.0.8.1 with PID 13104 (D:\VNPay\TTS\bank_demo\target\classes started by MSI in D:\VNPay\TTS\bank_demo)
2024-10-04 15:20:24,601 .bank_demo.BankDemoApplication - ogStartupProfileInfo:654  - INFO  - [] - No active profile set, falling back to 1 default profile: "default"
2024-10-04 15:20:25,819 epositoryConfigurationDelegate - ltipleStoresDetected:295  - INFO  - [] - Multiple Spring Data modules found, entering strict repository configuration mode
2024-10-04 15:20:25,822 epositoryConfigurationDelegate - gisterRepositoriesIn:143  - INFO  - [] - Bootstrapping Spring Data JPA repositories in DEFAULT mode.
2024-10-04 15:20:26,047 epositoryConfigurationDelegate - gisterRepositoriesIn:211  - INFO  - [] - Finished Spring Data repository scanning in 216 ms. Found 2 JPA repository interfaces.
2024-10-04 15:20:26,077 epositoryConfigurationDelegate - ltipleStoresDetected:295  - INFO  - [] - Multiple Spring Data modules found, entering strict repository configuration mode
2024-10-04 15:20:26,080 epositoryConfigurationDelegate - gisterRepositoriesIn:143  - INFO  - [] - Bootstrapping Spring Data Redis repositories in DEFAULT mode.
2024-10-04 15:20:26,107 yConfigurationExtensionSupport - tRepositoryCandidate:320  - INFO  - [] - Spring Data Redis - Could not safely identify store assignment for repository candidate interface vn.vnpay.bank_demo.repository.PaymentRepository; If you want this repository to be a Redis repository, consider annotating your entities with one of these annotations: org.springframework.data.redis.core.RedisHash (preferred), or consider extending one of the following types with your repository: org.springframework.data.keyvalue.repository.KeyValueRepository
2024-10-04 15:20:26,108 yConfigurationExtensionSupport - tRepositoryCandidate:320  - INFO  - [] - Spring Data Redis - Could not safely identify store assignment for repository candidate interface vn.vnpay.bank_demo.repository.UsersRepository; If you want this repository to be a Redis repository, consider annotating your entities with one of these annotations: org.springframework.data.redis.core.RedisHash (preferred), or consider extending one of the following types with your repository: org.springframework.data.keyvalue.repository.KeyValueRepository
2024-10-04 15:20:26,108 epositoryConfigurationDelegate - gisterRepositoriesIn:211  - INFO  - [] - Finished Spring Data repository scanning in 14 ms. Found 0 Redis repository interfaces.
2024-10-04 15:20:26,868 mbedded.tomcat.TomcatWebServer -           initialize:111  - INFO  - [] - Tomcat initialized with port 8080 (http)
2024-10-04 15:20:26,886 oyote.http11.Http11NioProtocol -                  log:173  - INFO  - [] - Initializing ProtocolHandler ["http-nio-8080"]
2024-10-04 15:20:26,889 .catalina.core.StandardService -                  log:173  - INFO  - [] - Starting service [Tomcat]
2024-10-04 15:20:26,889 e.catalina.core.StandardEngine -                  log:173  - INFO  - [] - Starting Servlet engine: [Apache Tomcat/10.1.28]
2024-10-04 15:20:26,971 .[Tomcat].[localhost].[/vnpay] -                  log:173  - INFO  - [] - Initializing Spring embedded WebApplicationContext
2024-10-04 15:20:26,971 letWebServerApplicationContext - ebApplicationContext:296  - INFO  - [] - Root WebApplicationContext: initialization completed in 2290 ms
2024-10-04 15:20:27,218 te.jpa.internal.util.LogHelper - tenceUnitInformation:31   - INFO  - [] - HHH000204: Processing PersistenceUnitInfo [name: default]
2024-10-04 15:20:27,276 org.hibernate.Version          -           logVersion:44   - INFO  - [] - HHH000412: Hibernate ORM core version 6.5.2.Final
2024-10-04 15:20:27,314 nternal.RegionFactoryInitiator -      initiateService:50   - INFO  - [] - HHH000026: Second-level cache disabled
2024-10-04 15:20:27,648 unit.SpringPersistenceUnitInfo -       addTransformer:87   - INFO  - [] - No LoadTimeWeaver setup: ignoring JPA class transformer
2024-10-04 15:20:27,673 zaxxer.hikari.HikariDataSource -        getConnection:109  - INFO  - [] - HikariPool-1 - Starting...
2024-10-04 15:20:27,997 .zaxxer.hikari.pool.HikariPool -        checkFailFast:554  - INFO  - [] - HikariPool-1 - Added connection ConnectionID:1 ClientConnectionId: 86c80103-de8a-4e9a-ad0b-2104ee329734
2024-10-04 15:20:28,019 zaxxer.hikari.HikariDataSource -        getConnection:122  - INFO  - [] - HikariPool-1 - Start completed.
2024-10-04 15:20:29,023 .internal.JtaPlatformInitiator -      initiateService:59   - INFO  - [] - HHH000489: No JTA platform available (set 'hibernate.transaction.jta.platform' to enable JTA platform integration)
2024-10-04 15:20:29,026 tainerEntityManagerFactoryBean - EntityManagerFactory:437  - INFO  - [] - Initialized JPA EntityManagerFactory for persistence unit 'default'
2024-10-04 15:20:29,926 figuration$JpaWebConfiguration - gerInViewInterceptor:236  - WARN  - [] - spring.jpa.open-in-view is enabled by default. Therefore, database queries may be performed during view rendering. Explicitly configure spring.jpa.open-in-view to disable this warning
2024-10-04 15:20:30,117 tTemplateResolverConfiguration - mplateLocationExists:101  - WARN  - [] - Cannot find template location: classpath:/templates/ (please add some templates, check your Thymeleaf configuration, or set spring.thymeleaf.check-template-location=false)
2024-10-04 15:20:30,376 oyote.http11.Http11NioProtocol -                  log:173  - INFO  - [] - Starting ProtocolHandler ["http-nio-8080"]
2024-10-04 15:20:30,397 mbedded.tomcat.TomcatWebServer -                start:243  - INFO  - [] - Tomcat started on port 8080 (http) with context path '/vnpay'
2024-10-04 15:20:30,408 .bank_demo.BankDemoApplication -           logStarted:56   - INFO  - [] - Started BankDemoApplication in 6.557 seconds (process running for 7.418)
2024-10-04 15:20:38,203 .[Tomcat].[localhost].[/vnpay] -                  log:173  - INFO  - [] - Initializing Spring DispatcherServlet 'dispatcherServlet'
2024-10-04 15:20:38,203 .web.servlet.DispatcherServlet -      initServletBean:532  - INFO  - [] - Initializing Servlet 'dispatcherServlet'
2024-10-04 15:20:38,205 .web.servlet.DispatcherServlet -      initServletBean:554  - INFO  - [] - Completed initialization in 1 ms
2024-10-04 15:21:03,559 mo.service.impl.PayServiceImpl -        createPayment:44   - INFO  - [] - Begin create-payment: {
  "tokenKey": "ey7CnpknHkmhWmcvqTVxcsnknUOaewJg6xXK8PC7kB4\u003d",
  "apiId": "restPayment",
  "mobile": "0345225630",
  "bankCode": "98765432",
  "privateKey": "87654321",
  "accountNo": "0001100014211002",
  "payDate": "20230918124530",
  "additionalData": "11",
  "debitAmount": 11300,
  "respCode": "00",
  "respDesc": "SUCCESS",
  "traceTransfer": "FT19310RH6P1",
  "messageType": "1",
  "checkSum": "a66f9c27ddc8bee82c50b5603cbb861eae7b3c26e7a5a75047268058898c7f41",
  "orderCode": "FT19310RH6P1",
  "userName": "cntest001",
  "realAmount": 11200,
  "promotionCode": "ABCXYZ",
  "addValue": "{\"payMethod\":\"01\",\"payMethodMMS\":1}"
}
2024-10-04 15:21:04,358 ay.bank_demo.util.CheckSumUtil -    calculateCheckSum:26   - INFO  - [] - Checksum: a66f9c27ddc8bee82c50b5603cbb861eae7b3c26e7a5a75047268058898c7f41
2024-10-04 15:21:04,358 mo.service.impl.PayServiceImpl -     validateCheckSum:151  - INFO  - [] - Checksum request: a66f9c27ddc8bee82c50b5603cbb861eae7b3c26e7a5a75047268058898c7f41
2024-10-04 15:21:04,367 ction.CachingConnectionFactory -      connectHostPort:682  - INFO  - [] - Attempting to connect to: 127.0.0.1:5672
2024-10-04 15:21:04,448 ction.CachingConnectionFactory - createBareConnection:608  - INFO  - [] - Created new connection: cachingConnectionFactory#4548bfc7:0/SimpleConnection@4591b53c [delegate=amqp://guest@127.0.0.1:5672/, localPort=55439]
2024-10-04 15:21:04,463 k.amqp.rabbit.core.RabbitAdmin -           initialize:686  - INFO  - [] - Auto-declaring a non-durable, auto-delete, or exclusive Queue (myQueue) durable:false, auto-delete:false, exclusive:false. It will be redeclared if the broker stops and is restarted while the connection factory is alive, but all messages will be lost.
2024-10-04 15:21:04,510 eplyToMessageListenerContainer -          actualStart:471  - INFO  - [] - Container initialized for queues: [amq.rabbitmq.reply-to]
2024-10-04 15:21:04,526 eplyToMessageListenerContainer -   doConsumeFromQueue:769  - INFO  - [] - SimpleConsumer [queue=amq.rabbitmq.reply-to, index=0, consumerTag=amq.ctag-wdcLIWOPI2WzeJQe0uwjww identity=7c6195a4] started
2024-10-04 15:21:04,880 mo.service.impl.PayServiceImpl -    setDataToRabbitMQ:77   - INFO  - [] - Response Consumer: {
  "code": "00",
  "message": "Insert database success"
}
2024-10-04 15:21:04,885 mo.service.impl.PayServiceImpl -        createPayment:67   - INFO  - [] - TokenKey: ey7CnpknHkmhWmcvqTVxcsnknUOaewJg6xXK8PC7kB4= expiration time: 31135S
2024-10-04 15:21:04,889 mo.service.impl.PayServiceImpl -        createPayment:70   - INFO  - [] - End create-payment: Success
2024-10-04 15:21:04,890 ay.bank_demo.util.CheckSumUtil -    calculateCheckSum:26   - INFO  - [] - Checksum: 67fc47fbf6e5b413fd865f1d0d85abda2d970c34677bbd1614c9a0165ca220eb
2024-10-04 15:21:04,890 ay.bank_demo.util.CheckSumUtil -    calculateCheckSum:26   - INFO  - [] - Checksum: 67fc47fbf6e5b413fd865f1d0d85abda2d970c34677bbd1614c9a0165ca220eb
2024-10-04 15:25:03,337 eplyToMessageListenerContainer - nAndWaitOrCallback$7:871  - INFO  - [] - Successfully waited for consumers to finish.
2024-10-04 15:25:03,351 tainerEntityManagerFactoryBean -              destroy:650  - INFO  - [] - Closing JPA EntityManagerFactory for persistence unit 'default'
2024-10-04 15:25:03,355 zaxxer.hikari.HikariDataSource -                close:349  - INFO  - [] - HikariPool-1 - Shutdown initiated...
2024-10-04 15:25:03,362 zaxxer.hikari.HikariDataSource -                close:351  - INFO  - [] - HikariPool-1 - Shutdown completed.
2024-10-04 15:25:11,011 alidator.internal.util.Version -             <clinit>:21   - INFO  - [] - HV000001: Hibernate Validator 8.0.1.Final
2024-10-04 15:25:11,077 .bank_demo.BankDemoApplication -          logStarting:50   - INFO  - [] - Starting BankDemoApplication using Java 17.0.8.1 with PID 16024 (D:\VNPay\TTS\bank_demo\target\classes started by MSI in D:\VNPay\TTS\bank_demo)
2024-10-04 15:25:11,079 .bank_demo.BankDemoApplication - ogStartupProfileInfo:654  - INFO  - [] - No active profile set, falling back to 1 default profile: "default"
2024-10-04 15:25:12,095 epositoryConfigurationDelegate - ltipleStoresDetected:295  - INFO  - [] - Multiple Spring Data modules found, entering strict repository configuration mode
2024-10-04 15:25:12,097 epositoryConfigurationDelegate - gisterRepositoriesIn:143  - INFO  - [] - Bootstrapping Spring Data JPA repositories in DEFAULT mode.
2024-10-04 15:25:12,288 epositoryConfigurationDelegate - gisterRepositoriesIn:211  - INFO  - [] - Finished Spring Data repository scanning in 182 ms. Found 2 JPA repository interfaces.
2024-10-04 15:25:12,308 epositoryConfigurationDelegate - ltipleStoresDetected:295  - INFO  - [] - Multiple Spring Data modules found, entering strict repository configuration mode
2024-10-04 15:25:12,310 epositoryConfigurationDelegate - gisterRepositoriesIn:143  - INFO  - [] - Bootstrapping Spring Data Redis repositories in DEFAULT mode.
2024-10-04 15:25:12,333 yConfigurationExtensionSupport - tRepositoryCandidate:320  - INFO  - [] - Spring Data Redis - Could not safely identify store assignment for repository candidate interface vn.vnpay.bank_demo.repository.PaymentRepository; If you want this repository to be a Redis repository, consider annotating your entities with one of these annotations: org.springframework.data.redis.core.RedisHash (preferred), or consider extending one of the following types with your repository: org.springframework.data.keyvalue.repository.KeyValueRepository
2024-10-04 15:25:12,334 yConfigurationExtensionSupport - tRepositoryCandidate:320  - INFO  - [] - Spring Data Redis - Could not safely identify store assignment for repository candidate interface vn.vnpay.bank_demo.repository.UsersRepository; If you want this repository to be a Redis repository, consider annotating your entities with one of these annotations: org.springframework.data.redis.core.RedisHash (preferred), or consider extending one of the following types with your repository: org.springframework.data.keyvalue.repository.KeyValueRepository
2024-10-04 15:25:12,334 epositoryConfigurationDelegate - gisterRepositoriesIn:211  - INFO  - [] - Finished Spring Data repository scanning in 12 ms. Found 0 Redis repository interfaces.
2024-10-04 15:25:13,057 mbedded.tomcat.TomcatWebServer -           initialize:111  - INFO  - [] - Tomcat initialized with port 8080 (http)
2024-10-04 15:25:13,086 oyote.http11.Http11NioProtocol -                  log:173  - INFO  - [] - Initializing ProtocolHandler ["http-nio-8080"]
2024-10-04 15:25:13,091 .catalina.core.StandardService -                  log:173  - INFO  - [] - Starting service [Tomcat]
2024-10-04 15:25:13,092 e.catalina.core.StandardEngine -                  log:173  - INFO  - [] - Starting Servlet engine: [Apache Tomcat/10.1.28]
2024-10-04 15:25:13,196 .[Tomcat].[localhost].[/vnpay] -                  log:173  - INFO  - [] - Initializing Spring embedded WebApplicationContext
2024-10-04 15:25:13,197 letWebServerApplicationContext - ebApplicationContext:296  - INFO  - [] - Root WebApplicationContext: initialization completed in 2054 ms
2024-10-04 15:25:13,480 te.jpa.internal.util.LogHelper - tenceUnitInformation:31   - INFO  - [] - HHH000204: Processing PersistenceUnitInfo [name: default]
2024-10-04 15:25:13,538 org.hibernate.Version          -           logVersion:44   - INFO  - [] - HHH000412: Hibernate ORM core version 6.5.2.Final
2024-10-04 15:25:13,579 nternal.RegionFactoryInitiator -      initiateService:50   - INFO  - [] - HHH000026: Second-level cache disabled
2024-10-04 15:25:13,923 unit.SpringPersistenceUnitInfo -       addTransformer:87   - INFO  - [] - No LoadTimeWeaver setup: ignoring JPA class transformer
2024-10-04 15:25:13,956 zaxxer.hikari.HikariDataSource -        getConnection:109  - INFO  - [] - HikariPool-1 - Starting...
2024-10-04 15:25:14,319 .zaxxer.hikari.pool.HikariPool -        checkFailFast:554  - INFO  - [] - HikariPool-1 - Added connection ConnectionID:1 ClientConnectionId: 65b5ea66-fcbc-433c-a470-bac11909b2a9
2024-10-04 15:25:14,322 zaxxer.hikari.HikariDataSource -        getConnection:122  - INFO  - [] - HikariPool-1 - Start completed.
2024-10-04 15:25:15,587 .internal.JtaPlatformInitiator -      initiateService:59   - INFO  - [] - HHH000489: No JTA platform available (set 'hibernate.transaction.jta.platform' to enable JTA platform integration)
2024-10-04 15:25:15,592 tainerEntityManagerFactoryBean - EntityManagerFactory:437  - INFO  - [] - Initialized JPA EntityManagerFactory for persistence unit 'default'
2024-10-04 15:25:16,922 figuration$JpaWebConfiguration - gerInViewInterceptor:236  - WARN  - [] - spring.jpa.open-in-view is enabled by default. Therefore, database queries may be performed during view rendering. Explicitly configure spring.jpa.open-in-view to disable this warning
2024-10-04 15:25:17,219 tTemplateResolverConfiguration - mplateLocationExists:101  - WARN  - [] - Cannot find template location: classpath:/templates/ (please add some templates, check your Thymeleaf configuration, or set spring.thymeleaf.check-template-location=false)
2024-10-04 15:25:17,562 oyote.http11.Http11NioProtocol -                  log:173  - INFO  - [] - Starting ProtocolHandler ["http-nio-8080"]
2024-10-04 15:25:17,596 mbedded.tomcat.TomcatWebServer -                start:243  - INFO  - [] - Tomcat started on port 8080 (http) with context path '/vnpay'
2024-10-04 15:25:17,612 .bank_demo.BankDemoApplication -           logStarted:56   - INFO  - [] - Started BankDemoApplication in 7.234 seconds (process running for 8.061)
2024-10-04 15:25:37,950 .[Tomcat].[localhost].[/vnpay] -                  log:173  - INFO  - [] - Initializing Spring DispatcherServlet 'dispatcherServlet'
2024-10-04 15:25:37,950 .web.servlet.DispatcherServlet -      initServletBean:532  - INFO  - [] - Initializing Servlet 'dispatcherServlet'
2024-10-04 15:25:37,952 .web.servlet.DispatcherServlet -      initServletBean:554  - INFO  - [] - Completed initialization in 2 ms
2024-10-04 15:25:38,145 mo.service.impl.PayServiceImpl -        createPayment:44   - INFO  - [] - Begin create-payment: {
  "tokenKey": "ey7CnpknHkmhWmcvqTVxcsnknUOaewJg6xXK8PC7kB4\u003d",
  "apiId": "restPayment",
  "mobile": "0345225630",
  "bankCode": "98765432",
  "privateKey": "87654321",
  "accountNo": "0001100014211002",
  "payDate": "20230918124530",
  "additionalData": "11",
  "debitAmount": 11300,
  "respCode": "00",
  "respDesc": "SUCCESS",
  "traceTransfer": "FT19310RH6P1",
  "messageType": "1",
  "checkSum": "a66f9c27ddc8bee82c50b5603cbb861eae7b3c26e7a5a75047268058898c7f41",
  "orderCode": "FT19310RH6P1",
  "userName": "cntest001",
  "realAmount": 11200,
  "promotionCode": "ABCXYZ",
  "addValue": "{\"payMethod\":\"01\",\"payMethodMMS\":1}"
}
2024-10-04 15:25:38,829 mo.service.impl.PayServiceImpl -        createPayment:49   - INFO  - [] - TokenKey is duplicated
2024-10-04 15:25:38,835 ay.bank_demo.util.CheckSumUtil -    calculateCheckSum:26   - INFO  - [] - Checksum: bbd828e0ea123d9fdd987204d876ff34a4ca1044c7f1588c942ae727c3ece992
2024-10-04 15:25:51,047 mo.service.impl.PayServiceImpl -        createPayment:44   - INFO  - [] - Begin create-payment: {
  "tokenKey": "ey7CnpknHkmhWmcvqTVxcsnknUOaewJg6xXKPC7kB4\u003d",
  "apiId": "restPayment",
  "mobile": "0345225630",
  "bankCode": "98765432",
  "privateKey": "87654321",
  "accountNo": "0001100014211002",
  "payDate": "20230918124530",
  "additionalData": "11",
  "debitAmount": 11300,
  "respCode": "00",
  "respDesc": "SUCCESS",
  "traceTransfer": "FT19310RH6P1",
  "messageType": "1",
  "checkSum": "a66f9c27ddc8bee82c50b5603cbb861eae7b3c26e7a5a75047268058898c7f41",
  "orderCode": "FT19310RH6P1",
  "userName": "cntest001",
  "realAmount": 11200,
  "promotionCode": "ABCXYZ",
  "addValue": "{\"payMethod\":\"01\",\"payMethodMMS\":1}"
}
2024-10-04 15:25:51,056 ay.bank_demo.util.CheckSumUtil -    calculateCheckSum:26   - INFO  - [] - Checksum: a66f9c27ddc8bee82c50b5603cbb861eae7b3c26e7a5a75047268058898c7f41
2024-10-04 15:25:51,056 mo.service.impl.PayServiceImpl -     validateCheckSum:148  - INFO  - [] - Checksum request: a66f9c27ddc8bee82c50b5603cbb861eae7b3c26e7a5a75047268058898c7f41
2024-10-04 15:25:51,063 ction.CachingConnectionFactory -      connectHostPort:682  - INFO  - [] - Attempting to connect to: 127.0.0.1:5672
2024-10-04 15:25:51,143 ction.CachingConnectionFactory - createBareConnection:608  - INFO  - [] - Created new connection: cachingConnectionFactory#41bd8ec9:0/SimpleConnection@737470bc [delegate=amqp://guest@127.0.0.1:5672/, localPort=55527]
2024-10-04 15:25:51,152 k.amqp.rabbit.core.RabbitAdmin -           initialize:686  - INFO  - [] - Auto-declaring a non-durable, auto-delete, or exclusive Queue (myQueue) durable:false, auto-delete:false, exclusive:false. It will be redeclared if the broker stops and is restarted while the connection factory is alive, but all messages will be lost.
2024-10-04 15:25:51,192 eplyToMessageListenerContainer -          actualStart:471  - INFO  - [] - Container initialized for queues: [amq.rabbitmq.reply-to]
2024-10-04 15:25:51,211 eplyToMessageListenerContainer -   doConsumeFromQueue:769  - INFO  - [] - SimpleConsumer [queue=amq.rabbitmq.reply-to, index=0, consumerTag=amq.ctag-kmZGbxHWqHcFeCyvnGoOQQ identity=3bc708fb] started
2024-10-04 15:25:56,234 mo.service.impl.PayServiceImpl -    setDataToRabbitMQ:77   - INFO  - [] - Response Consumer: null
2024-10-04 15:25:56,235 mo.service.impl.PayServiceImpl -    setDataToRabbitMQ:93   - ERROR - [] - Unexpected error: Not found consumer
2024-10-04 15:25:56,235 ay.bank_demo.util.CheckSumUtil -    calculateCheckSum:26   - INFO  - [] - Checksum: 6504b5da5ed4cfe7323b0fa06bfdb6242f1be565f3319fa7e6b73bc29550ba8b
2024-10-04 15:29:19,878 mo.service.impl.PayServiceImpl -        createPayment:44   - INFO  - [] - Begin create-payment: {
  "tokenKey": "ey7CnpknHkmhWmcvqTVxcsnknUOaewJg6xXKPC7kB4\u003d",
  "apiId": "restPayment",
  "mobile": "0345225630",
  "bankCode": "98765432",
  "privateKey": "87654321",
  "accountNo": "0001100014211002",
  "payDate": "20230918124530",
  "additionalData": "11",
  "debitAmount": 11300,
  "respCode": "00",
  "respDesc": "SUCCESS",
  "traceTransfer": "FT19310RH6P1",
  "messageType": "1",
  "checkSum": "a66f9c27ddc8bee82c50b5603cbb861eae7b3c26e7a5a75047268058898c7f41",
  "orderCode": "FT19310RH6P1",
  "userName": "cntest001",
  "realAmount": 11200,
  "promotionCode": "ABCXYZ",
  "addValue": "{\"payMethod\":\"01\",\"payMethodMMS\":1}"
}
2024-10-04 15:29:19,881 ay.bank_demo.util.CheckSumUtil -    calculateCheckSum:26   - INFO  - [] - Checksum: a66f9c27ddc8bee82c50b5603cbb861eae7b3c26e7a5a75047268058898c7f41
2024-10-04 15:29:19,881 mo.service.impl.PayServiceImpl -     validateCheckSum:148  - INFO  - [] - Checksum request: a66f9c27ddc8bee82c50b5603cbb861eae7b3c26e7a5a75047268058898c7f41
2024-10-04 15:29:19,893 eplyToMessageListenerContainer -   doConsumeFromQueue:769  - INFO  - [] - SimpleConsumer [queue=amq.rabbitmq.reply-to, index=0, consumerTag=amq.ctag-nqw_Vsdx5eaL33HLzVFYkA identity=448cc5e3] started
2024-10-04 15:29:19,939 mo.service.impl.PayServiceImpl -    setDataToRabbitMQ:93   - ERROR - [] - Unexpected error: failed to convert serialized Message content
2024-10-04 15:29:19,940 ay.bank_demo.util.CheckSumUtil -    calculateCheckSum:26   - INFO  - [] - Checksum: 6504b5da5ed4cfe7323b0fa06bfdb6242f1be565f3319fa7e6b73bc29550ba8b
2024-10-04 15:30:03,088 mo.service.impl.PayServiceImpl -        createPayment:44   - INFO  - [] - Begin create-payment: {
  "tokenKey": "ey7CnpknHkmhWmcvqTVxcsnknUOaewJg6KPC7kB4\u003d",
  "apiId": "restPayment",
  "mobile": "0345225630",
  "bankCode": "98765432",
  "privateKey": "87654321",
  "accountNo": "0001100014211002",
  "payDate": "20230918124530",
  "additionalData": "11",
  "debitAmount": 11300,
  "respCode": "00",
  "respDesc": "SUCCESS",
  "traceTransfer": "FT19310RH6P1",
  "messageType": "1",
  "checkSum": "a66f9c27ddc8bee82c50b5603cbb861eae7b3c26e7a5a75047268058898c7f41",
  "orderCode": "FT19310RH6P1",
  "userName": "cntest001",
  "realAmount": 11200,
  "promotionCode": "ABCXYZ",
  "addValue": "{\"payMethod\":\"01\",\"payMethodMMS\":1}"
}
2024-10-04 15:30:03,090 ay.bank_demo.util.CheckSumUtil -    calculateCheckSum:26   - INFO  - [] - Checksum: a66f9c27ddc8bee82c50b5603cbb861eae7b3c26e7a5a75047268058898c7f41
2024-10-04 15:30:03,091 mo.service.impl.PayServiceImpl -     validateCheckSum:148  - INFO  - [] - Checksum request: a66f9c27ddc8bee82c50b5603cbb861eae7b3c26e7a5a75047268058898c7f41
2024-10-04 15:30:03,376 mo.service.impl.PayServiceImpl -    setDataToRabbitMQ:93   - ERROR - [] - Unexpected error: failed to convert serialized Message content
2024-10-04 15:30:03,378 ay.bank_demo.util.CheckSumUtil -    calculateCheckSum:26   - INFO  - [] - Checksum: 6504b5da5ed4cfe7323b0fa06bfdb6242f1be565f3319fa7e6b73bc29550ba8b
2024-10-04 15:30:50,087 eplyToMessageListenerContainer - nAndWaitOrCallback$7:871  - INFO  - [] - Successfully waited for consumers to finish.
2024-10-04 15:30:50,099 tainerEntityManagerFactoryBean -              destroy:650  - INFO  - [] - Closing JPA EntityManagerFactory for persistence unit 'default'
2024-10-04 15:30:50,101 zaxxer.hikari.HikariDataSource -                close:349  - INFO  - [] - HikariPool-1 - Shutdown initiated...
2024-10-04 15:30:50,108 zaxxer.hikari.HikariDataSource -                close:351  - INFO  - [] - HikariPool-1 - Shutdown completed.
2024-10-04 15:30:55,210 alidator.internal.util.Version -             <clinit>:21   - INFO  - [] - HV000001: Hibernate Validator 8.0.1.Final
2024-10-04 15:30:55,263 .bank_demo.BankDemoApplication -          logStarting:50   - INFO  - [] - Starting BankDemoApplication using Java 17.0.8.1 with PID 21212 (D:\VNPay\TTS\bank_demo\target\classes started by MSI in D:\VNPay\TTS\bank_demo)
2024-10-04 15:30:55,266 .bank_demo.BankDemoApplication - ogStartupProfileInfo:654  - INFO  - [] - No active profile set, falling back to 1 default profile: "default"
2024-10-04 15:30:56,272 epositoryConfigurationDelegate - ltipleStoresDetected:295  - INFO  - [] - Multiple Spring Data modules found, entering strict repository configuration mode
2024-10-04 15:30:56,273 epositoryConfigurationDelegate - gisterRepositoriesIn:143  - INFO  - [] - Bootstrapping Spring Data JPA repositories in DEFAULT mode.
2024-10-04 15:30:56,431 epositoryConfigurationDelegate - gisterRepositoriesIn:211  - INFO  - [] - Finished Spring Data repository scanning in 149 ms. Found 2 JPA repository interfaces.
2024-10-04 15:30:56,446 epositoryConfigurationDelegate - ltipleStoresDetected:295  - INFO  - [] - Multiple Spring Data modules found, entering strict repository configuration mode
2024-10-04 15:30:56,447 epositoryConfigurationDelegate - gisterRepositoriesIn:143  - INFO  - [] - Bootstrapping Spring Data Redis repositories in DEFAULT mode.
2024-10-04 15:30:56,465 yConfigurationExtensionSupport - tRepositoryCandidate:320  - INFO  - [] - Spring Data Redis - Could not safely identify store assignment for repository candidate interface vn.vnpay.bank_demo.repository.PaymentRepository; If you want this repository to be a Redis repository, consider annotating your entities with one of these annotations: org.springframework.data.redis.core.RedisHash (preferred), or consider extending one of the following types with your repository: org.springframework.data.keyvalue.repository.KeyValueRepository
2024-10-04 15:30:56,466 yConfigurationExtensionSupport - tRepositoryCandidate:320  - INFO  - [] - Spring Data Redis - Could not safely identify store assignment for repository candidate interface vn.vnpay.bank_demo.repository.UsersRepository; If you want this repository to be a Redis repository, consider annotating your entities with one of these annotations: org.springframework.data.redis.core.RedisHash (preferred), or consider extending one of the following types with your repository: org.springframework.data.keyvalue.repository.KeyValueRepository
2024-10-04 15:30:56,466 epositoryConfigurationDelegate - gisterRepositoriesIn:211  - INFO  - [] - Finished Spring Data repository scanning in 11 ms. Found 0 Redis repository interfaces.
2024-10-04 15:30:56,982 mbedded.tomcat.TomcatWebServer -           initialize:111  - INFO  - [] - Tomcat initialized with port 8080 (http)
2024-10-04 15:30:56,991 oyote.http11.Http11NioProtocol -                  log:173  - INFO  - [] - Initializing ProtocolHandler ["http-nio-8080"]
2024-10-04 15:30:56,994 .catalina.core.StandardService -                  log:173  - INFO  - [] - Starting service [Tomcat]
2024-10-04 15:30:56,994 e.catalina.core.StandardEngine -                  log:173  - INFO  - [] - Starting Servlet engine: [Apache Tomcat/10.1.28]
2024-10-04 15:30:57,119 .[Tomcat].[localhost].[/vnpay] -                  log:173  - INFO  - [] - Initializing Spring embedded WebApplicationContext
2024-10-04 15:30:57,119 letWebServerApplicationContext - ebApplicationContext:296  - INFO  - [] - Root WebApplicationContext: initialization completed in 1789 ms
2024-10-04 15:30:57,401 te.jpa.internal.util.LogHelper - tenceUnitInformation:31   - INFO  - [] - HHH000204: Processing PersistenceUnitInfo [name: default]
2024-10-04 15:30:57,463 org.hibernate.Version          -           logVersion:44   - INFO  - [] - HHH000412: Hibernate ORM core version 6.5.2.Final
2024-10-04 15:30:57,498 nternal.RegionFactoryInitiator -      initiateService:50   - INFO  - [] - HHH000026: Second-level cache disabled
2024-10-04 15:30:57,758 unit.SpringPersistenceUnitInfo -       addTransformer:87   - INFO  - [] - No LoadTimeWeaver setup: ignoring JPA class transformer
2024-10-04 15:30:57,778 zaxxer.hikari.HikariDataSource -        getConnection:109  - INFO  - [] - HikariPool-1 - Starting...
2024-10-04 15:30:58,056 .zaxxer.hikari.pool.HikariPool -        checkFailFast:554  - INFO  - [] - HikariPool-1 - Added connection ConnectionID:1 ClientConnectionId: f2f497c7-4a71-40b2-8062-e3aa045dbce4
2024-10-04 15:30:58,059 zaxxer.hikari.HikariDataSource -        getConnection:122  - INFO  - [] - HikariPool-1 - Start completed.
2024-10-04 15:30:59,204 .internal.JtaPlatformInitiator -      initiateService:59   - INFO  - [] - HHH000489: No JTA platform available (set 'hibernate.transaction.jta.platform' to enable JTA platform integration)
2024-10-04 15:30:59,207 tainerEntityManagerFactoryBean - EntityManagerFactory:437  - INFO  - [] - Initialized JPA EntityManagerFactory for persistence unit 'default'
2024-10-04 15:31:00,233 figuration$JpaWebConfiguration - gerInViewInterceptor:236  - WARN  - [] - spring.jpa.open-in-view is enabled by default. Therefore, database queries may be performed during view rendering. Explicitly configure spring.jpa.open-in-view to disable this warning
2024-10-04 15:31:00,537 tTemplateResolverConfiguration - mplateLocationExists:101  - WARN  - [] - Cannot find template location: classpath:/templates/ (please add some templates, check your Thymeleaf configuration, or set spring.thymeleaf.check-template-location=false)
2024-10-04 15:31:00,757 oyote.http11.Http11NioProtocol -                  log:173  - INFO  - [] - Starting ProtocolHandler ["http-nio-8080"]
2024-10-04 15:31:00,778 mbedded.tomcat.TomcatWebServer -                start:243  - INFO  - [] - Tomcat started on port 8080 (http) with context path '/vnpay'
2024-10-04 15:31:00,791 .bank_demo.BankDemoApplication -           logStarted:56   - INFO  - [] - Started BankDemoApplication in 6.148 seconds (process running for 6.917)
2024-10-04 15:31:45,144 .[Tomcat].[localhost].[/vnpay] -                  log:173  - INFO  - [] - Initializing Spring DispatcherServlet 'dispatcherServlet'
2024-10-04 15:31:45,144 .web.servlet.DispatcherServlet -      initServletBean:532  - INFO  - [] - Initializing Servlet 'dispatcherServlet'
2024-10-04 15:31:45,144 .web.servlet.DispatcherServlet -      initServletBean:554  - INFO  - [] - Completed initialization in 0 ms
2024-10-04 15:31:45,317 mo.service.impl.PayServiceImpl -        createPayment:44   - INFO  - [] - Begin create-payment: {
  "tokenKey": "ey7CnpknHkmhWmcvqTVxcsnknUOaewJgKPC7kB4\u003d",
  "apiId": "restPayment",
  "mobile": "0345225630",
  "bankCode": "98765432",
  "privateKey": "87654321",
  "accountNo": "0001100014211002",
  "payDate": "20230918124530",
  "additionalData": "11",
  "debitAmount": 11300,
  "respCode": "00",
  "respDesc": "SUCCESS",
  "traceTransfer": "FT19310RH6P1",
  "messageType": "1",
  "checkSum": "a66f9c27ddc8bee82c50b5603cbb861eae7b3c26e7a5a75047268058898c7f41",
  "orderCode": "FT19310RH6P1",
  "userName": "cntest001",
  "realAmount": 11200,
  "promotionCode": "ABCXYZ",
  "addValue": "{\"payMethod\":\"01\",\"payMethodMMS\":1}"
}
2024-10-04 15:31:45,876 ay.bank_demo.util.CheckSumUtil -    calculateCheckSum:26   - INFO  - [] - Checksum: a66f9c27ddc8bee82c50b5603cbb861eae7b3c26e7a5a75047268058898c7f41
2024-10-04 15:31:45,877 mo.service.impl.PayServiceImpl -     validateCheckSum:148  - INFO  - [] - Checksum request: a66f9c27ddc8bee82c50b5603cbb861eae7b3c26e7a5a75047268058898c7f41
2024-10-04 15:31:45,885 ction.CachingConnectionFactory -      connectHostPort:682  - INFO  - [] - Attempting to connect to: 127.0.0.1:5672
2024-10-04 15:31:45,970 ction.CachingConnectionFactory - createBareConnection:608  - INFO  - [] - Created new connection: cachingConnectionFactory#323b5264:0/SimpleConnection@42a8d3ed [delegate=amqp://guest@127.0.0.1:5672/, localPort=55688]
2024-10-04 15:31:45,978 k.amqp.rabbit.core.RabbitAdmin -           initialize:686  - INFO  - [] - Auto-declaring a non-durable, auto-delete, or exclusive Queue (myQueue) durable:false, auto-delete:false, exclusive:false. It will be redeclared if the broker stops and is restarted while the connection factory is alive, but all messages will be lost.
2024-10-04 15:31:46,015 eplyToMessageListenerContainer -          actualStart:471  - INFO  - [] - Container initialized for queues: [amq.rabbitmq.reply-to]
2024-10-04 15:31:46,032 eplyToMessageListenerContainer -   doConsumeFromQueue:769  - INFO  - [] - SimpleConsumer [queue=amq.rabbitmq.reply-to, index=0, consumerTag=amq.ctag-DuQPXQdGkZPgROQURxoxtQ identity=5c02ffef] started
2024-10-04 15:31:46,095 mo.service.impl.PayServiceImpl -    setDataToRabbitMQ:93   - ERROR - [] - Unexpected error: failed to convert serialized Message content
2024-10-04 15:31:46,098 ay.bank_demo.util.CheckSumUtil -    calculateCheckSum:26   - INFO  - [] - Checksum: 6504b5da5ed4cfe7323b0fa06bfdb6242f1be565f3319fa7e6b73bc29550ba8b
2024-10-04 15:34:11,645 eplyToMessageListenerContainer - nAndWaitOrCallback$7:871  - INFO  - [] - Successfully waited for consumers to finish.
2024-10-04 15:34:11,657 tainerEntityManagerFactoryBean -              destroy:650  - INFO  - [] - Closing JPA EntityManagerFactory for persistence unit 'default'
2024-10-04 15:34:11,659 zaxxer.hikari.HikariDataSource -                close:349  - INFO  - [] - HikariPool-1 - Shutdown initiated...
2024-10-04 15:34:11,666 zaxxer.hikari.HikariDataSource -                close:351  - INFO  - [] - HikariPool-1 - Shutdown completed.
2024-10-04 15:34:17,959 alidator.internal.util.Version -             <clinit>:21   - INFO  - [] - HV000001: Hibernate Validator 8.0.1.Final
2024-10-04 15:34:18,007 .bank_demo.BankDemoApplication -          logStarting:50   - INFO  - [] - Starting BankDemoApplication using Java 17.0.8.1 with PID 16052 (D:\VNPay\TTS\bank_demo\target\classes started by MSI in D:\VNPay\TTS\bank_demo)
2024-10-04 15:34:18,009 .bank_demo.BankDemoApplication - ogStartupProfileInfo:654  - INFO  - [] - No active profile set, falling back to 1 default profile: "default"
2024-10-04 15:34:18,872 epositoryConfigurationDelegate - ltipleStoresDetected:295  - INFO  - [] - Multiple Spring Data modules found, entering strict repository configuration mode
2024-10-04 15:34:18,874 epositoryConfigurationDelegate - gisterRepositoriesIn:143  - INFO  - [] - Bootstrapping Spring Data JPA repositories in DEFAULT mode.
2024-10-04 15:34:19,059 epositoryConfigurationDelegate - gisterRepositoriesIn:211  - INFO  - [] - Finished Spring Data repository scanning in 175 ms. Found 2 JPA repository interfaces.
2024-10-04 15:34:19,080 epositoryConfigurationDelegate - ltipleStoresDetected:295  - INFO  - [] - Multiple Spring Data modules found, entering strict repository configuration mode
2024-10-04 15:34:19,081 epositoryConfigurationDelegate - gisterRepositoriesIn:143  - INFO  - [] - Bootstrapping Spring Data Redis repositories in DEFAULT mode.
2024-10-04 15:34:19,103 yConfigurationExtensionSupport - tRepositoryCandidate:320  - INFO  - [] - Spring Data Redis - Could not safely identify store assignment for repository candidate interface vn.vnpay.bank_demo.repository.PaymentRepository; If you want this repository to be a Redis repository, consider annotating your entities with one of these annotations: org.springframework.data.redis.core.RedisHash (preferred), or consider extending one of the following types with your repository: org.springframework.data.keyvalue.repository.KeyValueRepository
2024-10-04 15:34:19,103 yConfigurationExtensionSupport - tRepositoryCandidate:320  - INFO  - [] - Spring Data Redis - Could not safely identify store assignment for repository candidate interface vn.vnpay.bank_demo.repository.UsersRepository; If you want this repository to be a Redis repository, consider annotating your entities with one of these annotations: org.springframework.data.redis.core.RedisHash (preferred), or consider extending one of the following types with your repository: org.springframework.data.keyvalue.repository.KeyValueRepository
2024-10-04 15:34:19,104 epositoryConfigurationDelegate - gisterRepositoriesIn:211  - INFO  - [] - Finished Spring Data repository scanning in 12 ms. Found 0 Redis repository interfaces.
2024-10-04 15:34:19,659 mbedded.tomcat.TomcatWebServer -           initialize:111  - INFO  - [] - Tomcat initialized with port 8080 (http)
2024-10-04 15:34:19,679 oyote.http11.Http11NioProtocol -                  log:173  - INFO  - [] - Initializing ProtocolHandler ["http-nio-8080"]
2024-10-04 15:34:19,684 .catalina.core.StandardService -                  log:173  - INFO  - [] - Starting service [Tomcat]
2024-10-04 15:34:19,684 e.catalina.core.StandardEngine -                  log:173  - INFO  - [] - Starting Servlet engine: [Apache Tomcat/10.1.28]
2024-10-04 15:34:19,802 .[Tomcat].[localhost].[/vnpay] -                  log:173  - INFO  - [] - Initializing Spring embedded WebApplicationContext
2024-10-04 15:34:19,803 letWebServerApplicationContext - ebApplicationContext:296  - INFO  - [] - Root WebApplicationContext: initialization completed in 1744 ms
2024-10-04 15:34:20,013 te.jpa.internal.util.LogHelper - tenceUnitInformation:31   - INFO  - [] - HHH000204: Processing PersistenceUnitInfo [name: default]
2024-10-04 15:34:20,055 org.hibernate.Version          -           logVersion:44   - INFO  - [] - HHH000412: Hibernate ORM core version 6.5.2.Final
2024-10-04 15:34:20,079 nternal.RegionFactoryInitiator -      initiateService:50   - INFO  - [] - HHH000026: Second-level cache disabled
2024-10-04 15:34:20,350 unit.SpringPersistenceUnitInfo -       addTransformer:87   - INFO  - [] - No LoadTimeWeaver setup: ignoring JPA class transformer
2024-10-04 15:34:20,378 zaxxer.hikari.HikariDataSource -        getConnection:109  - INFO  - [] - HikariPool-1 - Starting...
2024-10-04 15:34:20,673 .zaxxer.hikari.pool.HikariPool -        checkFailFast:554  - INFO  - [] - HikariPool-1 - Added connection ConnectionID:1 ClientConnectionId: 4a6208f7-6ab8-46da-86b4-a52c25615b9f
2024-10-04 15:34:20,674 zaxxer.hikari.HikariDataSource -        getConnection:122  - INFO  - [] - HikariPool-1 - Start completed.
2024-10-04 15:34:21,806 .internal.JtaPlatformInitiator -      initiateService:59   - INFO  - [] - HHH000489: No JTA platform available (set 'hibernate.transaction.jta.platform' to enable JTA platform integration)
2024-10-04 15:34:21,809 tainerEntityManagerFactoryBean - EntityManagerFactory:437  - INFO  - [] - Initialized JPA EntityManagerFactory for persistence unit 'default'
2024-10-04 15:34:22,646 figuration$JpaWebConfiguration - gerInViewInterceptor:236  - WARN  - [] - spring.jpa.open-in-view is enabled by default. Therefore, database queries may be performed during view rendering. Explicitly configure spring.jpa.open-in-view to disable this warning
2024-10-04 15:34:22,808 tTemplateResolverConfiguration - mplateLocationExists:101  - WARN  - [] - Cannot find template location: classpath:/templates/ (please add some templates, check your Thymeleaf configuration, or set spring.thymeleaf.check-template-location=false)
2024-10-04 15:34:22,987 oyote.http11.Http11NioProtocol -                  log:173  - INFO  - [] - Starting ProtocolHandler ["http-nio-8080"]
2024-10-04 15:34:23,007 mbedded.tomcat.TomcatWebServer -                start:243  - INFO  - [] - Tomcat started on port 8080 (http) with context path '/vnpay'
2024-10-04 15:34:23,018 .bank_demo.BankDemoApplication -           logStarted:56   - INFO  - [] - Started BankDemoApplication in 5.649 seconds (process running for 6.443)
2024-10-04 15:34:31,759 .[Tomcat].[localhost].[/vnpay] -                  log:173  - INFO  - [] - Initializing Spring DispatcherServlet 'dispatcherServlet'
2024-10-04 15:34:31,760 .web.servlet.DispatcherServlet -      initServletBean:532  - INFO  - [] - Initializing Servlet 'dispatcherServlet'
2024-10-04 15:34:31,762 .web.servlet.DispatcherServlet -      initServletBean:554  - INFO  - [] - Completed initialization in 1 ms
2024-10-04 15:34:31,932 mo.service.impl.PayServiceImpl -        createPayment:44   - INFO  - [] - Begin create-payment: {
  "tokenKey": "ey7CnpknHkmhWmcvqTVxcsnknUOaewJgKPC7kB4\u003d",
  "apiId": "restPayment",
  "mobile": "0345225630",
  "bankCode": "98765432",
  "privateKey": "87654321",
  "accountNo": "0001100014211002",
  "payDate": "20230918124530",
  "additionalData": "11",
  "debitAmount": 11300,
  "respCode": "00",
  "respDesc": "SUCCESS",
  "traceTransfer": "FT19310RH6P1",
  "messageType": "1",
  "checkSum": "a66f9c27ddc8bee82c50b5603cbb861eae7b3c26e7a5a75047268058898c7f41",
  "orderCode": "FT19310RH6P1",
  "userName": "cntest001",
  "realAmount": 11200,
  "promotionCode": "ABCXYZ",
  "addValue": "{\"payMethod\":\"01\",\"payMethodMMS\":1}"
}
2024-10-04 15:34:32,490 ay.bank_demo.util.CheckSumUtil -    calculateCheckSum:26   - INFO  - [] - Checksum: a66f9c27ddc8bee82c50b5603cbb861eae7b3c26e7a5a75047268058898c7f41
2024-10-04 15:34:32,491 mo.service.impl.PayServiceImpl -     validateCheckSum:148  - INFO  - [] - Checksum request: a66f9c27ddc8bee82c50b5603cbb861eae7b3c26e7a5a75047268058898c7f41
2024-10-04 15:34:32,495 ction.CachingConnectionFactory -      connectHostPort:682  - INFO  - [] - Attempting to connect to: 127.0.0.1:5672
2024-10-04 15:34:32,572 ction.CachingConnectionFactory - createBareConnection:608  - INFO  - [] - Created new connection: cachingConnectionFactory#47c06b1a:0/SimpleConnection@42b21f1d [delegate=amqp://guest@127.0.0.1:5672/, localPort=55722]
2024-10-04 15:34:32,582 k.amqp.rabbit.core.RabbitAdmin -           initialize:686  - INFO  - [] - Auto-declaring a non-durable, auto-delete, or exclusive Queue (myQueue) durable:false, auto-delete:false, exclusive:false. It will be redeclared if the broker stops and is restarted while the connection factory is alive, but all messages will be lost.
2024-10-04 15:34:32,626 eplyToMessageListenerContainer -          actualStart:471  - INFO  - [] - Container initialized for queues: [amq.rabbitmq.reply-to]
2024-10-04 15:34:32,646 eplyToMessageListenerContainer -   doConsumeFromQueue:769  - INFO  - [] - SimpleConsumer [queue=amq.rabbitmq.reply-to, index=0, consumerTag=amq.ctag-RaLsDcdQJyMPiC7BGktmmw identity=5d0cf044] started
2024-10-04 15:34:32,716 mo.service.impl.PayServiceImpl -    setDataToRabbitMQ:93   - ERROR - [] - Unexpected error: 
org.springframework.amqp.support.converter.MessageConversionException: failed to convert serialized Message content
	at org.springframework.amqp.support.converter.SimpleMessageConverter.fromMessage(SimpleMessageConverter.java:97)
	at org.springframework.amqp.rabbit.core.RabbitTemplate.convertSendAndReceive(RabbitTemplate.java:1755)
	at org.springframework.amqp.rabbit.core.RabbitTemplate.convertSendAndReceive(RabbitTemplate.java:1684)
	at org.springframework.amqp.rabbit.core.RabbitTemplate.convertSendAndReceive(RabbitTemplate.java:1676)
	at vn.vnpay.bank_demo.service.impl.PayServiceImpl.setDataToRabbitMQ(PayServiceImpl.java:76)
	at vn.vnpay.bank_demo.service.impl.PayServiceImpl.createPayment(PayServiceImpl.java:65)
	at vn.vnpay.bank_demo.controller.payment.PayController.restPayment(PayController.java:24)
	at java.base/jdk.internal.reflect.NativeMethodAccessorImpl.invoke0(Native Method)
	at java.base/jdk.internal.reflect.NativeMethodAccessorImpl.invoke(NativeMethodAccessorImpl.java:77)
	at java.base/jdk.internal.reflect.DelegatingMethodAccessorImpl.invoke(DelegatingMethodAccessorImpl.java:43)
	at java.base/java.lang.reflect.Method.invoke(Method.java:568)
	at org.springframework.web.method.support.InvocableHandlerMethod.doInvoke(InvocableHandlerMethod.java:255)
	at org.springframework.web.method.support.InvocableHandlerMethod.invokeForRequest(InvocableHandlerMethod.java:188)
	at org.springframework.web.servlet.mvc.method.annotation.ServletInvocableHandlerMethod.invokeAndHandle(ServletInvocableHandlerMethod.java:118)
	at org.springframework.web.servlet.mvc.method.annotation.RequestMappingHandlerAdapter.invokeHandlerMethod(RequestMappingHandlerAdapter.java:926)
	at org.springframework.web.servlet.mvc.method.annotation.RequestMappingHandlerAdapter.handleInternal(RequestMappingHandlerAdapter.java:831)
	at org.springframework.web.servlet.mvc.method.AbstractHandlerMethodAdapter.handle(AbstractHandlerMethodAdapter.java:87)
	at org.springframework.web.servlet.DispatcherServlet.doDispatch(DispatcherServlet.java:1089)
	at org.springframework.web.servlet.DispatcherServlet.doService(DispatcherServlet.java:979)
	at org.springframework.web.servlet.FrameworkServlet.processRequest(FrameworkServlet.java:1014)
	at org.springframework.web.servlet.FrameworkServlet.doPost(FrameworkServlet.java:914)
	at jakarta.servlet.http.HttpServlet.service(HttpServlet.java:590)
	at org.springframework.web.servlet.FrameworkServlet.service(FrameworkServlet.java:885)
	at jakarta.servlet.http.HttpServlet.service(HttpServlet.java:658)
	at org.apache.catalina.core.ApplicationFilterChain.internalDoFilter(ApplicationFilterChain.java:195)
	at org.apache.catalina.core.ApplicationFilterChain.doFilter(ApplicationFilterChain.java:140)
	at org.apache.tomcat.websocket.server.WsFilter.doFilter(WsFilter.java:51)
	at org.apache.catalina.core.ApplicationFilterChain.internalDoFilter(ApplicationFilterChain.java:164)
	at org.apache.catalina.core.ApplicationFilterChain.doFilter(ApplicationFilterChain.java:140)
	at org.springframework.web.filter.RequestContextFilter.doFilterInternal(RequestContextFilter.java:100)
	at org.springframework.web.filter.OncePerRequestFilter.doFilter(OncePerRequestFilter.java:116)
	at org.apache.catalina.core.ApplicationFilterChain.internalDoFilter(ApplicationFilterChain.java:164)
	at org.apache.catalina.core.ApplicationFilterChain.doFilter(ApplicationFilterChain.java:140)
	at org.springframework.web.filter.FormContentFilter.doFilterInternal(FormContentFilter.java:93)
	at org.springframework.web.filter.OncePerRequestFilter.doFilter(OncePerRequestFilter.java:116)
	at org.apache.catalina.core.ApplicationFilterChain.internalDoFilter(ApplicationFilterChain.java:164)
	at org.apache.catalina.core.ApplicationFilterChain.doFilter(ApplicationFilterChain.java:140)
	at org.springframework.web.filter.CharacterEncodingFilter.doFilterInternal(CharacterEncodingFilter.java:201)
	at org.springframework.web.filter.OncePerRequestFilter.doFilter(OncePerRequestFilter.java:116)
	at org.apache.catalina.core.ApplicationFilterChain.internalDoFilter(ApplicationFilterChain.java:164)
	at org.apache.catalina.core.ApplicationFilterChain.doFilter(ApplicationFilterChain.java:140)
	at org.apache.catalina.core.StandardWrapperValve.invoke(StandardWrapperValve.java:167)
	at org.apache.catalina.core.StandardContextValve.invoke(StandardContextValve.java:90)
	at org.apache.catalina.authenticator.AuthenticatorBase.invoke(AuthenticatorBase.java:483)
	at org.apache.catalina.core.StandardHostValve.invoke(StandardHostValve.java:115)
	at org.apache.catalina.valves.ErrorReportValve.invoke(ErrorReportValve.java:93)
	at org.apache.catalina.core.StandardEngineValve.invoke(StandardEngineValve.java:74)
	at org.apache.catalina.connector.CoyoteAdapter.service(CoyoteAdapter.java:344)
	at org.apache.coyote.http11.Http11Processor.service(Http11Processor.java:384)
	at org.apache.coyote.AbstractProcessorLight.process(AbstractProcessorLight.java:63)
	at org.apache.coyote.AbstractProtocol$ConnectionHandler.process(AbstractProtocol.java:904)
	at org.apache.tomcat.util.net.NioEndpoint$SocketProcessor.doRun(NioEndpoint.java:1741)
	at org.apache.tomcat.util.net.SocketProcessorBase.run(SocketProcessorBase.java:52)
	at org.apache.tomcat.util.threads.ThreadPoolExecutor.runWorker(ThreadPoolExecutor.java:1190)
	at org.apache.tomcat.util.threads.ThreadPoolExecutor$Worker.run(ThreadPoolExecutor.java:659)
	at org.apache.tomcat.util.threads.TaskThread$WrappingRunnable.run(TaskThread.java:63)
	at java.base/java.lang.Thread.run(Thread.java:833)
Caused by: java.lang.IllegalStateException: Could not deserialize object type
	at org.springframework.amqp.utils.SerializationUtils.deserialize(SerializationUtils.java:108)
	at org.springframework.amqp.support.converter.SimpleMessageConverter.fromMessage(SimpleMessageConverter.java:93)
	... 56 common frames omitted
Caused by: java.lang.ClassNotFoundException: vn.vnpay.paymentcore.config.component.PaymentConsumerResponse
	at java.base/jdk.internal.loader.BuiltinClassLoader.loadClass(BuiltinClassLoader.java:641)
	at java.base/jdk.internal.loader.ClassLoaders$AppClassLoader.loadClass(ClassLoaders.java:188)
	at java.base/java.lang.ClassLoader.loadClass(ClassLoader.java:525)
	at java.base/java.lang.Class.forName0(Native Method)
	at java.base/java.lang.Class.forName(Class.java:467)
	at org.springframework.util.ClassUtils.forName(ClassUtils.java:304)
	at org.springframework.core.ConfigurableObjectInputStream.resolveClass(ConfigurableObjectInputStream.java:76)
	at org.springframework.amqp.support.converter.SimpleMessageConverter$1.resolveClass(SimpleMessageConverter.java:159)
	at java.base/java.io.ObjectInputStream.readNonProxyDesc(ObjectInputStream.java:2034)
	at java.base/java.io.ObjectInputStream.readClassDesc(ObjectInputStream.java:1898)
	at java.base/java.io.ObjectInputStream.readOrdinaryObject(ObjectInputStream.java:2224)
	at java.base/java.io.ObjectInputStream.readObject0(ObjectInputStream.java:1733)
	at java.base/java.io.ObjectInputStream.readObject(ObjectInputStream.java:509)
	at java.base/java.io.ObjectInputStream.readObject(ObjectInputStream.java:467)
	at org.springframework.amqp.utils.SerializationUtils.deserialize(SerializationUtils.java:102)
	... 57 common frames omitted
2024-10-04 15:34:32,726 ay.bank_demo.util.CheckSumUtil -    calculateCheckSum:26   - INFO  - [] - Checksum: 6504b5da5ed4cfe7323b0fa06bfdb6242f1be565f3319fa7e6b73bc29550ba8b
2024-10-04 15:39:48,179 eplyToMessageListenerContainer - nAndWaitOrCallback$7:871  - INFO  - [] - Successfully waited for consumers to finish.
2024-10-04 15:39:48,198 tainerEntityManagerFactoryBean -              destroy:650  - INFO  - [] - Closing JPA EntityManagerFactory for persistence unit 'default'
2024-10-04 15:39:48,202 zaxxer.hikari.HikariDataSource -                close:349  - INFO  - [] - HikariPool-1 - Shutdown initiated...
2024-10-04 15:39:48,210 zaxxer.hikari.HikariDataSource -                close:351  - INFO  - [] - HikariPool-1 - Shutdown completed.
2024-10-04 15:39:59,497 alidator.internal.util.Version -             <clinit>:21   - INFO  - [] - HV000001: Hibernate Validator 8.0.1.Final
2024-10-04 15:39:59,541 .bank_demo.BankDemoApplication -          logStarting:50   - INFO  - [] - Starting BankDemoApplication using Java 17.0.8.1 with PID 7676 (D:\VNPay\TTS\bank_demo\target\classes started by MSI in D:\VNPay\TTS\bank_demo)
2024-10-04 15:39:59,543 .bank_demo.BankDemoApplication - ogStartupProfileInfo:654  - INFO  - [] - No active profile set, falling back to 1 default profile: "default"
2024-10-04 15:40:00,645 epositoryConfigurationDelegate - ltipleStoresDetected:295  - INFO  - [] - Multiple Spring Data modules found, entering strict repository configuration mode
2024-10-04 15:40:00,647 epositoryConfigurationDelegate - gisterRepositoriesIn:143  - INFO  - [] - Bootstrapping Spring Data JPA repositories in DEFAULT mode.
2024-10-04 15:40:00,814 epositoryConfigurationDelegate - gisterRepositoriesIn:211  - INFO  - [] - Finished Spring Data repository scanning in 154 ms. Found 2 JPA repository interfaces.
2024-10-04 15:40:00,837 epositoryConfigurationDelegate - ltipleStoresDetected:295  - INFO  - [] - Multiple Spring Data modules found, entering strict repository configuration mode
2024-10-04 15:40:00,838 epositoryConfigurationDelegate - gisterRepositoriesIn:143  - INFO  - [] - Bootstrapping Spring Data Redis repositories in DEFAULT mode.
2024-10-04 15:40:00,860 yConfigurationExtensionSupport - tRepositoryCandidate:320  - INFO  - [] - Spring Data Redis - Could not safely identify store assignment for repository candidate interface vn.vnpay.bank_demo.repository.PaymentRepository; If you want this repository to be a Redis repository, consider annotating your entities with one of these annotations: org.springframework.data.redis.core.RedisHash (preferred), or consider extending one of the following types with your repository: org.springframework.data.keyvalue.repository.KeyValueRepository
2024-10-04 15:40:00,861 yConfigurationExtensionSupport - tRepositoryCandidate:320  - INFO  - [] - Spring Data Redis - Could not safely identify store assignment for repository candidate interface vn.vnpay.bank_demo.repository.UsersRepository; If you want this repository to be a Redis repository, consider annotating your entities with one of these annotations: org.springframework.data.redis.core.RedisHash (preferred), or consider extending one of the following types with your repository: org.springframework.data.keyvalue.repository.KeyValueRepository
2024-10-04 15:40:00,861 epositoryConfigurationDelegate - gisterRepositoriesIn:211  - INFO  - [] - Finished Spring Data repository scanning in 14 ms. Found 0 Redis repository interfaces.
2024-10-04 15:40:01,476 mbedded.tomcat.TomcatWebServer -           initialize:111  - INFO  - [] - Tomcat initialized with port 8080 (http)
2024-10-04 15:40:01,490 oyote.http11.Http11NioProtocol -                  log:173  - INFO  - [] - Initializing ProtocolHandler ["http-nio-8080"]
2024-10-04 15:40:01,493 .catalina.core.StandardService -                  log:173  - INFO  - [] - Starting service [Tomcat]
2024-10-04 15:40:01,493 e.catalina.core.StandardEngine -                  log:173  - INFO  - [] - Starting Servlet engine: [Apache Tomcat/10.1.28]
2024-10-04 15:40:01,564 .[Tomcat].[localhost].[/vnpay] -                  log:173  - INFO  - [] - Initializing Spring embedded WebApplicationContext
2024-10-04 15:40:01,564 letWebServerApplicationContext - ebApplicationContext:296  - INFO  - [] - Root WebApplicationContext: initialization completed in 1972 ms
2024-10-04 15:40:01,806 te.jpa.internal.util.LogHelper - tenceUnitInformation:31   - INFO  - [] - HHH000204: Processing PersistenceUnitInfo [name: default]
2024-10-04 15:40:01,853 org.hibernate.Version          -           logVersion:44   - INFO  - [] - HHH000412: Hibernate ORM core version 6.5.2.Final
2024-10-04 15:40:01,878 nternal.RegionFactoryInitiator -      initiateService:50   - INFO  - [] - HHH000026: Second-level cache disabled
2024-10-04 15:40:02,124 unit.SpringPersistenceUnitInfo -       addTransformer:87   - INFO  - [] - No LoadTimeWeaver setup: ignoring JPA class transformer
2024-10-04 15:40:02,151 zaxxer.hikari.HikariDataSource -        getConnection:109  - INFO  - [] - HikariPool-1 - Starting...
2024-10-04 15:40:02,407 .zaxxer.hikari.pool.HikariPool -        checkFailFast:554  - INFO  - [] - HikariPool-1 - Added connection ConnectionID:1 ClientConnectionId: a30508e4-c512-40f1-bdb8-6a02d1280a34
2024-10-04 15:40:02,410 zaxxer.hikari.HikariDataSource -        getConnection:122  - INFO  - [] - HikariPool-1 - Start completed.
2024-10-04 15:40:03,370 .internal.JtaPlatformInitiator -      initiateService:59   - INFO  - [] - HHH000489: No JTA platform available (set 'hibernate.transaction.jta.platform' to enable JTA platform integration)
2024-10-04 15:40:03,373 tainerEntityManagerFactoryBean - EntityManagerFactory:437  - INFO  - [] - Initialized JPA EntityManagerFactory for persistence unit 'default'
2024-10-04 15:40:04,244 figuration$JpaWebConfiguration - gerInViewInterceptor:236  - WARN  - [] - spring.jpa.open-in-view is enabled by default. Therefore, database queries may be performed during view rendering. Explicitly configure spring.jpa.open-in-view to disable this warning
2024-10-04 15:40:04,451 tTemplateResolverConfiguration - mplateLocationExists:101  - WARN  - [] - Cannot find template location: classpath:/templates/ (please add some templates, check your Thymeleaf configuration, or set spring.thymeleaf.check-template-location=false)
2024-10-04 15:40:04,644 oyote.http11.Http11NioProtocol -                  log:173  - INFO  - [] - Starting ProtocolHandler ["http-nio-8080"]
2024-10-04 15:40:04,665 mbedded.tomcat.TomcatWebServer -                start:243  - INFO  - [] - Tomcat started on port 8080 (http) with context path '/vnpay'
2024-10-04 15:40:04,677 .bank_demo.BankDemoApplication -           logStarted:56   - INFO  - [] - Started BankDemoApplication in 5.753 seconds (process running for 6.49)
2024-10-04 15:40:55,797 .[Tomcat].[localhost].[/vnpay] -                  log:173  - INFO  - [] - Initializing Spring DispatcherServlet 'dispatcherServlet'
2024-10-04 15:40:55,797 .web.servlet.DispatcherServlet -      initServletBean:532  - INFO  - [] - Initializing Servlet 'dispatcherServlet'
2024-10-04 15:40:55,799 .web.servlet.DispatcherServlet -      initServletBean:554  - INFO  - [] - Completed initialization in 2 ms
2024-10-04 15:40:56,015 mo.service.impl.PayServiceImpl -        createPayment:44   - INFO  - [] - Begin create-payment: {
  "tokenKey": "ey7CnpknHkmhWmcvqTVxnknUOaewJgKPC7kB4\u003d",
  "apiId": "restPayment",
  "mobile": "0345225630",
  "bankCode": "98765432",
  "privateKey": "87654321",
  "accountNo": "0001100014211002",
  "payDate": "20230918124530",
  "additionalData": "11",
  "debitAmount": 11300,
  "respCode": "00",
  "respDesc": "SUCCESS",
  "traceTransfer": "FT19310RH6P1",
  "messageType": "1",
  "checkSum": "a66f9c27ddc8bee82c50b5603cbb861eae7b3c26e7a5a75047268058898c7f41",
  "orderCode": "FT19310RH6P1",
  "userName": "cntest001",
  "realAmount": 11200,
  "promotionCode": "ABCXYZ",
  "addValue": "{\"payMethod\":\"01\",\"payMethodMMS\":1}"
}
2024-10-04 15:40:56,645 ay.bank_demo.util.CheckSumUtil -    calculateCheckSum:26   - INFO  - [] - Checksum: a66f9c27ddc8bee82c50b5603cbb861eae7b3c26e7a5a75047268058898c7f41
2024-10-04 15:40:56,645 mo.service.impl.PayServiceImpl -     validateCheckSum:148  - INFO  - [] - Checksum request: a66f9c27ddc8bee82c50b5603cbb861eae7b3c26e7a5a75047268058898c7f41
2024-10-04 15:40:56,653 ction.CachingConnectionFactory -      connectHostPort:682  - INFO  - [] - Attempting to connect to: 127.0.0.1:5672
2024-10-04 15:40:56,709 ction.CachingConnectionFactory - createBareConnection:608  - INFO  - [] - Created new connection: cachingConnectionFactory#64bb6ba7:0/SimpleConnection@4c049cd3 [delegate=amqp://guest@127.0.0.1:5672/, localPort=55885]
2024-10-04 15:40:56,718 k.amqp.rabbit.core.RabbitAdmin -           initialize:686  - INFO  - [] - Auto-declaring a non-durable, auto-delete, or exclusive Queue (myQueue) durable:false, auto-delete:false, exclusive:false. It will be redeclared if the broker stops and is restarted while the connection factory is alive, but all messages will be lost.
2024-10-04 15:40:56,758 eplyToMessageListenerContainer -          actualStart:471  - INFO  - [] - Container initialized for queues: [amq.rabbitmq.reply-to]
2024-10-04 15:40:56,771 eplyToMessageListenerContainer -   doConsumeFromQueue:769  - INFO  - [] - SimpleConsumer [queue=amq.rabbitmq.reply-to, index=0, consumerTag=amq.ctag-AjDvtTNuca1yGTFwmWC7xw identity=74f2e68c] started
2024-10-04 15:40:56,834 mo.service.impl.PayServiceImpl -    setDataToRabbitMQ:93   - ERROR - [] - Unexpected error: 
org.springframework.amqp.support.converter.MessageConversionException: failed to convert serialized Message content
	at org.springframework.amqp.support.converter.SimpleMessageConverter.fromMessage(SimpleMessageConverter.java:97)
	at org.springframework.amqp.rabbit.core.RabbitTemplate.convertSendAndReceive(RabbitTemplate.java:1755)
	at org.springframework.amqp.rabbit.core.RabbitTemplate.convertSendAndReceive(RabbitTemplate.java:1684)
	at org.springframework.amqp.rabbit.core.RabbitTemplate.convertSendAndReceive(RabbitTemplate.java:1676)
	at vn.vnpay.bank_demo.service.impl.PayServiceImpl.setDataToRabbitMQ(PayServiceImpl.java:76)
	at vn.vnpay.bank_demo.service.impl.PayServiceImpl.createPayment(PayServiceImpl.java:65)
	at vn.vnpay.bank_demo.controller.payment.PayController.restPayment(PayController.java:24)
	at java.base/jdk.internal.reflect.NativeMethodAccessorImpl.invoke0(Native Method)
	at java.base/jdk.internal.reflect.NativeMethodAccessorImpl.invoke(NativeMethodAccessorImpl.java:77)
	at java.base/jdk.internal.reflect.DelegatingMethodAccessorImpl.invoke(DelegatingMethodAccessorImpl.java:43)
	at java.base/java.lang.reflect.Method.invoke(Method.java:568)
	at org.springframework.web.method.support.InvocableHandlerMethod.doInvoke(InvocableHandlerMethod.java:255)
	at org.springframework.web.method.support.InvocableHandlerMethod.invokeForRequest(InvocableHandlerMethod.java:188)
	at org.springframework.web.servlet.mvc.method.annotation.ServletInvocableHandlerMethod.invokeAndHandle(ServletInvocableHandlerMethod.java:118)
	at org.springframework.web.servlet.mvc.method.annotation.RequestMappingHandlerAdapter.invokeHandlerMethod(RequestMappingHandlerAdapter.java:926)
	at org.springframework.web.servlet.mvc.method.annotation.RequestMappingHandlerAdapter.handleInternal(RequestMappingHandlerAdapter.java:831)
	at org.springframework.web.servlet.mvc.method.AbstractHandlerMethodAdapter.handle(AbstractHandlerMethodAdapter.java:87)
	at org.springframework.web.servlet.DispatcherServlet.doDispatch(DispatcherServlet.java:1089)
	at org.springframework.web.servlet.DispatcherServlet.doService(DispatcherServlet.java:979)
	at org.springframework.web.servlet.FrameworkServlet.processRequest(FrameworkServlet.java:1014)
	at org.springframework.web.servlet.FrameworkServlet.doPost(FrameworkServlet.java:914)
	at jakarta.servlet.http.HttpServlet.service(HttpServlet.java:590)
	at org.springframework.web.servlet.FrameworkServlet.service(FrameworkServlet.java:885)
	at jakarta.servlet.http.HttpServlet.service(HttpServlet.java:658)
	at org.apache.catalina.core.ApplicationFilterChain.internalDoFilter(ApplicationFilterChain.java:195)
	at org.apache.catalina.core.ApplicationFilterChain.doFilter(ApplicationFilterChain.java:140)
	at org.apache.tomcat.websocket.server.WsFilter.doFilter(WsFilter.java:51)
	at org.apache.catalina.core.ApplicationFilterChain.internalDoFilter(ApplicationFilterChain.java:164)
	at org.apache.catalina.core.ApplicationFilterChain.doFilter(ApplicationFilterChain.java:140)
	at org.springframework.web.filter.RequestContextFilter.doFilterInternal(RequestContextFilter.java:100)
	at org.springframework.web.filter.OncePerRequestFilter.doFilter(OncePerRequestFilter.java:116)
	at org.apache.catalina.core.ApplicationFilterChain.internalDoFilter(ApplicationFilterChain.java:164)
	at org.apache.catalina.core.ApplicationFilterChain.doFilter(ApplicationFilterChain.java:140)
	at org.springframework.web.filter.FormContentFilter.doFilterInternal(FormContentFilter.java:93)
	at org.springframework.web.filter.OncePerRequestFilter.doFilter(OncePerRequestFilter.java:116)
	at org.apache.catalina.core.ApplicationFilterChain.internalDoFilter(ApplicationFilterChain.java:164)
	at org.apache.catalina.core.ApplicationFilterChain.doFilter(ApplicationFilterChain.java:140)
	at org.springframework.web.filter.CharacterEncodingFilter.doFilterInternal(CharacterEncodingFilter.java:201)
	at org.springframework.web.filter.OncePerRequestFilter.doFilter(OncePerRequestFilter.java:116)
	at org.apache.catalina.core.ApplicationFilterChain.internalDoFilter(ApplicationFilterChain.java:164)
	at org.apache.catalina.core.ApplicationFilterChain.doFilter(ApplicationFilterChain.java:140)
	at org.apache.catalina.core.StandardWrapperValve.invoke(StandardWrapperValve.java:167)
	at org.apache.catalina.core.StandardContextValve.invoke(StandardContextValve.java:90)
	at org.apache.catalina.authenticator.AuthenticatorBase.invoke(AuthenticatorBase.java:483)
	at org.apache.catalina.core.StandardHostValve.invoke(StandardHostValve.java:115)
	at org.apache.catalina.valves.ErrorReportValve.invoke(ErrorReportValve.java:93)
	at org.apache.catalina.core.StandardEngineValve.invoke(StandardEngineValve.java:74)
	at org.apache.catalina.connector.CoyoteAdapter.service(CoyoteAdapter.java:344)
	at org.apache.coyote.http11.Http11Processor.service(Http11Processor.java:384)
	at org.apache.coyote.AbstractProcessorLight.process(AbstractProcessorLight.java:63)
	at org.apache.coyote.AbstractProtocol$ConnectionHandler.process(AbstractProtocol.java:904)
	at org.apache.tomcat.util.net.NioEndpoint$SocketProcessor.doRun(NioEndpoint.java:1741)
	at org.apache.tomcat.util.net.SocketProcessorBase.run(SocketProcessorBase.java:52)
	at org.apache.tomcat.util.threads.ThreadPoolExecutor.runWorker(ThreadPoolExecutor.java:1190)
	at org.apache.tomcat.util.threads.ThreadPoolExecutor$Worker.run(ThreadPoolExecutor.java:659)
	at org.apache.tomcat.util.threads.TaskThread$WrappingRunnable.run(TaskThread.java:63)
	at java.base/java.lang.Thread.run(Thread.java:833)
Caused by: java.lang.IllegalStateException: Could not deserialize object type
	at org.springframework.amqp.utils.SerializationUtils.deserialize(SerializationUtils.java:108)
	at org.springframework.amqp.support.converter.SimpleMessageConverter.fromMessage(SimpleMessageConverter.java:93)
	... 56 common frames omitted
Caused by: java.lang.ClassNotFoundException: vn.vnpay.paymentcore.config.component.PaymentConsumerResponse
	at java.base/jdk.internal.loader.BuiltinClassLoader.loadClass(BuiltinClassLoader.java:641)
	at java.base/jdk.internal.loader.ClassLoaders$AppClassLoader.loadClass(ClassLoaders.java:188)
	at java.base/java.lang.ClassLoader.loadClass(ClassLoader.java:525)
	at java.base/java.lang.Class.forName0(Native Method)
	at java.base/java.lang.Class.forName(Class.java:467)
	at org.springframework.util.ClassUtils.forName(ClassUtils.java:304)
	at org.springframework.core.ConfigurableObjectInputStream.resolveClass(ConfigurableObjectInputStream.java:76)
	at org.springframework.amqp.support.converter.SimpleMessageConverter$1.resolveClass(SimpleMessageConverter.java:159)
	at java.base/java.io.ObjectInputStream.readNonProxyDesc(ObjectInputStream.java:2034)
	at java.base/java.io.ObjectInputStream.readClassDesc(ObjectInputStream.java:1898)
	at java.base/java.io.ObjectInputStream.readOrdinaryObject(ObjectInputStream.java:2224)
	at java.base/java.io.ObjectInputStream.readObject0(ObjectInputStream.java:1733)
	at java.base/java.io.ObjectInputStream.readObject(ObjectInputStream.java:509)
	at java.base/java.io.ObjectInputStream.readObject(ObjectInputStream.java:467)
	at org.springframework.amqp.utils.SerializationUtils.deserialize(SerializationUtils.java:102)
	... 57 common frames omitted
2024-10-04 15:40:56,840 ay.bank_demo.util.CheckSumUtil -    calculateCheckSum:26   - INFO  - [] - Checksum: 6504b5da5ed4cfe7323b0fa06bfdb6242f1be565f3319fa7e6b73bc29550ba8b
2024-10-04 15:47:25,232 eplyToMessageListenerContainer - nAndWaitOrCallback$7:871  - INFO  - [] - Successfully waited for consumers to finish.
2024-10-04 15:47:25,244 tainerEntityManagerFactoryBean -              destroy:650  - INFO  - [] - Closing JPA EntityManagerFactory for persistence unit 'default'
2024-10-04 15:47:25,247 zaxxer.hikari.HikariDataSource -                close:349  - INFO  - [] - HikariPool-1 - Shutdown initiated...
2024-10-04 15:47:25,257 zaxxer.hikari.HikariDataSource -                close:351  - INFO  - [] - HikariPool-1 - Shutdown completed.
2024-10-04 15:47:53,904 alidator.internal.util.Version -             <clinit>:21   - INFO  - [] - HV000001: Hibernate Validator 8.0.1.Final
2024-10-04 15:47:53,947 .bank_demo.BankDemoApplication -          logStarting:50   - INFO  - [] - Starting BankDemoApplication using Java 17.0.8.1 with PID 10464 (D:\VNPay\TTS\bank_demo\target\classes started by MSI in D:\VNPay\TTS\bank_demo)
2024-10-04 15:47:53,948 .bank_demo.BankDemoApplication - ogStartupProfileInfo:654  - INFO  - [] - No active profile set, falling back to 1 default profile: "default"
2024-10-04 15:47:54,913 epositoryConfigurationDelegate - ltipleStoresDetected:295  - INFO  - [] - Multiple Spring Data modules found, entering strict repository configuration mode
2024-10-04 15:47:54,914 epositoryConfigurationDelegate - gisterRepositoriesIn:143  - INFO  - [] - Bootstrapping Spring Data JPA repositories in DEFAULT mode.
2024-10-04 15:47:55,069 epositoryConfigurationDelegate - gisterRepositoriesIn:211  - INFO  - [] - Finished Spring Data repository scanning in 147 ms. Found 2 JPA repository interfaces.
2024-10-04 15:47:55,090 epositoryConfigurationDelegate - ltipleStoresDetected:295  - INFO  - [] - Multiple Spring Data modules found, entering strict repository configuration mode
2024-10-04 15:47:55,093 epositoryConfigurationDelegate - gisterRepositoriesIn:143  - INFO  - [] - Bootstrapping Spring Data Redis repositories in DEFAULT mode.
2024-10-04 15:47:55,107 yConfigurationExtensionSupport - tRepositoryCandidate:320  - INFO  - [] - Spring Data Redis - Could not safely identify store assignment for repository candidate interface vn.vnpay.bank_demo.repository.PaymentRepository; If you want this repository to be a Redis repository, consider annotating your entities with one of these annotations: org.springframework.data.redis.core.RedisHash (preferred), or consider extending one of the following types with your repository: org.springframework.data.keyvalue.repository.KeyValueRepository
2024-10-04 15:47:55,108 yConfigurationExtensionSupport - tRepositoryCandidate:320  - INFO  - [] - Spring Data Redis - Could not safely identify store assignment for repository candidate interface vn.vnpay.bank_demo.repository.UsersRepository; If you want this repository to be a Redis repository, consider annotating your entities with one of these annotations: org.springframework.data.redis.core.RedisHash (preferred), or consider extending one of the following types with your repository: org.springframework.data.keyvalue.repository.KeyValueRepository
2024-10-04 15:47:55,108 epositoryConfigurationDelegate - gisterRepositoriesIn:211  - INFO  - [] - Finished Spring Data repository scanning in 8 ms. Found 0 Redis repository interfaces.
2024-10-04 15:47:55,666 mbedded.tomcat.TomcatWebServer -           initialize:111  - INFO  - [] - Tomcat initialized with port 8080 (http)
2024-10-04 15:47:55,681 oyote.http11.Http11NioProtocol -                  log:173  - INFO  - [] - Initializing ProtocolHandler ["http-nio-8080"]
2024-10-04 15:47:55,684 .catalina.core.StandardService -                  log:173  - INFO  - [] - Starting service [Tomcat]
2024-10-04 15:47:55,684 e.catalina.core.StandardEngine -                  log:173  - INFO  - [] - Starting Servlet engine: [Apache Tomcat/10.1.28]
2024-10-04 15:47:55,740 .[Tomcat].[localhost].[/vnpay] -                  log:173  - INFO  - [] - Initializing Spring embedded WebApplicationContext
2024-10-04 15:47:55,741 letWebServerApplicationContext - ebApplicationContext:296  - INFO  - [] - Root WebApplicationContext: initialization completed in 1743 ms
2024-10-04 15:47:55,931 te.jpa.internal.util.LogHelper - tenceUnitInformation:31   - INFO  - [] - HHH000204: Processing PersistenceUnitInfo [name: default]
2024-10-04 15:47:55,981 org.hibernate.Version          -           logVersion:44   - INFO  - [] - HHH000412: Hibernate ORM core version 6.5.2.Final
2024-10-04 15:47:56,012 nternal.RegionFactoryInitiator -      initiateService:50   - INFO  - [] - HHH000026: Second-level cache disabled
2024-10-04 15:47:56,276 unit.SpringPersistenceUnitInfo -       addTransformer:87   - INFO  - [] - No LoadTimeWeaver setup: ignoring JPA class transformer
2024-10-04 15:47:56,301 zaxxer.hikari.HikariDataSource -        getConnection:109  - INFO  - [] - HikariPool-1 - Starting...
2024-10-04 15:47:56,525 .zaxxer.hikari.pool.HikariPool -        checkFailFast:554  - INFO  - [] - HikariPool-1 - Added connection ConnectionID:1 ClientConnectionId: efcd8174-96ec-4404-88d8-945afc538b63
2024-10-04 15:47:56,527 zaxxer.hikari.HikariDataSource -        getConnection:122  - INFO  - [] - HikariPool-1 - Start completed.
2024-10-04 15:47:57,538 .internal.JtaPlatformInitiator -      initiateService:59   - INFO  - [] - HHH000489: No JTA platform available (set 'hibernate.transaction.jta.platform' to enable JTA platform integration)
2024-10-04 15:47:57,541 tainerEntityManagerFactoryBean - EntityManagerFactory:437  - INFO  - [] - Initialized JPA EntityManagerFactory for persistence unit 'default'
2024-10-04 15:47:58,481 figuration$JpaWebConfiguration - gerInViewInterceptor:236  - WARN  - [] - spring.jpa.open-in-view is enabled by default. Therefore, database queries may be performed during view rendering. Explicitly configure spring.jpa.open-in-view to disable this warning
2024-10-04 15:47:58,690 tTemplateResolverConfiguration - mplateLocationExists:101  - WARN  - [] - Cannot find template location: classpath:/templates/ (please add some templates, check your Thymeleaf configuration, or set spring.thymeleaf.check-template-location=false)
2024-10-04 15:47:58,865 oyote.http11.Http11NioProtocol -                  log:173  - INFO  - [] - Starting ProtocolHandler ["http-nio-8080"]
2024-10-04 15:47:58,882 mbedded.tomcat.TomcatWebServer -                start:243  - INFO  - [] - Tomcat started on port 8080 (http) with context path '/vnpay'
2024-10-04 15:47:58,892 .bank_demo.BankDemoApplication -           logStarted:56   - INFO  - [] - Started BankDemoApplication in 5.548 seconds (process running for 6.505)
2024-10-04 15:48:08,785 .[Tomcat].[localhost].[/vnpay] -                  log:173  - INFO  - [] - Initializing Spring DispatcherServlet 'dispatcherServlet'
2024-10-04 15:48:08,786 .web.servlet.DispatcherServlet -      initServletBean:532  - INFO  - [] - Initializing Servlet 'dispatcherServlet'
2024-10-04 15:48:08,788 .web.servlet.DispatcherServlet -      initServletBean:554  - INFO  - [] - Completed initialization in 2 ms
2024-10-04 15:48:09,053 mo.service.impl.PayServiceImpl -        createPayment:43   - INFO  - [] - Begin create-payment: {
  "tokenKey": "ey7CnpknHkmhWmcvqTVxnknUOaewJgKPkB4\u003d",
  "apiId": "restPayment",
  "mobile": "0345225630",
  "bankCode": "98765432",
  "privateKey": "87654321",
  "accountNo": "0001100014211002",
  "payDate": "20230918124530",
  "additionalData": "11",
  "debitAmount": 11300,
  "respCode": "00",
  "respDesc": "SUCCESS",
  "traceTransfer": "FT19310RH6P1",
  "messageType": "1",
  "checkSum": "a66f9c27ddc8bee82c50b5603cbb861eae7b3c26e7a5a75047268058898c7f41",
  "orderCode": "FT19310RH6P1",
  "userName": "cntest001",
  "realAmount": 11200,
  "promotionCode": "ABCXYZ",
  "addValue": "{\"payMethod\":\"01\",\"payMethodMMS\":1}"
}
2024-10-04 15:48:09,875 ay.bank_demo.util.CheckSumUtil -    calculateCheckSum:26   - INFO  - [] - Checksum: a66f9c27ddc8bee82c50b5603cbb861eae7b3c26e7a5a75047268058898c7f41
2024-10-04 15:48:09,884 mo.service.impl.PayServiceImpl -     validateCheckSum:147  - INFO  - [] - Checksum request: a66f9c27ddc8bee82c50b5603cbb861eae7b3c26e7a5a75047268058898c7f41
2024-10-04 15:48:09,884 ction.CachingConnectionFactory -      connectHostPort:682  - INFO  - [] - Attempting to connect to: 127.0.0.1:5672
2024-10-04 15:48:09,982 ction.CachingConnectionFactory - createBareConnection:608  - INFO  - [] - Created new connection: cachingConnectionFactory#35bfa7be:0/SimpleConnection@3b67aa51 [delegate=amqp://guest@127.0.0.1:5672/, localPort=56086]
2024-10-04 15:48:09,995 k.amqp.rabbit.core.RabbitAdmin -           initialize:686  - INFO  - [] - Auto-declaring a non-durable, auto-delete, or exclusive Queue (myQueue) durable:false, auto-delete:false, exclusive:false. It will be redeclared if the broker stops and is restarted while the connection factory is alive, but all messages will be lost.
2024-10-04 15:48:10,076 eplyToMessageListenerContainer -          actualStart:471  - INFO  - [] - Container initialized for queues: [amq.rabbitmq.reply-to]
2024-10-04 15:48:10,097 eplyToMessageListenerContainer -   doConsumeFromQueue:769  - INFO  - [] - SimpleConsumer [queue=amq.rabbitmq.reply-to, index=0, consumerTag=amq.ctag-EDCjarrvGTOHc89fs2dnSg identity=74f69046] started
2024-10-04 15:48:10,487 mo.service.impl.PayServiceImpl -    setDataToRabbitMQ:92   - ERROR - [] - Unexpected error: 
java.lang.SecurityException: Attempt to deserialize unauthorized class vn.vnpay.common.PaymentConsumerResponse; add allowed class name patterns to the message converter or, if you trust the message originator, set environment variable 'SPRING_AMQP_DESERIALIZATION_TRUST_ALL' or system property 'spring.amqp.deserialization.trust.all' to true
	at org.springframework.amqp.utils.SerializationUtils.checkAllowedList(SerializationUtils.java:164)
	at org.springframework.amqp.support.converter.AllowedListDeserializingMessageConverter.checkAllowedList(AllowedListDeserializingMessageConverter.java:61)
	at org.springframework.amqp.support.converter.SimpleMessageConverter$1.resolveClass(SimpleMessageConverter.java:160)
	at java.base/java.io.ObjectInputStream.readNonProxyDesc(ObjectInputStream.java:2034)
	at java.base/java.io.ObjectInputStream.readClassDesc(ObjectInputStream.java:1898)
	at java.base/java.io.ObjectInputStream.readOrdinaryObject(ObjectInputStream.java:2224)
	at java.base/java.io.ObjectInputStream.readObject0(ObjectInputStream.java:1733)
	at java.base/java.io.ObjectInputStream.readObject(ObjectInputStream.java:509)
	at java.base/java.io.ObjectInputStream.readObject(ObjectInputStream.java:467)
	at org.springframework.amqp.utils.SerializationUtils.deserialize(SerializationUtils.java:102)
	at org.springframework.amqp.support.converter.SimpleMessageConverter.fromMessage(SimpleMessageConverter.java:93)
	at org.springframework.amqp.rabbit.core.RabbitTemplate.convertSendAndReceive(RabbitTemplate.java:1755)
	at org.springframework.amqp.rabbit.core.RabbitTemplate.convertSendAndReceive(RabbitTemplate.java:1684)
	at org.springframework.amqp.rabbit.core.RabbitTemplate.convertSendAndReceive(RabbitTemplate.java:1676)
	at vn.vnpay.bank_demo.service.impl.PayServiceImpl.setDataToRabbitMQ(PayServiceImpl.java:75)
	at vn.vnpay.bank_demo.service.impl.PayServiceImpl.createPayment(PayServiceImpl.java:64)
	at vn.vnpay.bank_demo.controller.payment.PayController.restPayment(PayController.java:24)
	at java.base/jdk.internal.reflect.NativeMethodAccessorImpl.invoke0(Native Method)
	at java.base/jdk.internal.reflect.NativeMethodAccessorImpl.invoke(NativeMethodAccessorImpl.java:77)
	at java.base/jdk.internal.reflect.DelegatingMethodAccessorImpl.invoke(DelegatingMethodAccessorImpl.java:43)
	at java.base/java.lang.reflect.Method.invoke(Method.java:568)
	at org.springframework.web.method.support.InvocableHandlerMethod.doInvoke(InvocableHandlerMethod.java:255)
	at org.springframework.web.method.support.InvocableHandlerMethod.invokeForRequest(InvocableHandlerMethod.java:188)
	at org.springframework.web.servlet.mvc.method.annotation.ServletInvocableHandlerMethod.invokeAndHandle(ServletInvocableHandlerMethod.java:118)
	at org.springframework.web.servlet.mvc.method.annotation.RequestMappingHandlerAdapter.invokeHandlerMethod(RequestMappingHandlerAdapter.java:926)
	at org.springframework.web.servlet.mvc.method.annotation.RequestMappingHandlerAdapter.handleInternal(RequestMappingHandlerAdapter.java:831)
	at org.springframework.web.servlet.mvc.method.AbstractHandlerMethodAdapter.handle(AbstractHandlerMethodAdapter.java:87)
	at org.springframework.web.servlet.DispatcherServlet.doDispatch(DispatcherServlet.java:1089)
	at org.springframework.web.servlet.DispatcherServlet.doService(DispatcherServlet.java:979)
	at org.springframework.web.servlet.FrameworkServlet.processRequest(FrameworkServlet.java:1014)
	at org.springframework.web.servlet.FrameworkServlet.doPost(FrameworkServlet.java:914)
	at jakarta.servlet.http.HttpServlet.service(HttpServlet.java:590)
	at org.springframework.web.servlet.FrameworkServlet.service(FrameworkServlet.java:885)
	at jakarta.servlet.http.HttpServlet.service(HttpServlet.java:658)
	at org.apache.catalina.core.ApplicationFilterChain.internalDoFilter(ApplicationFilterChain.java:195)
	at org.apache.catalina.core.ApplicationFilterChain.doFilter(ApplicationFilterChain.java:140)
	at org.apache.tomcat.websocket.server.WsFilter.doFilter(WsFilter.java:51)
	at org.apache.catalina.core.ApplicationFilterChain.internalDoFilter(ApplicationFilterChain.java:164)
	at org.apache.catalina.core.ApplicationFilterChain.doFilter(ApplicationFilterChain.java:140)
	at org.springframework.web.filter.RequestContextFilter.doFilterInternal(RequestContextFilter.java:100)
	at org.springframework.web.filter.OncePerRequestFilter.doFilter(OncePerRequestFilter.java:116)
	at org.apache.catalina.core.ApplicationFilterChain.internalDoFilter(ApplicationFilterChain.java:164)
	at org.apache.catalina.core.ApplicationFilterChain.doFilter(ApplicationFilterChain.java:140)
	at org.springframework.web.filter.FormContentFilter.doFilterInternal(FormContentFilter.java:93)
	at org.springframework.web.filter.OncePerRequestFilter.doFilter(OncePerRequestFilter.java:116)
	at org.apache.catalina.core.ApplicationFilterChain.internalDoFilter(ApplicationFilterChain.java:164)
	at org.apache.catalina.core.ApplicationFilterChain.doFilter(ApplicationFilterChain.java:140)
	at org.springframework.web.filter.CharacterEncodingFilter.doFilterInternal(CharacterEncodingFilter.java:201)
	at org.springframework.web.filter.OncePerRequestFilter.doFilter(OncePerRequestFilter.java:116)
	at org.apache.catalina.core.ApplicationFilterChain.internalDoFilter(ApplicationFilterChain.java:164)
	at org.apache.catalina.core.ApplicationFilterChain.doFilter(ApplicationFilterChain.java:140)
	at org.apache.catalina.core.StandardWrapperValve.invoke(StandardWrapperValve.java:167)
	at org.apache.catalina.core.StandardContextValve.invoke(StandardContextValve.java:90)
	at org.apache.catalina.authenticator.AuthenticatorBase.invoke(AuthenticatorBase.java:483)
	at org.apache.catalina.core.StandardHostValve.invoke(StandardHostValve.java:115)
	at org.apache.catalina.valves.ErrorReportValve.invoke(ErrorReportValve.java:93)
	at org.apache.catalina.core.StandardEngineValve.invoke(StandardEngineValve.java:74)
	at org.apache.catalina.connector.CoyoteAdapter.service(CoyoteAdapter.java:344)
	at org.apache.coyote.http11.Http11Processor.service(Http11Processor.java:384)
	at org.apache.coyote.AbstractProcessorLight.process(AbstractProcessorLight.java:63)
	at org.apache.coyote.AbstractProtocol$ConnectionHandler.process(AbstractProtocol.java:904)
	at org.apache.tomcat.util.net.NioEndpoint$SocketProcessor.doRun(NioEndpoint.java:1741)
	at org.apache.tomcat.util.net.SocketProcessorBase.run(SocketProcessorBase.java:52)
	at org.apache.tomcat.util.threads.ThreadPoolExecutor.runWorker(ThreadPoolExecutor.java:1190)
	at org.apache.tomcat.util.threads.ThreadPoolExecutor$Worker.run(ThreadPoolExecutor.java:659)
	at org.apache.tomcat.util.threads.TaskThread$WrappingRunnable.run(TaskThread.java:63)
	at java.base/java.lang.Thread.run(Thread.java:833)
2024-10-04 15:48:10,494 ay.bank_demo.util.CheckSumUtil -    calculateCheckSum:26   - INFO  - [] - Checksum: 6504b5da5ed4cfe7323b0fa06bfdb6242f1be565f3319fa7e6b73bc29550ba8b
2024-10-04 15:51:54,862 eplyToMessageListenerContainer - nAndWaitOrCallback$7:871  - INFO  - [] - Successfully waited for consumers to finish.
2024-10-04 15:51:54,875 tainerEntityManagerFactoryBean -              destroy:650  - INFO  - [] - Closing JPA EntityManagerFactory for persistence unit 'default'
2024-10-04 15:51:54,877 zaxxer.hikari.HikariDataSource -                close:349  - INFO  - [] - HikariPool-1 - Shutdown initiated...
2024-10-04 15:51:54,884 zaxxer.hikari.HikariDataSource -                close:351  - INFO  - [] - HikariPool-1 - Shutdown completed.
2024-10-04 15:54:32,989 alidator.internal.util.Version -             <clinit>:21   - INFO  - [] - HV000001: Hibernate Validator 8.0.1.Final
2024-10-04 15:54:33,060 .bank_demo.BankDemoApplication -          logStarting:50   - INFO  - [] - Starting BankDemoApplication using Java 17.0.8.1 with PID 20920 (D:\VNPay\TTS\bank_demo\target\classes started by MSI in D:\VNPay\TTS\bank_demo)
2024-10-04 15:54:33,062 .bank_demo.BankDemoApplication - ogStartupProfileInfo:654  - INFO  - [] - No active profile set, falling back to 1 default profile: "default"
2024-10-04 15:54:33,963 epositoryConfigurationDelegate - ltipleStoresDetected:295  - INFO  - [] - Multiple Spring Data modules found, entering strict repository configuration mode
2024-10-04 15:54:33,965 epositoryConfigurationDelegate - gisterRepositoriesIn:143  - INFO  - [] - Bootstrapping Spring Data JPA repositories in DEFAULT mode.
2024-10-04 15:54:34,134 epositoryConfigurationDelegate - gisterRepositoriesIn:211  - INFO  - [] - Finished Spring Data repository scanning in 158 ms. Found 2 JPA repository interfaces.
2024-10-04 15:54:34,154 epositoryConfigurationDelegate - ltipleStoresDetected:295  - INFO  - [] - Multiple Spring Data modules found, entering strict repository configuration mode
2024-10-04 15:54:34,156 epositoryConfigurationDelegate - gisterRepositoriesIn:143  - INFO  - [] - Bootstrapping Spring Data Redis repositories in DEFAULT mode.
2024-10-04 15:54:34,177 yConfigurationExtensionSupport - tRepositoryCandidate:320  - INFO  - [] - Spring Data Redis - Could not safely identify store assignment for repository candidate interface vn.vnpay.bank_demo.repository.PaymentRepository; If you want this repository to be a Redis repository, consider annotating your entities with one of these annotations: org.springframework.data.redis.core.RedisHash (preferred), or consider extending one of the following types with your repository: org.springframework.data.keyvalue.repository.KeyValueRepository
2024-10-04 15:54:34,178 yConfigurationExtensionSupport - tRepositoryCandidate:320  - INFO  - [] - Spring Data Redis - Could not safely identify store assignment for repository candidate interface vn.vnpay.bank_demo.repository.UsersRepository; If you want this repository to be a Redis repository, consider annotating your entities with one of these annotations: org.springframework.data.redis.core.RedisHash (preferred), or consider extending one of the following types with your repository: org.springframework.data.keyvalue.repository.KeyValueRepository
2024-10-04 15:54:34,179 epositoryConfigurationDelegate - gisterRepositoriesIn:211  - INFO  - [] - Finished Spring Data repository scanning in 16 ms. Found 0 Redis repository interfaces.
2024-10-04 15:54:34,825 mbedded.tomcat.TomcatWebServer -           initialize:111  - INFO  - [] - Tomcat initialized with port 8080 (http)
2024-10-04 15:54:34,853 oyote.http11.Http11NioProtocol -                  log:173  - INFO  - [] - Initializing ProtocolHandler ["http-nio-8080"]
2024-10-04 15:54:34,865 .catalina.core.StandardService -                  log:173  - INFO  - [] - Starting service [Tomcat]
2024-10-04 15:54:34,866 e.catalina.core.StandardEngine -                  log:173  - INFO  - [] - Starting Servlet engine: [Apache Tomcat/10.1.28]
2024-10-04 15:54:34,962 .[Tomcat].[localhost].[/vnpay] -                  log:173  - INFO  - [] - Initializing Spring embedded WebApplicationContext
2024-10-04 15:54:34,963 letWebServerApplicationContext - ebApplicationContext:296  - INFO  - [] - Root WebApplicationContext: initialization completed in 1838 ms
2024-10-04 15:54:35,266 te.jpa.internal.util.LogHelper - tenceUnitInformation:31   - INFO  - [] - HHH000204: Processing PersistenceUnitInfo [name: default]
2024-10-04 15:54:35,328 org.hibernate.Version          -           logVersion:44   - INFO  - [] - HHH000412: Hibernate ORM core version 6.5.2.Final
2024-10-04 15:54:35,364 nternal.RegionFactoryInitiator -      initiateService:50   - INFO  - [] - HHH000026: Second-level cache disabled
2024-10-04 15:54:35,730 unit.SpringPersistenceUnitInfo -       addTransformer:87   - INFO  - [] - No LoadTimeWeaver setup: ignoring JPA class transformer
2024-10-04 15:54:35,764 zaxxer.hikari.HikariDataSource -        getConnection:109  - INFO  - [] - HikariPool-1 - Starting...
2024-10-04 15:54:36,035 .zaxxer.hikari.pool.HikariPool -        checkFailFast:554  - INFO  - [] - HikariPool-1 - Added connection ConnectionID:1 ClientConnectionId: c051f2e3-bbc2-4fc7-b28f-608717b44ba0
2024-10-04 15:54:36,038 zaxxer.hikari.HikariDataSource -        getConnection:122  - INFO  - [] - HikariPool-1 - Start completed.
2024-10-04 15:54:37,330 .internal.JtaPlatformInitiator -      initiateService:59   - INFO  - [] - HHH000489: No JTA platform available (set 'hibernate.transaction.jta.platform' to enable JTA platform integration)
2024-10-04 15:54:37,338 tainerEntityManagerFactoryBean - EntityManagerFactory:437  - INFO  - [] - Initialized JPA EntityManagerFactory for persistence unit 'default'
2024-10-04 15:54:38,327 figuration$JpaWebConfiguration - gerInViewInterceptor:236  - WARN  - [] - spring.jpa.open-in-view is enabled by default. Therefore, database queries may be performed during view rendering. Explicitly configure spring.jpa.open-in-view to disable this warning
2024-10-04 15:54:38,594 tTemplateResolverConfiguration - mplateLocationExists:101  - WARN  - [] - Cannot find template location: classpath:/templates/ (please add some templates, check your Thymeleaf configuration, or set spring.thymeleaf.check-template-location=false)
2024-10-04 15:54:38,840 oyote.http11.Http11NioProtocol -                  log:173  - INFO  - [] - Starting ProtocolHandler ["http-nio-8080"]
2024-10-04 15:54:38,859 mbedded.tomcat.TomcatWebServer -                start:243  - INFO  - [] - Tomcat started on port 8080 (http) with context path '/vnpay'
2024-10-04 15:54:38,865 .bank_demo.BankDemoApplication -           logStarted:56   - INFO  - [] - Started BankDemoApplication in 6.604 seconds (process running for 7.616)
2024-10-04 15:54:49,343 .[Tomcat].[localhost].[/vnpay] -                  log:173  - INFO  - [] - Initializing Spring DispatcherServlet 'dispatcherServlet'
2024-10-04 15:54:49,344 .web.servlet.DispatcherServlet -      initServletBean:532  - INFO  - [] - Initializing Servlet 'dispatcherServlet'
2024-10-04 15:54:49,348 .web.servlet.DispatcherServlet -      initServletBean:554  - INFO  - [] - Completed initialization in 3 ms
2024-10-04 15:54:49,560 mo.service.impl.PayServiceImpl -        createPayment:43   - INFO  - [] - Begin create-payment: {
  "tokenKey": "ey7CnpknHkmhWmcvqTVxnknUOaewJgKkB4\u003d",
  "apiId": "restPayment",
  "mobile": "0345225630",
  "bankCode": "98765432",
  "privateKey": "87654321",
  "accountNo": "0001100014211002",
  "payDate": "20230918124530",
  "additionalData": "11",
  "debitAmount": 11300,
  "respCode": "00",
  "respDesc": "SUCCESS",
  "traceTransfer": "FT19310RH6P1",
  "messageType": "1",
  "checkSum": "a66f9c27ddc8bee82c50b5603cbb861eae7b3c26e7a5a75047268058898c7f41",
  "orderCode": "FT19310RH6P1",
  "userName": "cntest001",
  "realAmount": 11200,
  "promotionCode": "ABCXYZ",
  "addValue": "{\"payMethod\":\"01\",\"payMethodMMS\":1}"
}
2024-10-04 15:54:50,222 ay.bank_demo.util.CheckSumUtil -    calculateCheckSum:26   - INFO  - [] - Checksum: a66f9c27ddc8bee82c50b5603cbb861eae7b3c26e7a5a75047268058898c7f41
2024-10-04 15:54:50,223 mo.service.impl.PayServiceImpl -     validateCheckSum:147  - INFO  - [] - Checksum request: a66f9c27ddc8bee82c50b5603cbb861eae7b3c26e7a5a75047268058898c7f41
2024-10-04 15:54:50,231 ction.CachingConnectionFactory -      connectHostPort:682  - INFO  - [] - Attempting to connect to: 127.0.0.1:5672
2024-10-04 15:54:50,285 ction.CachingConnectionFactory - createBareConnection:608  - INFO  - [] - Created new connection: cachingConnectionFactory#2453cbb7:0/SimpleConnection@489d037f [delegate=amqp://guest@127.0.0.1:5672/, localPort=56191]
2024-10-04 15:54:50,302 k.amqp.rabbit.core.RabbitAdmin -           initialize:686  - INFO  - [] - Auto-declaring a non-durable, auto-delete, or exclusive Queue (myQueue) durable:false, auto-delete:false, exclusive:false. It will be redeclared if the broker stops and is restarted while the connection factory is alive, but all messages will be lost.
2024-10-04 15:54:50,346 eplyToMessageListenerContainer -          actualStart:471  - INFO  - [] - Container initialized for queues: [amq.rabbitmq.reply-to]
2024-10-04 15:54:50,360 eplyToMessageListenerContainer -   doConsumeFromQueue:769  - INFO  - [] - SimpleConsumer [queue=amq.rabbitmq.reply-to, index=0, consumerTag=amq.ctag-N2047s1gcgaj_dPlB_83Ew identity=1215c37f] started
2024-10-04 15:54:50,684 mo.service.impl.PayServiceImpl -    setDataToRabbitMQ:92   - ERROR - [] - Unexpected error: 
java.lang.SecurityException: Attempt to deserialize unauthorized class vn.vnpay.common.PaymentConsumerResponse; add allowed class name patterns to the message converter or, if you trust the message originator, set environment variable 'SPRING_AMQP_DESERIALIZATION_TRUST_ALL' or system property 'spring.amqp.deserialization.trust.all' to true
	at org.springframework.amqp.utils.SerializationUtils.checkAllowedList(SerializationUtils.java:164)
	at org.springframework.amqp.support.converter.AllowedListDeserializingMessageConverter.checkAllowedList(AllowedListDeserializingMessageConverter.java:61)
	at org.springframework.amqp.support.converter.SimpleMessageConverter$1.resolveClass(SimpleMessageConverter.java:160)
	at java.base/java.io.ObjectInputStream.readNonProxyDesc(ObjectInputStream.java:2034)
	at java.base/java.io.ObjectInputStream.readClassDesc(ObjectInputStream.java:1898)
	at java.base/java.io.ObjectInputStream.readOrdinaryObject(ObjectInputStream.java:2224)
	at java.base/java.io.ObjectInputStream.readObject0(ObjectInputStream.java:1733)
	at java.base/java.io.ObjectInputStream.readObject(ObjectInputStream.java:509)
	at java.base/java.io.ObjectInputStream.readObject(ObjectInputStream.java:467)
	at org.springframework.amqp.utils.SerializationUtils.deserialize(SerializationUtils.java:102)
	at org.springframework.amqp.support.converter.SimpleMessageConverter.fromMessage(SimpleMessageConverter.java:93)
	at org.springframework.amqp.rabbit.core.RabbitTemplate.convertSendAndReceive(RabbitTemplate.java:1755)
	at org.springframework.amqp.rabbit.core.RabbitTemplate.convertSendAndReceive(RabbitTemplate.java:1684)
	at org.springframework.amqp.rabbit.core.RabbitTemplate.convertSendAndReceive(RabbitTemplate.java:1676)
	at vn.vnpay.bank_demo.service.impl.PayServiceImpl.setDataToRabbitMQ(PayServiceImpl.java:75)
	at vn.vnpay.bank_demo.service.impl.PayServiceImpl.createPayment(PayServiceImpl.java:64)
	at vn.vnpay.bank_demo.controller.payment.PayController.restPayment(PayController.java:24)
	at java.base/jdk.internal.reflect.NativeMethodAccessorImpl.invoke0(Native Method)
	at java.base/jdk.internal.reflect.NativeMethodAccessorImpl.invoke(NativeMethodAccessorImpl.java:77)
	at java.base/jdk.internal.reflect.DelegatingMethodAccessorImpl.invoke(DelegatingMethodAccessorImpl.java:43)
	at java.base/java.lang.reflect.Method.invoke(Method.java:568)
	at org.springframework.web.method.support.InvocableHandlerMethod.doInvoke(InvocableHandlerMethod.java:255)
	at org.springframework.web.method.support.InvocableHandlerMethod.invokeForRequest(InvocableHandlerMethod.java:188)
	at org.springframework.web.servlet.mvc.method.annotation.ServletInvocableHandlerMethod.invokeAndHandle(ServletInvocableHandlerMethod.java:118)
	at org.springframework.web.servlet.mvc.method.annotation.RequestMappingHandlerAdapter.invokeHandlerMethod(RequestMappingHandlerAdapter.java:926)
	at org.springframework.web.servlet.mvc.method.annotation.RequestMappingHandlerAdapter.handleInternal(RequestMappingHandlerAdapter.java:831)
	at org.springframework.web.servlet.mvc.method.AbstractHandlerMethodAdapter.handle(AbstractHandlerMethodAdapter.java:87)
	at org.springframework.web.servlet.DispatcherServlet.doDispatch(DispatcherServlet.java:1089)
	at org.springframework.web.servlet.DispatcherServlet.doService(DispatcherServlet.java:979)
	at org.springframework.web.servlet.FrameworkServlet.processRequest(FrameworkServlet.java:1014)
	at org.springframework.web.servlet.FrameworkServlet.doPost(FrameworkServlet.java:914)
	at jakarta.servlet.http.HttpServlet.service(HttpServlet.java:590)
	at org.springframework.web.servlet.FrameworkServlet.service(FrameworkServlet.java:885)
	at jakarta.servlet.http.HttpServlet.service(HttpServlet.java:658)
	at org.apache.catalina.core.ApplicationFilterChain.internalDoFilter(ApplicationFilterChain.java:195)
	at org.apache.catalina.core.ApplicationFilterChain.doFilter(ApplicationFilterChain.java:140)
	at org.apache.tomcat.websocket.server.WsFilter.doFilter(WsFilter.java:51)
	at org.apache.catalina.core.ApplicationFilterChain.internalDoFilter(ApplicationFilterChain.java:164)
	at org.apache.catalina.core.ApplicationFilterChain.doFilter(ApplicationFilterChain.java:140)
	at org.springframework.web.filter.RequestContextFilter.doFilterInternal(RequestContextFilter.java:100)
	at org.springframework.web.filter.OncePerRequestFilter.doFilter(OncePerRequestFilter.java:116)
	at org.apache.catalina.core.ApplicationFilterChain.internalDoFilter(ApplicationFilterChain.java:164)
	at org.apache.catalina.core.ApplicationFilterChain.doFilter(ApplicationFilterChain.java:140)
	at org.springframework.web.filter.FormContentFilter.doFilterInternal(FormContentFilter.java:93)
	at org.springframework.web.filter.OncePerRequestFilter.doFilter(OncePerRequestFilter.java:116)
	at org.apache.catalina.core.ApplicationFilterChain.internalDoFilter(ApplicationFilterChain.java:164)
	at org.apache.catalina.core.ApplicationFilterChain.doFilter(ApplicationFilterChain.java:140)
	at org.springframework.web.filter.CharacterEncodingFilter.doFilterInternal(CharacterEncodingFilter.java:201)
	at org.springframework.web.filter.OncePerRequestFilter.doFilter(OncePerRequestFilter.java:116)
	at org.apache.catalina.core.ApplicationFilterChain.internalDoFilter(ApplicationFilterChain.java:164)
	at org.apache.catalina.core.ApplicationFilterChain.doFilter(ApplicationFilterChain.java:140)
	at org.apache.catalina.core.StandardWrapperValve.invoke(StandardWrapperValve.java:167)
	at org.apache.catalina.core.StandardContextValve.invoke(StandardContextValve.java:90)
	at org.apache.catalina.authenticator.AuthenticatorBase.invoke(AuthenticatorBase.java:483)
	at org.apache.catalina.core.StandardHostValve.invoke(StandardHostValve.java:115)
	at org.apache.catalina.valves.ErrorReportValve.invoke(ErrorReportValve.java:93)
	at org.apache.catalina.core.StandardEngineValve.invoke(StandardEngineValve.java:74)
	at org.apache.catalina.connector.CoyoteAdapter.service(CoyoteAdapter.java:344)
	at org.apache.coyote.http11.Http11Processor.service(Http11Processor.java:384)
	at org.apache.coyote.AbstractProcessorLight.process(AbstractProcessorLight.java:63)
	at org.apache.coyote.AbstractProtocol$ConnectionHandler.process(AbstractProtocol.java:904)
	at org.apache.tomcat.util.net.NioEndpoint$SocketProcessor.doRun(NioEndpoint.java:1741)
	at org.apache.tomcat.util.net.SocketProcessorBase.run(SocketProcessorBase.java:52)
	at org.apache.tomcat.util.threads.ThreadPoolExecutor.runWorker(ThreadPoolExecutor.java:1190)
	at org.apache.tomcat.util.threads.ThreadPoolExecutor$Worker.run(ThreadPoolExecutor.java:659)
	at org.apache.tomcat.util.threads.TaskThread$WrappingRunnable.run(TaskThread.java:63)
	at java.base/java.lang.Thread.run(Thread.java:833)
2024-10-04 15:54:50,692 ay.bank_demo.util.CheckSumUtil -    calculateCheckSum:26   - INFO  - [] - Checksum: 6504b5da5ed4cfe7323b0fa06bfdb6242f1be565f3319fa7e6b73bc29550ba8b
2024-10-04 15:55:43,290 eplyToMessageListenerContainer - nAndWaitOrCallback$7:871  - INFO  - [] - Successfully waited for consumers to finish.
2024-10-04 15:55:43,305 tainerEntityManagerFactoryBean -              destroy:650  - INFO  - [] - Closing JPA EntityManagerFactory for persistence unit 'default'
2024-10-04 15:55:43,307 zaxxer.hikari.HikariDataSource -                close:349  - INFO  - [] - HikariPool-1 - Shutdown initiated...
2024-10-04 15:55:43,314 zaxxer.hikari.HikariDataSource -                close:351  - INFO  - [] - HikariPool-1 - Shutdown completed.
2024-10-04 15:55:46,526 alidator.internal.util.Version -             <clinit>:21   - INFO  - [] - HV000001: Hibernate Validator 8.0.1.Final
2024-10-04 15:55:46,571 .bank_demo.BankDemoApplication -          logStarting:50   - INFO  - [] - Starting BankDemoApplication using Java 17.0.8.1 with PID 9088 (D:\VNPay\TTS\bank_demo\target\classes started by MSI in D:\VNPay\TTS\bank_demo)
2024-10-04 15:55:46,573 .bank_demo.BankDemoApplication - ogStartupProfileInfo:654  - INFO  - [] - No active profile set, falling back to 1 default profile: "default"
2024-10-04 15:55:47,441 epositoryConfigurationDelegate - ltipleStoresDetected:295  - INFO  - [] - Multiple Spring Data modules found, entering strict repository configuration mode
2024-10-04 15:55:47,443 epositoryConfigurationDelegate - gisterRepositoriesIn:143  - INFO  - [] - Bootstrapping Spring Data JPA repositories in DEFAULT mode.
2024-10-04 15:55:47,608 epositoryConfigurationDelegate - gisterRepositoriesIn:211  - INFO  - [] - Finished Spring Data repository scanning in 158 ms. Found 2 JPA repository interfaces.
2024-10-04 15:55:47,629 epositoryConfigurationDelegate - ltipleStoresDetected:295  - INFO  - [] - Multiple Spring Data modules found, entering strict repository configuration mode
2024-10-04 15:55:47,631 epositoryConfigurationDelegate - gisterRepositoriesIn:143  - INFO  - [] - Bootstrapping Spring Data Redis repositories in DEFAULT mode.
2024-10-04 15:55:47,655 yConfigurationExtensionSupport - tRepositoryCandidate:320  - INFO  - [] - Spring Data Redis - Could not safely identify store assignment for repository candidate interface vn.vnpay.bank_demo.repository.PaymentRepository; If you want this repository to be a Redis repository, consider annotating your entities with one of these annotations: org.springframework.data.redis.core.RedisHash (preferred), or consider extending one of the following types with your repository: org.springframework.data.keyvalue.repository.KeyValueRepository
2024-10-04 15:55:47,656 yConfigurationExtensionSupport - tRepositoryCandidate:320  - INFO  - [] - Spring Data Redis - Could not safely identify store assignment for repository candidate interface vn.vnpay.bank_demo.repository.UsersRepository; If you want this repository to be a Redis repository, consider annotating your entities with one of these annotations: org.springframework.data.redis.core.RedisHash (preferred), or consider extending one of the following types with your repository: org.springframework.data.keyvalue.repository.KeyValueRepository
2024-10-04 15:55:47,657 epositoryConfigurationDelegate - gisterRepositoriesIn:211  - INFO  - [] - Finished Spring Data repository scanning in 11 ms. Found 0 Redis repository interfaces.
2024-10-04 15:55:48,189 mbedded.tomcat.TomcatWebServer -           initialize:111  - INFO  - [] - Tomcat initialized with port 8080 (http)
2024-10-04 15:55:48,200 oyote.http11.Http11NioProtocol -                  log:173  - INFO  - [] - Initializing ProtocolHandler ["http-nio-8080"]
2024-10-04 15:55:48,204 .catalina.core.StandardService -                  log:173  - INFO  - [] - Starting service [Tomcat]
2024-10-04 15:55:48,204 e.catalina.core.StandardEngine -                  log:173  - INFO  - [] - Starting Servlet engine: [Apache Tomcat/10.1.28]
2024-10-04 15:55:48,291 .[Tomcat].[localhost].[/vnpay] -                  log:173  - INFO  - [] - Initializing Spring embedded WebApplicationContext
2024-10-04 15:55:48,292 letWebServerApplicationContext - ebApplicationContext:296  - INFO  - [] - Root WebApplicationContext: initialization completed in 1677 ms
2024-10-04 15:55:48,498 te.jpa.internal.util.LogHelper - tenceUnitInformation:31   - INFO  - [] - HHH000204: Processing PersistenceUnitInfo [name: default]
2024-10-04 15:55:48,540 org.hibernate.Version          -           logVersion:44   - INFO  - [] - HHH000412: Hibernate ORM core version 6.5.2.Final
2024-10-04 15:55:48,565 nternal.RegionFactoryInitiator -      initiateService:50   - INFO  - [] - HHH000026: Second-level cache disabled
2024-10-04 15:55:48,796 unit.SpringPersistenceUnitInfo -       addTransformer:87   - INFO  - [] - No LoadTimeWeaver setup: ignoring JPA class transformer
2024-10-04 15:55:48,819 zaxxer.hikari.HikariDataSource -        getConnection:109  - INFO  - [] - HikariPool-1 - Starting...
2024-10-04 15:55:49,062 .zaxxer.hikari.pool.HikariPool -        checkFailFast:554  - INFO  - [] - HikariPool-1 - Added connection ConnectionID:1 ClientConnectionId: b67ad87a-e473-46de-9b20-ba547498c63c
2024-10-04 15:55:49,079 zaxxer.hikari.HikariDataSource -        getConnection:122  - INFO  - [] - HikariPool-1 - Start completed.
2024-10-04 15:55:49,980 .internal.JtaPlatformInitiator -      initiateService:59   - INFO  - [] - HHH000489: No JTA platform available (set 'hibernate.transaction.jta.platform' to enable JTA platform integration)
2024-10-04 15:55:49,983 tainerEntityManagerFactoryBean - EntityManagerFactory:437  - INFO  - [] - Initialized JPA EntityManagerFactory for persistence unit 'default'
2024-10-04 15:55:50,835 figuration$JpaWebConfiguration - gerInViewInterceptor:236  - WARN  - [] - spring.jpa.open-in-view is enabled by default. Therefore, database queries may be performed during view rendering. Explicitly configure spring.jpa.open-in-view to disable this warning
2024-10-04 15:55:51,005 tTemplateResolverConfiguration - mplateLocationExists:101  - WARN  - [] - Cannot find template location: classpath:/templates/ (please add some templates, check your Thymeleaf configuration, or set spring.thymeleaf.check-template-location=false)
2024-10-04 15:55:51,184 oyote.http11.Http11NioProtocol -                  log:173  - INFO  - [] - Starting ProtocolHandler ["http-nio-8080"]
2024-10-04 15:55:51,200 mbedded.tomcat.TomcatWebServer -                start:243  - INFO  - [] - Tomcat started on port 8080 (http) with context path '/vnpay'
2024-10-04 15:55:51,210 .bank_demo.BankDemoApplication -           logStarted:56   - INFO  - [] - Started BankDemoApplication in 5.327 seconds (process running for 6.13)
2024-10-04 15:56:03,005 .[Tomcat].[localhost].[/vnpay] -                  log:173  - INFO  - [] - Initializing Spring DispatcherServlet 'dispatcherServlet'
2024-10-04 15:56:03,006 .web.servlet.DispatcherServlet -      initServletBean:532  - INFO  - [] - Initializing Servlet 'dispatcherServlet'
2024-10-04 15:56:03,007 .web.servlet.DispatcherServlet -      initServletBean:554  - INFO  - [] - Completed initialization in 1 ms
2024-10-04 15:56:03,175 mo.service.impl.PayServiceImpl -        createPayment:43   - INFO  - [] - Begin create-payment: {
  "tokenKey": "ey7CnpknHkmhWmcvqTxnknUOaewJgKkB4\u003d",
  "apiId": "restPayment",
  "mobile": "0345225630",
  "bankCode": "98765432",
  "privateKey": "87654321",
  "accountNo": "0001100014211002",
  "payDate": "20230918124530",
  "additionalData": "11",
  "debitAmount": 11300,
  "respCode": "00",
  "respDesc": "SUCCESS",
  "traceTransfer": "FT19310RH6P1",
  "messageType": "1",
  "checkSum": "a66f9c27ddc8bee82c50b5603cbb861eae7b3c26e7a5a75047268058898c7f41",
  "orderCode": "FT19310RH6P1",
  "userName": "cntest001",
  "realAmount": 11200,
  "promotionCode": "ABCXYZ",
  "addValue": "{\"payMethod\":\"01\",\"payMethodMMS\":1}"
}
2024-10-04 15:56:03,831 ay.bank_demo.util.CheckSumUtil -    calculateCheckSum:26   - INFO  - [] - Checksum: a66f9c27ddc8bee82c50b5603cbb861eae7b3c26e7a5a75047268058898c7f41
2024-10-04 15:56:03,832 mo.service.impl.PayServiceImpl -     validateCheckSum:147  - INFO  - [] - Checksum request: a66f9c27ddc8bee82c50b5603cbb861eae7b3c26e7a5a75047268058898c7f41
2024-10-04 15:56:03,839 ction.CachingConnectionFactory -      connectHostPort:682  - INFO  - [] - Attempting to connect to: 127.0.0.1:5672
2024-10-04 15:56:03,912 ction.CachingConnectionFactory - createBareConnection:608  - INFO  - [] - Created new connection: cachingConnectionFactory#64a0ee65:0/SimpleConnection@3f5e206d [delegate=amqp://guest@127.0.0.1:5672/, localPort=56259]
2024-10-04 15:56:03,923 k.amqp.rabbit.core.RabbitAdmin -           initialize:686  - INFO  - [] - Auto-declaring a non-durable, auto-delete, or exclusive Queue (myQueue) durable:false, auto-delete:false, exclusive:false. It will be redeclared if the broker stops and is restarted while the connection factory is alive, but all messages will be lost.
2024-10-04 15:56:03,983 eplyToMessageListenerContainer -          actualStart:471  - INFO  - [] - Container initialized for queues: [amq.rabbitmq.reply-to]
2024-10-04 15:56:03,998 eplyToMessageListenerContainer -   doConsumeFromQueue:769  - INFO  - [] - SimpleConsumer [queue=amq.rabbitmq.reply-to, index=0, consumerTag=amq.ctag-il66PvvJueaCSmVuOl9R4w identity=4e0651b] started
2024-10-04 15:56:04,364 mo.service.impl.PayServiceImpl -    setDataToRabbitMQ:92   - ERROR - [] - Unexpected error: 
java.lang.SecurityException: Attempt to deserialize unauthorized class vn.vnpay.common.PaymentConsumerResponse; add allowed class name patterns to the message converter or, if you trust the message originator, set environment variable 'SPRING_AMQP_DESERIALIZATION_TRUST_ALL' or system property 'spring.amqp.deserialization.trust.all' to true
	at org.springframework.amqp.utils.SerializationUtils.checkAllowedList(SerializationUtils.java:164)
	at org.springframework.amqp.support.converter.AllowedListDeserializingMessageConverter.checkAllowedList(AllowedListDeserializingMessageConverter.java:61)
	at org.springframework.amqp.support.converter.SimpleMessageConverter$1.resolveClass(SimpleMessageConverter.java:160)
	at java.base/java.io.ObjectInputStream.readNonProxyDesc(ObjectInputStream.java:2034)
	at java.base/java.io.ObjectInputStream.readClassDesc(ObjectInputStream.java:1898)
	at java.base/java.io.ObjectInputStream.readOrdinaryObject(ObjectInputStream.java:2224)
	at java.base/java.io.ObjectInputStream.readObject0(ObjectInputStream.java:1733)
	at java.base/java.io.ObjectInputStream.readObject(ObjectInputStream.java:509)
	at java.base/java.io.ObjectInputStream.readObject(ObjectInputStream.java:467)
	at org.springframework.amqp.utils.SerializationUtils.deserialize(SerializationUtils.java:102)
	at org.springframework.amqp.support.converter.SimpleMessageConverter.fromMessage(SimpleMessageConverter.java:93)
	at org.springframework.amqp.rabbit.core.RabbitTemplate.convertSendAndReceive(RabbitTemplate.java:1755)
	at org.springframework.amqp.rabbit.core.RabbitTemplate.convertSendAndReceive(RabbitTemplate.java:1684)
	at org.springframework.amqp.rabbit.core.RabbitTemplate.convertSendAndReceive(RabbitTemplate.java:1676)
	at vn.vnpay.bank_demo.service.impl.PayServiceImpl.setDataToRabbitMQ(PayServiceImpl.java:75)
	at vn.vnpay.bank_demo.service.impl.PayServiceImpl.createPayment(PayServiceImpl.java:64)
	at vn.vnpay.bank_demo.controller.payment.PayController.restPayment(PayController.java:24)
	at java.base/jdk.internal.reflect.NativeMethodAccessorImpl.invoke0(Native Method)
	at java.base/jdk.internal.reflect.NativeMethodAccessorImpl.invoke(NativeMethodAccessorImpl.java:77)
	at java.base/jdk.internal.reflect.DelegatingMethodAccessorImpl.invoke(DelegatingMethodAccessorImpl.java:43)
	at java.base/java.lang.reflect.Method.invoke(Method.java:568)
	at org.springframework.web.method.support.InvocableHandlerMethod.doInvoke(InvocableHandlerMethod.java:255)
	at org.springframework.web.method.support.InvocableHandlerMethod.invokeForRequest(InvocableHandlerMethod.java:188)
	at org.springframework.web.servlet.mvc.method.annotation.ServletInvocableHandlerMethod.invokeAndHandle(ServletInvocableHandlerMethod.java:118)
	at org.springframework.web.servlet.mvc.method.annotation.RequestMappingHandlerAdapter.invokeHandlerMethod(RequestMappingHandlerAdapter.java:926)
	at org.springframework.web.servlet.mvc.method.annotation.RequestMappingHandlerAdapter.handleInternal(RequestMappingHandlerAdapter.java:831)
	at org.springframework.web.servlet.mvc.method.AbstractHandlerMethodAdapter.handle(AbstractHandlerMethodAdapter.java:87)
	at org.springframework.web.servlet.DispatcherServlet.doDispatch(DispatcherServlet.java:1089)
	at org.springframework.web.servlet.DispatcherServlet.doService(DispatcherServlet.java:979)
	at org.springframework.web.servlet.FrameworkServlet.processRequest(FrameworkServlet.java:1014)
	at org.springframework.web.servlet.FrameworkServlet.doPost(FrameworkServlet.java:914)
	at jakarta.servlet.http.HttpServlet.service(HttpServlet.java:590)
	at org.springframework.web.servlet.FrameworkServlet.service(FrameworkServlet.java:885)
	at jakarta.servlet.http.HttpServlet.service(HttpServlet.java:658)
	at org.apache.catalina.core.ApplicationFilterChain.internalDoFilter(ApplicationFilterChain.java:195)
	at org.apache.catalina.core.ApplicationFilterChain.doFilter(ApplicationFilterChain.java:140)
	at org.apache.tomcat.websocket.server.WsFilter.doFilter(WsFilter.java:51)
	at org.apache.catalina.core.ApplicationFilterChain.internalDoFilter(ApplicationFilterChain.java:164)
	at org.apache.catalina.core.ApplicationFilterChain.doFilter(ApplicationFilterChain.java:140)
	at org.springframework.web.filter.RequestContextFilter.doFilterInternal(RequestContextFilter.java:100)
	at org.springframework.web.filter.OncePerRequestFilter.doFilter(OncePerRequestFilter.java:116)
	at org.apache.catalina.core.ApplicationFilterChain.internalDoFilter(ApplicationFilterChain.java:164)
	at org.apache.catalina.core.ApplicationFilterChain.doFilter(ApplicationFilterChain.java:140)
	at org.springframework.web.filter.FormContentFilter.doFilterInternal(FormContentFilter.java:93)
	at org.springframework.web.filter.OncePerRequestFilter.doFilter(OncePerRequestFilter.java:116)
	at org.apache.catalina.core.ApplicationFilterChain.internalDoFilter(ApplicationFilterChain.java:164)
	at org.apache.catalina.core.ApplicationFilterChain.doFilter(ApplicationFilterChain.java:140)
	at org.springframework.web.filter.CharacterEncodingFilter.doFilterInternal(CharacterEncodingFilter.java:201)
	at org.springframework.web.filter.OncePerRequestFilter.doFilter(OncePerRequestFilter.java:116)
	at org.apache.catalina.core.ApplicationFilterChain.internalDoFilter(ApplicationFilterChain.java:164)
	at org.apache.catalina.core.ApplicationFilterChain.doFilter(ApplicationFilterChain.java:140)
	at org.apache.catalina.core.StandardWrapperValve.invoke(StandardWrapperValve.java:167)
	at org.apache.catalina.core.StandardContextValve.invoke(StandardContextValve.java:90)
	at org.apache.catalina.authenticator.AuthenticatorBase.invoke(AuthenticatorBase.java:483)
	at org.apache.catalina.core.StandardHostValve.invoke(StandardHostValve.java:115)
	at org.apache.catalina.valves.ErrorReportValve.invoke(ErrorReportValve.java:93)
	at org.apache.catalina.core.StandardEngineValve.invoke(StandardEngineValve.java:74)
	at org.apache.catalina.connector.CoyoteAdapter.service(CoyoteAdapter.java:344)
	at org.apache.coyote.http11.Http11Processor.service(Http11Processor.java:384)
	at org.apache.coyote.AbstractProcessorLight.process(AbstractProcessorLight.java:63)
	at org.apache.coyote.AbstractProtocol$ConnectionHandler.process(AbstractProtocol.java:904)
	at org.apache.tomcat.util.net.NioEndpoint$SocketProcessor.doRun(NioEndpoint.java:1741)
	at org.apache.tomcat.util.net.SocketProcessorBase.run(SocketProcessorBase.java:52)
	at org.apache.tomcat.util.threads.ThreadPoolExecutor.runWorker(ThreadPoolExecutor.java:1190)
	at org.apache.tomcat.util.threads.ThreadPoolExecutor$Worker.run(ThreadPoolExecutor.java:659)
	at org.apache.tomcat.util.threads.TaskThread$WrappingRunnable.run(TaskThread.java:63)
	at java.base/java.lang.Thread.run(Thread.java:833)
2024-10-04 15:56:04,372 ay.bank_demo.util.CheckSumUtil -    calculateCheckSum:26   - INFO  - [] - Checksum: 6504b5da5ed4cfe7323b0fa06bfdb6242f1be565f3319fa7e6b73bc29550ba8b
2024-10-04 15:56:14,914 eplyToMessageListenerContainer - nAndWaitOrCallback$7:871  - INFO  - [] - Successfully waited for consumers to finish.
2024-10-04 15:56:14,923 tainerEntityManagerFactoryBean -              destroy:650  - INFO  - [] - Closing JPA EntityManagerFactory for persistence unit 'default'
2024-10-04 15:56:14,925 zaxxer.hikari.HikariDataSource -                close:349  - INFO  - [] - HikariPool-1 - Shutdown initiated...
2024-10-04 15:56:14,932 zaxxer.hikari.HikariDataSource -                close:351  - INFO  - [] - HikariPool-1 - Shutdown completed.
2024-10-04 15:56:20,463 alidator.internal.util.Version -             <clinit>:21   - INFO  - [] - HV000001: Hibernate Validator 8.0.1.Final
2024-10-04 15:56:20,519 .bank_demo.BankDemoApplication -          logStarting:50   - INFO  - [] - Starting BankDemoApplication using Java 17.0.8.1 with PID 8144 (D:\VNPay\TTS\bank_demo\target\classes started by MSI in D:\VNPay\TTS\bank_demo)
2024-10-04 15:56:20,521 .bank_demo.BankDemoApplication - ogStartupProfileInfo:654  - INFO  - [] - No active profile set, falling back to 1 default profile: "default"
2024-10-04 15:56:21,358 epositoryConfigurationDelegate - ltipleStoresDetected:295  - INFO  - [] - Multiple Spring Data modules found, entering strict repository configuration mode
2024-10-04 15:56:21,359 epositoryConfigurationDelegate - gisterRepositoriesIn:143  - INFO  - [] - Bootstrapping Spring Data JPA repositories in DEFAULT mode.
2024-10-04 15:56:21,498 epositoryConfigurationDelegate - gisterRepositoriesIn:211  - INFO  - [] - Finished Spring Data repository scanning in 132 ms. Found 2 JPA repository interfaces.
2024-10-04 15:56:21,520 epositoryConfigurationDelegate - ltipleStoresDetected:295  - INFO  - [] - Multiple Spring Data modules found, entering strict repository configuration mode
2024-10-04 15:56:21,521 epositoryConfigurationDelegate - gisterRepositoriesIn:143  - INFO  - [] - Bootstrapping Spring Data Redis repositories in DEFAULT mode.
2024-10-04 15:56:21,542 yConfigurationExtensionSupport - tRepositoryCandidate:320  - INFO  - [] - Spring Data Redis - Could not safely identify store assignment for repository candidate interface vn.vnpay.bank_demo.repository.PaymentRepository; If you want this repository to be a Redis repository, consider annotating your entities with one of these annotations: org.springframework.data.redis.core.RedisHash (preferred), or consider extending one of the following types with your repository: org.springframework.data.keyvalue.repository.KeyValueRepository
2024-10-04 15:56:21,542 yConfigurationExtensionSupport - tRepositoryCandidate:320  - INFO  - [] - Spring Data Redis - Could not safely identify store assignment for repository candidate interface vn.vnpay.bank_demo.repository.UsersRepository; If you want this repository to be a Redis repository, consider annotating your entities with one of these annotations: org.springframework.data.redis.core.RedisHash (preferred), or consider extending one of the following types with your repository: org.springframework.data.keyvalue.repository.KeyValueRepository
2024-10-04 15:56:21,542 epositoryConfigurationDelegate - gisterRepositoriesIn:211  - INFO  - [] - Finished Spring Data repository scanning in 12 ms. Found 0 Redis repository interfaces.
2024-10-04 15:56:22,090 mbedded.tomcat.TomcatWebServer -           initialize:111  - INFO  - [] - Tomcat initialized with port 8080 (http)
2024-10-04 15:56:22,100 oyote.http11.Http11NioProtocol -                  log:173  - INFO  - [] - Initializing ProtocolHandler ["http-nio-8080"]
2024-10-04 15:56:22,102 .catalina.core.StandardService -                  log:173  - INFO  - [] - Starting service [Tomcat]
2024-10-04 15:56:22,102 e.catalina.core.StandardEngine -                  log:173  - INFO  - [] - Starting Servlet engine: [Apache Tomcat/10.1.28]
2024-10-04 15:56:22,175 .[Tomcat].[localhost].[/vnpay] -                  log:173  - INFO  - [] - Initializing Spring embedded WebApplicationContext
2024-10-04 15:56:22,176 letWebServerApplicationContext - ebApplicationContext:296  - INFO  - [] - Root WebApplicationContext: initialization completed in 1613 ms
2024-10-04 15:56:22,357 te.jpa.internal.util.LogHelper - tenceUnitInformation:31   - INFO  - [] - HHH000204: Processing PersistenceUnitInfo [name: default]
2024-10-04 15:56:22,405 org.hibernate.Version          -           logVersion:44   - INFO  - [] - HHH000412: Hibernate ORM core version 6.5.2.Final
2024-10-04 15:56:22,435 nternal.RegionFactoryInitiator -      initiateService:50   - INFO  - [] - HHH000026: Second-level cache disabled
2024-10-04 15:56:22,709 unit.SpringPersistenceUnitInfo -       addTransformer:87   - INFO  - [] - No LoadTimeWeaver setup: ignoring JPA class transformer
2024-10-04 15:56:22,730 zaxxer.hikari.HikariDataSource -        getConnection:109  - INFO  - [] - HikariPool-1 - Starting...
2024-10-04 15:56:22,976 .zaxxer.hikari.pool.HikariPool -        checkFailFast:554  - INFO  - [] - HikariPool-1 - Added connection ConnectionID:1 ClientConnectionId: aec0b139-3797-42f3-b88a-8bb30db3020f
2024-10-04 15:56:22,978 zaxxer.hikari.HikariDataSource -        getConnection:122  - INFO  - [] - HikariPool-1 - Start completed.
2024-10-04 15:56:23,996 .internal.JtaPlatformInitiator -      initiateService:59   - INFO  - [] - HHH000489: No JTA platform available (set 'hibernate.transaction.jta.platform' to enable JTA platform integration)
2024-10-04 15:56:23,999 tainerEntityManagerFactoryBean - EntityManagerFactory:437  - INFO  - [] - Initialized JPA EntityManagerFactory for persistence unit 'default'
2024-10-04 15:56:24,999 figuration$JpaWebConfiguration - gerInViewInterceptor:236  - WARN  - [] - spring.jpa.open-in-view is enabled by default. Therefore, database queries may be performed during view rendering. Explicitly configure spring.jpa.open-in-view to disable this warning
2024-10-04 15:56:25,182 tTemplateResolverConfiguration - mplateLocationExists:101  - WARN  - [] - Cannot find template location: classpath:/templates/ (please add some templates, check your Thymeleaf configuration, or set spring.thymeleaf.check-template-location=false)
2024-10-04 15:56:25,397 oyote.http11.Http11NioProtocol -                  log:173  - INFO  - [] - Starting ProtocolHandler ["http-nio-8080"]
2024-10-04 15:56:25,412 mbedded.tomcat.TomcatWebServer -                start:243  - INFO  - [] - Tomcat started on port 8080 (http) with context path '/vnpay'
2024-10-04 15:56:25,424 .bank_demo.BankDemoApplication -           logStarted:56   - INFO  - [] - Started BankDemoApplication in 5.541 seconds (process running for 6.379)
2024-10-04 15:56:44,053 .[Tomcat].[localhost].[/vnpay] -                  log:173  - INFO  - [] - Initializing Spring DispatcherServlet 'dispatcherServlet'
2024-10-04 15:56:44,053 .web.servlet.DispatcherServlet -      initServletBean:532  - INFO  - [] - Initializing Servlet 'dispatcherServlet'
2024-10-04 15:56:44,056 .web.servlet.DispatcherServlet -      initServletBean:554  - INFO  - [] - Completed initialization in 2 ms
2024-10-04 15:56:44,269 mo.service.impl.PayServiceImpl -        createPayment:43   - INFO  - [] - Begin create-payment: {
  "tokenKey": "ey7CnpknHkmhWmcvqTxnknUOaewJgKkB4\u003d",
  "apiId": "restPayment",
  "mobile": "0345225630",
  "bankCode": "98765432",
  "privateKey": "87654321",
  "accountNo": "0001100014211002",
  "payDate": "20230918124530",
  "additionalData": "11",
  "debitAmount": 11300,
  "respCode": "00",
  "respDesc": "SUCCESS",
  "traceTransfer": "FT19310RH6P1",
  "messageType": "1",
  "checkSum": "a66f9c27ddc8bee82c50b5603cbb861eae7b3c26e7a5a75047268058898c7f41",
  "orderCode": "FT19310RH6P1",
  "userName": "cntest001",
  "realAmount": 11200,
  "promotionCode": "ABCXYZ",
  "addValue": "{\"payMethod\":\"01\",\"payMethodMMS\":1}"
}
2024-10-04 15:56:45,016 ay.bank_demo.util.CheckSumUtil -    calculateCheckSum:26   - INFO  - [] - Checksum: a66f9c27ddc8bee82c50b5603cbb861eae7b3c26e7a5a75047268058898c7f41
2024-10-04 15:56:45,018 mo.service.impl.PayServiceImpl -     validateCheckSum:147  - INFO  - [] - Checksum request: a66f9c27ddc8bee82c50b5603cbb861eae7b3c26e7a5a75047268058898c7f41
2024-10-04 15:56:45,024 ction.CachingConnectionFactory -      connectHostPort:682  - INFO  - [] - Attempting to connect to: 127.0.0.1:5672
2024-10-04 15:56:45,081 ction.CachingConnectionFactory - createBareConnection:608  - INFO  - [] - Created new connection: cachingConnectionFactory#466f7259:0/SimpleConnection@4dbe533f [delegate=amqp://guest@127.0.0.1:5672/, localPort=56316]
2024-10-04 15:56:45,091 k.amqp.rabbit.core.RabbitAdmin -           initialize:686  - INFO  - [] - Auto-declaring a non-durable, auto-delete, or exclusive Queue (myQueue) durable:false, auto-delete:false, exclusive:false. It will be redeclared if the broker stops and is restarted while the connection factory is alive, but all messages will be lost.
2024-10-04 15:56:45,130 eplyToMessageListenerContainer -          actualStart:471  - INFO  - [] - Container initialized for queues: [amq.rabbitmq.reply-to]
2024-10-04 15:56:45,141 eplyToMessageListenerContainer -   doConsumeFromQueue:769  - INFO  - [] - SimpleConsumer [queue=amq.rabbitmq.reply-to, index=0, consumerTag=amq.ctag-0m1WHZy90GwDepB7qRQerg identity=408f002f] started
2024-10-04 15:56:45,430 mo.service.impl.PayServiceImpl -    setDataToRabbitMQ:92   - ERROR - [] - Unexpected error: 
java.lang.SecurityException: Attempt to deserialize unauthorized class vn.vnpay.common.PaymentConsumerResponse; add allowed class name patterns to the message converter or, if you trust the message originator, set environment variable 'SPRING_AMQP_DESERIALIZATION_TRUST_ALL' or system property 'spring.amqp.deserialization.trust.all' to true
	at org.springframework.amqp.utils.SerializationUtils.checkAllowedList(SerializationUtils.java:164)
	at org.springframework.amqp.support.converter.AllowedListDeserializingMessageConverter.checkAllowedList(AllowedListDeserializingMessageConverter.java:61)
	at org.springframework.amqp.support.converter.SimpleMessageConverter$1.resolveClass(SimpleMessageConverter.java:160)
	at java.base/java.io.ObjectInputStream.readNonProxyDesc(ObjectInputStream.java:2034)
	at java.base/java.io.ObjectInputStream.readClassDesc(ObjectInputStream.java:1898)
	at java.base/java.io.ObjectInputStream.readOrdinaryObject(ObjectInputStream.java:2224)
	at java.base/java.io.ObjectInputStream.readObject0(ObjectInputStream.java:1733)
	at java.base/java.io.ObjectInputStream.readObject(ObjectInputStream.java:509)
	at java.base/java.io.ObjectInputStream.readObject(ObjectInputStream.java:467)
	at org.springframework.amqp.utils.SerializationUtils.deserialize(SerializationUtils.java:102)
	at org.springframework.amqp.support.converter.SimpleMessageConverter.fromMessage(SimpleMessageConverter.java:93)
	at org.springframework.amqp.rabbit.core.RabbitTemplate.convertSendAndReceive(RabbitTemplate.java:1755)
	at org.springframework.amqp.rabbit.core.RabbitTemplate.convertSendAndReceive(RabbitTemplate.java:1684)
	at org.springframework.amqp.rabbit.core.RabbitTemplate.convertSendAndReceive(RabbitTemplate.java:1676)
	at vn.vnpay.bank_demo.service.impl.PayServiceImpl.setDataToRabbitMQ(PayServiceImpl.java:75)
	at vn.vnpay.bank_demo.service.impl.PayServiceImpl.createPayment(PayServiceImpl.java:64)
	at vn.vnpay.bank_demo.controller.payment.PayController.restPayment(PayController.java:24)
	at java.base/jdk.internal.reflect.NativeMethodAccessorImpl.invoke0(Native Method)
	at java.base/jdk.internal.reflect.NativeMethodAccessorImpl.invoke(NativeMethodAccessorImpl.java:77)
	at java.base/jdk.internal.reflect.DelegatingMethodAccessorImpl.invoke(DelegatingMethodAccessorImpl.java:43)
	at java.base/java.lang.reflect.Method.invoke(Method.java:568)
	at org.springframework.web.method.support.InvocableHandlerMethod.doInvoke(InvocableHandlerMethod.java:255)
	at org.springframework.web.method.support.InvocableHandlerMethod.invokeForRequest(InvocableHandlerMethod.java:188)
	at org.springframework.web.servlet.mvc.method.annotation.ServletInvocableHandlerMethod.invokeAndHandle(ServletInvocableHandlerMethod.java:118)
	at org.springframework.web.servlet.mvc.method.annotation.RequestMappingHandlerAdapter.invokeHandlerMethod(RequestMappingHandlerAdapter.java:926)
	at org.springframework.web.servlet.mvc.method.annotation.RequestMappingHandlerAdapter.handleInternal(RequestMappingHandlerAdapter.java:831)
	at org.springframework.web.servlet.mvc.method.AbstractHandlerMethodAdapter.handle(AbstractHandlerMethodAdapter.java:87)
	at org.springframework.web.servlet.DispatcherServlet.doDispatch(DispatcherServlet.java:1089)
	at org.springframework.web.servlet.DispatcherServlet.doService(DispatcherServlet.java:979)
	at org.springframework.web.servlet.FrameworkServlet.processRequest(FrameworkServlet.java:1014)
	at org.springframework.web.servlet.FrameworkServlet.doPost(FrameworkServlet.java:914)
	at jakarta.servlet.http.HttpServlet.service(HttpServlet.java:590)
	at org.springframework.web.servlet.FrameworkServlet.service(FrameworkServlet.java:885)
	at jakarta.servlet.http.HttpServlet.service(HttpServlet.java:658)
	at org.apache.catalina.core.ApplicationFilterChain.internalDoFilter(ApplicationFilterChain.java:195)
	at org.apache.catalina.core.ApplicationFilterChain.doFilter(ApplicationFilterChain.java:140)
	at org.apache.tomcat.websocket.server.WsFilter.doFilter(WsFilter.java:51)
	at org.apache.catalina.core.ApplicationFilterChain.internalDoFilter(ApplicationFilterChain.java:164)
	at org.apache.catalina.core.ApplicationFilterChain.doFilter(ApplicationFilterChain.java:140)
	at org.springframework.web.filter.RequestContextFilter.doFilterInternal(RequestContextFilter.java:100)
	at org.springframework.web.filter.OncePerRequestFilter.doFilter(OncePerRequestFilter.java:116)
	at org.apache.catalina.core.ApplicationFilterChain.internalDoFilter(ApplicationFilterChain.java:164)
	at org.apache.catalina.core.ApplicationFilterChain.doFilter(ApplicationFilterChain.java:140)
	at org.springframework.web.filter.FormContentFilter.doFilterInternal(FormContentFilter.java:93)
	at org.springframework.web.filter.OncePerRequestFilter.doFilter(OncePerRequestFilter.java:116)
	at org.apache.catalina.core.ApplicationFilterChain.internalDoFilter(ApplicationFilterChain.java:164)
	at org.apache.catalina.core.ApplicationFilterChain.doFilter(ApplicationFilterChain.java:140)
	at org.springframework.web.filter.CharacterEncodingFilter.doFilterInternal(CharacterEncodingFilter.java:201)
	at org.springframework.web.filter.OncePerRequestFilter.doFilter(OncePerRequestFilter.java:116)
	at org.apache.catalina.core.ApplicationFilterChain.internalDoFilter(ApplicationFilterChain.java:164)
	at org.apache.catalina.core.ApplicationFilterChain.doFilter(ApplicationFilterChain.java:140)
	at org.apache.catalina.core.StandardWrapperValve.invoke(StandardWrapperValve.java:167)
	at org.apache.catalina.core.StandardContextValve.invoke(StandardContextValve.java:90)
	at org.apache.catalina.authenticator.AuthenticatorBase.invoke(AuthenticatorBase.java:483)
	at org.apache.catalina.core.StandardHostValve.invoke(StandardHostValve.java:115)
	at org.apache.catalina.valves.ErrorReportValve.invoke(ErrorReportValve.java:93)
	at org.apache.catalina.core.StandardEngineValve.invoke(StandardEngineValve.java:74)
	at org.apache.catalina.connector.CoyoteAdapter.service(CoyoteAdapter.java:344)
	at org.apache.coyote.http11.Http11Processor.service(Http11Processor.java:384)
	at org.apache.coyote.AbstractProcessorLight.process(AbstractProcessorLight.java:63)
	at org.apache.coyote.AbstractProtocol$ConnectionHandler.process(AbstractProtocol.java:904)
	at org.apache.tomcat.util.net.NioEndpoint$SocketProcessor.doRun(NioEndpoint.java:1741)
	at org.apache.tomcat.util.net.SocketProcessorBase.run(SocketProcessorBase.java:52)
	at org.apache.tomcat.util.threads.ThreadPoolExecutor.runWorker(ThreadPoolExecutor.java:1190)
	at org.apache.tomcat.util.threads.ThreadPoolExecutor$Worker.run(ThreadPoolExecutor.java:659)
	at org.apache.tomcat.util.threads.TaskThread$WrappingRunnable.run(TaskThread.java:63)
	at java.base/java.lang.Thread.run(Thread.java:833)
2024-10-04 15:56:45,439 ay.bank_demo.util.CheckSumUtil -    calculateCheckSum:26   - INFO  - [] - Checksum: 6504b5da5ed4cfe7323b0fa06bfdb6242f1be565f3319fa7e6b73bc29550ba8b
2024-10-04 15:57:19,232 eplyToMessageListenerContainer - nAndWaitOrCallback$7:871  - INFO  - [] - Successfully waited for consumers to finish.
2024-10-04 15:57:19,241 tainerEntityManagerFactoryBean -              destroy:650  - INFO  - [] - Closing JPA EntityManagerFactory for persistence unit 'default'
2024-10-04 15:57:19,243 zaxxer.hikari.HikariDataSource -                close:349  - INFO  - [] - HikariPool-1 - Shutdown initiated...
2024-10-04 15:57:19,251 zaxxer.hikari.HikariDataSource -                close:351  - INFO  - [] - HikariPool-1 - Shutdown completed.
2024-10-04 15:57:24,992 alidator.internal.util.Version -             <clinit>:21   - INFO  - [] - HV000001: Hibernate Validator 8.0.1.Final
2024-10-04 15:57:25,043 .bank_demo.BankDemoApplication -          logStarting:50   - INFO  - [] - Starting BankDemoApplication using Java 17.0.8.1 with PID 15956 (D:\VNPay\TTS\bank_demo\target\classes started by MSI in D:\VNPay\TTS\bank_demo)
2024-10-04 15:57:25,045 .bank_demo.BankDemoApplication - ogStartupProfileInfo:654  - INFO  - [] - No active profile set, falling back to 1 default profile: "default"
2024-10-04 15:57:25,773 epositoryConfigurationDelegate - ltipleStoresDetected:295  - INFO  - [] - Multiple Spring Data modules found, entering strict repository configuration mode
2024-10-04 15:57:25,775 epositoryConfigurationDelegate - gisterRepositoriesIn:143  - INFO  - [] - Bootstrapping Spring Data JPA repositories in DEFAULT mode.
2024-10-04 15:57:25,913 epositoryConfigurationDelegate - gisterRepositoriesIn:211  - INFO  - [] - Finished Spring Data repository scanning in 131 ms. Found 2 JPA repository interfaces.
2024-10-04 15:57:25,929 epositoryConfigurationDelegate - ltipleStoresDetected:295  - INFO  - [] - Multiple Spring Data modules found, entering strict repository configuration mode
2024-10-04 15:57:25,931 epositoryConfigurationDelegate - gisterRepositoriesIn:143  - INFO  - [] - Bootstrapping Spring Data Redis repositories in DEFAULT mode.
2024-10-04 15:57:25,950 yConfigurationExtensionSupport - tRepositoryCandidate:320  - INFO  - [] - Spring Data Redis - Could not safely identify store assignment for repository candidate interface vn.vnpay.bank_demo.repository.PaymentRepository; If you want this repository to be a Redis repository, consider annotating your entities with one of these annotations: org.springframework.data.redis.core.RedisHash (preferred), or consider extending one of the following types with your repository: org.springframework.data.keyvalue.repository.KeyValueRepository
2024-10-04 15:57:25,951 yConfigurationExtensionSupport - tRepositoryCandidate:320  - INFO  - [] - Spring Data Redis - Could not safely identify store assignment for repository candidate interface vn.vnpay.bank_demo.repository.UsersRepository; If you want this repository to be a Redis repository, consider annotating your entities with one of these annotations: org.springframework.data.redis.core.RedisHash (preferred), or consider extending one of the following types with your repository: org.springframework.data.keyvalue.repository.KeyValueRepository
2024-10-04 15:57:25,951 epositoryConfigurationDelegate - gisterRepositoriesIn:211  - INFO  - [] - Finished Spring Data repository scanning in 11 ms. Found 0 Redis repository interfaces.
2024-10-04 15:57:26,481 mbedded.tomcat.TomcatWebServer -           initialize:111  - INFO  - [] - Tomcat initialized with port 8080 (http)
2024-10-04 15:57:26,489 oyote.http11.Http11NioProtocol -                  log:173  - INFO  - [] - Initializing ProtocolHandler ["http-nio-8080"]
2024-10-04 15:57:26,491 .catalina.core.StandardService -                  log:173  - INFO  - [] - Starting service [Tomcat]
2024-10-04 15:57:26,491 e.catalina.core.StandardEngine -                  log:173  - INFO  - [] - Starting Servlet engine: [Apache Tomcat/10.1.28]
2024-10-04 15:57:26,565 .[Tomcat].[localhost].[/vnpay] -                  log:173  - INFO  - [] - Initializing Spring embedded WebApplicationContext
2024-10-04 15:57:26,565 letWebServerApplicationContext - ebApplicationContext:296  - INFO  - [] - Root WebApplicationContext: initialization completed in 1474 ms
2024-10-04 15:57:26,847 te.jpa.internal.util.LogHelper - tenceUnitInformation:31   - INFO  - [] - HHH000204: Processing PersistenceUnitInfo [name: default]
2024-10-04 15:57:26,904 org.hibernate.Version          -           logVersion:44   - INFO  - [] - HHH000412: Hibernate ORM core version 6.5.2.Final
2024-10-04 15:57:26,944 nternal.RegionFactoryInitiator -      initiateService:50   - INFO  - [] - HHH000026: Second-level cache disabled
2024-10-04 15:57:27,263 unit.SpringPersistenceUnitInfo -       addTransformer:87   - INFO  - [] - No LoadTimeWeaver setup: ignoring JPA class transformer
2024-10-04 15:57:27,290 zaxxer.hikari.HikariDataSource -        getConnection:109  - INFO  - [] - HikariPool-1 - Starting...
2024-10-04 15:57:27,639 .zaxxer.hikari.pool.HikariPool -        checkFailFast:554  - INFO  - [] - HikariPool-1 - Added connection ConnectionID:1 ClientConnectionId: 2589fadd-4980-4fdb-b3df-ffcfdab26e7d
2024-10-04 15:57:27,641 zaxxer.hikari.HikariDataSource -        getConnection:122  - INFO  - [] - HikariPool-1 - Start completed.
2024-10-04 15:57:28,884 .internal.JtaPlatformInitiator -      initiateService:59   - INFO  - [] - HHH000489: No JTA platform available (set 'hibernate.transaction.jta.platform' to enable JTA platform integration)
2024-10-04 15:57:28,887 tainerEntityManagerFactoryBean - EntityManagerFactory:437  - INFO  - [] - Initialized JPA EntityManagerFactory for persistence unit 'default'
2024-10-04 15:57:30,286 figuration$JpaWebConfiguration - gerInViewInterceptor:236  - WARN  - [] - spring.jpa.open-in-view is enabled by default. Therefore, database queries may be performed during view rendering. Explicitly configure spring.jpa.open-in-view to disable this warning
2024-10-04 15:57:30,628 tTemplateResolverConfiguration - mplateLocationExists:101  - WARN  - [] - Cannot find template location: classpath:/templates/ (please add some templates, check your Thymeleaf configuration, or set spring.thymeleaf.check-template-location=false)
2024-10-04 15:57:30,992 oyote.http11.Http11NioProtocol -                  log:173  - INFO  - [] - Starting ProtocolHandler ["http-nio-8080"]
2024-10-04 15:57:31,023 mbedded.tomcat.TomcatWebServer -                start:243  - INFO  - [] - Tomcat started on port 8080 (http) with context path '/vnpay'
2024-10-04 15:57:31,045 .bank_demo.BankDemoApplication -           logStarted:56   - INFO  - [] - Started BankDemoApplication in 6.697 seconds (process running for 7.447)
2024-10-04 15:58:20,619 .[Tomcat].[localhost].[/vnpay] -                  log:173  - INFO  - [] - Initializing Spring DispatcherServlet 'dispatcherServlet'
2024-10-04 15:58:20,620 .web.servlet.DispatcherServlet -      initServletBean:532  - INFO  - [] - Initializing Servlet 'dispatcherServlet'
2024-10-04 15:58:20,623 .web.servlet.DispatcherServlet -      initServletBean:554  - INFO  - [] - Completed initialization in 2 ms
2024-10-04 15:58:20,797 mo.service.impl.PayServiceImpl -        createPayment:43   - INFO  - [] - Begin create-payment: {
  "tokenKey": "ey7CnpknHkmhWmcvqTxnknUOaewJgkB4\u003d",
  "apiId": "restPayment",
  "mobile": "0345225630",
  "bankCode": "98765432",
  "privateKey": "87654321",
  "accountNo": "0001100014211002",
  "payDate": "20230918124530",
  "additionalData": "11",
  "debitAmount": 11300,
  "respCode": "00",
  "respDesc": "SUCCESS",
  "traceTransfer": "FT19310RH6P1",
  "messageType": "1",
  "checkSum": "a66f9c27ddc8bee82c50b5603cbb861eae7b3c26e7a5a75047268058898c7f41",
  "orderCode": "FT19310RH6P1",
  "userName": "cntest001",
  "realAmount": 11200,
  "promotionCode": "ABCXYZ",
  "addValue": "{\"payMethod\":\"01\",\"payMethodMMS\":1}"
}
2024-10-04 15:58:21,405 ay.bank_demo.util.CheckSumUtil -    calculateCheckSum:26   - INFO  - [] - Checksum: a66f9c27ddc8bee82c50b5603cbb861eae7b3c26e7a5a75047268058898c7f41
2024-10-04 15:58:21,405 mo.service.impl.PayServiceImpl -     validateCheckSum:147  - INFO  - [] - Checksum request: a66f9c27ddc8bee82c50b5603cbb861eae7b3c26e7a5a75047268058898c7f41
2024-10-04 15:58:21,411 ction.CachingConnectionFactory -      connectHostPort:682  - INFO  - [] - Attempting to connect to: 127.0.0.1:5672
2024-10-04 15:58:21,475 ction.CachingConnectionFactory - createBareConnection:608  - INFO  - [] - Created new connection: cachingConnectionFactory#15ec3c0c:0/SimpleConnection@212e30c5 [delegate=amqp://guest@127.0.0.1:5672/, localPort=56382]
2024-10-04 15:58:21,489 k.amqp.rabbit.core.RabbitAdmin -           initialize:686  - INFO  - [] - Auto-declaring a non-durable, auto-delete, or exclusive Queue (myQueue) durable:false, auto-delete:false, exclusive:false. It will be redeclared if the broker stops and is restarted while the connection factory is alive, but all messages will be lost.
2024-10-04 15:58:21,533 eplyToMessageListenerContainer -          actualStart:471  - INFO  - [] - Container initialized for queues: [amq.rabbitmq.reply-to]
2024-10-04 15:58:21,549 eplyToMessageListenerContainer -   doConsumeFromQueue:769  - INFO  - [] - SimpleConsumer [queue=amq.rabbitmq.reply-to, index=0, consumerTag=amq.ctag-Q6wZVj3XrZHBvlOgZbFD8w identity=3c6b00b9] started
2024-10-04 15:58:21,857 mo.service.impl.PayServiceImpl -    setDataToRabbitMQ:92   - ERROR - [] - Unexpected error: 
java.lang.SecurityException: Attempt to deserialize unauthorized class vn.vnpay.common.PaymentConsumerResponse; add allowed class name patterns to the message converter or, if you trust the message originator, set environment variable 'SPRING_AMQP_DESERIALIZATION_TRUST_ALL' or system property 'spring.amqp.deserialization.trust.all' to true
	at org.springframework.amqp.utils.SerializationUtils.checkAllowedList(SerializationUtils.java:164)
	at org.springframework.amqp.support.converter.AllowedListDeserializingMessageConverter.checkAllowedList(AllowedListDeserializingMessageConverter.java:61)
	at org.springframework.amqp.support.converter.SimpleMessageConverter$1.resolveClass(SimpleMessageConverter.java:160)
	at java.base/java.io.ObjectInputStream.readNonProxyDesc(ObjectInputStream.java:2034)
	at java.base/java.io.ObjectInputStream.readClassDesc(ObjectInputStream.java:1898)
	at java.base/java.io.ObjectInputStream.readOrdinaryObject(ObjectInputStream.java:2224)
	at java.base/java.io.ObjectInputStream.readObject0(ObjectInputStream.java:1733)
	at java.base/java.io.ObjectInputStream.readObject(ObjectInputStream.java:509)
	at java.base/java.io.ObjectInputStream.readObject(ObjectInputStream.java:467)
	at org.springframework.amqp.utils.SerializationUtils.deserialize(SerializationUtils.java:102)
	at org.springframework.amqp.support.converter.SimpleMessageConverter.fromMessage(SimpleMessageConverter.java:93)
	at org.springframework.amqp.rabbit.core.RabbitTemplate.convertSendAndReceive(RabbitTemplate.java:1755)
	at org.springframework.amqp.rabbit.core.RabbitTemplate.convertSendAndReceive(RabbitTemplate.java:1684)
	at org.springframework.amqp.rabbit.core.RabbitTemplate.convertSendAndReceive(RabbitTemplate.java:1676)
	at vn.vnpay.bank_demo.service.impl.PayServiceImpl.setDataToRabbitMQ(PayServiceImpl.java:75)
	at vn.vnpay.bank_demo.service.impl.PayServiceImpl.createPayment(PayServiceImpl.java:64)
	at vn.vnpay.bank_demo.controller.payment.PayController.restPayment(PayController.java:24)
	at java.base/jdk.internal.reflect.NativeMethodAccessorImpl.invoke0(Native Method)
	at java.base/jdk.internal.reflect.NativeMethodAccessorImpl.invoke(NativeMethodAccessorImpl.java:77)
	at java.base/jdk.internal.reflect.DelegatingMethodAccessorImpl.invoke(DelegatingMethodAccessorImpl.java:43)
	at java.base/java.lang.reflect.Method.invoke(Method.java:568)
	at org.springframework.web.method.support.InvocableHandlerMethod.doInvoke(InvocableHandlerMethod.java:255)
	at org.springframework.web.method.support.InvocableHandlerMethod.invokeForRequest(InvocableHandlerMethod.java:188)
	at org.springframework.web.servlet.mvc.method.annotation.ServletInvocableHandlerMethod.invokeAndHandle(ServletInvocableHandlerMethod.java:118)
	at org.springframework.web.servlet.mvc.method.annotation.RequestMappingHandlerAdapter.invokeHandlerMethod(RequestMappingHandlerAdapter.java:926)
	at org.springframework.web.servlet.mvc.method.annotation.RequestMappingHandlerAdapter.handleInternal(RequestMappingHandlerAdapter.java:831)
	at org.springframework.web.servlet.mvc.method.AbstractHandlerMethodAdapter.handle(AbstractHandlerMethodAdapter.java:87)
	at org.springframework.web.servlet.DispatcherServlet.doDispatch(DispatcherServlet.java:1089)
	at org.springframework.web.servlet.DispatcherServlet.doService(DispatcherServlet.java:979)
	at org.springframework.web.servlet.FrameworkServlet.processRequest(FrameworkServlet.java:1014)
	at org.springframework.web.servlet.FrameworkServlet.doPost(FrameworkServlet.java:914)
	at jakarta.servlet.http.HttpServlet.service(HttpServlet.java:590)
	at org.springframework.web.servlet.FrameworkServlet.service(FrameworkServlet.java:885)
	at jakarta.servlet.http.HttpServlet.service(HttpServlet.java:658)
	at org.apache.catalina.core.ApplicationFilterChain.internalDoFilter(ApplicationFilterChain.java:195)
	at org.apache.catalina.core.ApplicationFilterChain.doFilter(ApplicationFilterChain.java:140)
	at org.apache.tomcat.websocket.server.WsFilter.doFilter(WsFilter.java:51)
	at org.apache.catalina.core.ApplicationFilterChain.internalDoFilter(ApplicationFilterChain.java:164)
	at org.apache.catalina.core.ApplicationFilterChain.doFilter(ApplicationFilterChain.java:140)
	at org.springframework.web.filter.RequestContextFilter.doFilterInternal(RequestContextFilter.java:100)
	at org.springframework.web.filter.OncePerRequestFilter.doFilter(OncePerRequestFilter.java:116)
	at org.apache.catalina.core.ApplicationFilterChain.internalDoFilter(ApplicationFilterChain.java:164)
	at org.apache.catalina.core.ApplicationFilterChain.doFilter(ApplicationFilterChain.java:140)
	at org.springframework.web.filter.FormContentFilter.doFilterInternal(FormContentFilter.java:93)
	at org.springframework.web.filter.OncePerRequestFilter.doFilter(OncePerRequestFilter.java:116)
	at org.apache.catalina.core.ApplicationFilterChain.internalDoFilter(ApplicationFilterChain.java:164)
	at org.apache.catalina.core.ApplicationFilterChain.doFilter(ApplicationFilterChain.java:140)
	at org.springframework.web.filter.CharacterEncodingFilter.doFilterInternal(CharacterEncodingFilter.java:201)
	at org.springframework.web.filter.OncePerRequestFilter.doFilter(OncePerRequestFilter.java:116)
	at org.apache.catalina.core.ApplicationFilterChain.internalDoFilter(ApplicationFilterChain.java:164)
	at org.apache.catalina.core.ApplicationFilterChain.doFilter(ApplicationFilterChain.java:140)
	at org.apache.catalina.core.StandardWrapperValve.invoke(StandardWrapperValve.java:167)
	at org.apache.catalina.core.StandardContextValve.invoke(StandardContextValve.java:90)
	at org.apache.catalina.authenticator.AuthenticatorBase.invoke(AuthenticatorBase.java:483)
	at org.apache.catalina.core.StandardHostValve.invoke(StandardHostValve.java:115)
	at org.apache.catalina.valves.ErrorReportValve.invoke(ErrorReportValve.java:93)
	at org.apache.catalina.core.StandardEngineValve.invoke(StandardEngineValve.java:74)
	at org.apache.catalina.connector.CoyoteAdapter.service(CoyoteAdapter.java:344)
	at org.apache.coyote.http11.Http11Processor.service(Http11Processor.java:384)
	at org.apache.coyote.AbstractProcessorLight.process(AbstractProcessorLight.java:63)
	at org.apache.coyote.AbstractProtocol$ConnectionHandler.process(AbstractProtocol.java:904)
	at org.apache.tomcat.util.net.NioEndpoint$SocketProcessor.doRun(NioEndpoint.java:1741)
	at org.apache.tomcat.util.net.SocketProcessorBase.run(SocketProcessorBase.java:52)
	at org.apache.tomcat.util.threads.ThreadPoolExecutor.runWorker(ThreadPoolExecutor.java:1190)
	at org.apache.tomcat.util.threads.ThreadPoolExecutor$Worker.run(ThreadPoolExecutor.java:659)
	at org.apache.tomcat.util.threads.TaskThread$WrappingRunnable.run(TaskThread.java:63)
	at java.base/java.lang.Thread.run(Thread.java:833)
2024-10-04 15:58:21,865 ay.bank_demo.util.CheckSumUtil -    calculateCheckSum:26   - INFO  - [] - Checksum: 6504b5da5ed4cfe7323b0fa06bfdb6242f1be565f3319fa7e6b73bc29550ba8b
2024-10-04 15:59:26,260 eplyToMessageListenerContainer - nAndWaitOrCallback$7:871  - INFO  - [] - Successfully waited for consumers to finish.
2024-10-04 15:59:26,272 tainerEntityManagerFactoryBean -              destroy:650  - INFO  - [] - Closing JPA EntityManagerFactory for persistence unit 'default'
2024-10-04 15:59:26,274 zaxxer.hikari.HikariDataSource -                close:349  - INFO  - [] - HikariPool-1 - Shutdown initiated...
2024-10-04 15:59:26,286 zaxxer.hikari.HikariDataSource -                close:351  - INFO  - [] - HikariPool-1 - Shutdown completed.
2024-10-04 15:59:29,298 alidator.internal.util.Version -             <clinit>:21   - INFO  - [] - HV000001: Hibernate Validator 8.0.1.Final
2024-10-04 15:59:29,350 .bank_demo.BankDemoApplication -          logStarting:50   - INFO  - [] - Starting BankDemoApplication using Java 17.0.8.1 with PID 12928 (D:\VNPay\TTS\bank_demo\target\classes started by MSI in D:\VNPay\TTS\bank_demo)
2024-10-04 15:59:29,352 .bank_demo.BankDemoApplication - ogStartupProfileInfo:654  - INFO  - [] - No active profile set, falling back to 1 default profile: "default"
2024-10-04 15:59:30,186 epositoryConfigurationDelegate - ltipleStoresDetected:295  - INFO  - [] - Multiple Spring Data modules found, entering strict repository configuration mode
2024-10-04 15:59:30,188 epositoryConfigurationDelegate - gisterRepositoriesIn:143  - INFO  - [] - Bootstrapping Spring Data JPA repositories in DEFAULT mode.
2024-10-04 15:59:30,315 epositoryConfigurationDelegate - gisterRepositoriesIn:211  - INFO  - [] - Finished Spring Data repository scanning in 120 ms. Found 2 JPA repository interfaces.
2024-10-04 15:59:30,343 epositoryConfigurationDelegate - ltipleStoresDetected:295  - INFO  - [] - Multiple Spring Data modules found, entering strict repository configuration mode
2024-10-04 15:59:30,346 epositoryConfigurationDelegate - gisterRepositoriesIn:143  - INFO  - [] - Bootstrapping Spring Data Redis repositories in DEFAULT mode.
2024-10-04 15:59:30,372 yConfigurationExtensionSupport - tRepositoryCandidate:320  - INFO  - [] - Spring Data Redis - Could not safely identify store assignment for repository candidate interface vn.vnpay.bank_demo.repository.PaymentRepository; If you want this repository to be a Redis repository, consider annotating your entities with one of these annotations: org.springframework.data.redis.core.RedisHash (preferred), or consider extending one of the following types with your repository: org.springframework.data.keyvalue.repository.KeyValueRepository
2024-10-04 15:59:30,373 yConfigurationExtensionSupport - tRepositoryCandidate:320  - INFO  - [] - Spring Data Redis - Could not safely identify store assignment for repository candidate interface vn.vnpay.bank_demo.repository.UsersRepository; If you want this repository to be a Redis repository, consider annotating your entities with one of these annotations: org.springframework.data.redis.core.RedisHash (preferred), or consider extending one of the following types with your repository: org.springframework.data.keyvalue.repository.KeyValueRepository
2024-10-04 15:59:30,373 epositoryConfigurationDelegate - gisterRepositoriesIn:211  - INFO  - [] - Finished Spring Data repository scanning in 14 ms. Found 0 Redis repository interfaces.
2024-10-04 15:59:30,921 mbedded.tomcat.TomcatWebServer -           initialize:111  - INFO  - [] - Tomcat initialized with port 8080 (http)
2024-10-04 15:59:30,929 oyote.http11.Http11NioProtocol -                  log:173  - INFO  - [] - Initializing ProtocolHandler ["http-nio-8080"]
2024-10-04 15:59:30,931 .catalina.core.StandardService -                  log:173  - INFO  - [] - Starting service [Tomcat]
2024-10-04 15:59:30,932 e.catalina.core.StandardEngine -                  log:173  - INFO  - [] - Starting Servlet engine: [Apache Tomcat/10.1.28]
2024-10-04 15:59:31,019 .[Tomcat].[localhost].[/vnpay] -                  log:173  - INFO  - [] - Initializing Spring embedded WebApplicationContext
2024-10-04 15:59:31,020 letWebServerApplicationContext - ebApplicationContext:296  - INFO  - [] - Root WebApplicationContext: initialization completed in 1616 ms
2024-10-04 15:59:31,241 te.jpa.internal.util.LogHelper - tenceUnitInformation:31   - INFO  - [] - HHH000204: Processing PersistenceUnitInfo [name: default]
2024-10-04 15:59:31,286 org.hibernate.Version          -           logVersion:44   - INFO  - [] - HHH000412: Hibernate ORM core version 6.5.2.Final
2024-10-04 15:59:31,313 nternal.RegionFactoryInitiator -      initiateService:50   - INFO  - [] - HHH000026: Second-level cache disabled
2024-10-04 15:59:31,631 unit.SpringPersistenceUnitInfo -       addTransformer:87   - INFO  - [] - No LoadTimeWeaver setup: ignoring JPA class transformer
2024-10-04 15:59:31,655 zaxxer.hikari.HikariDataSource -        getConnection:109  - INFO  - [] - HikariPool-1 - Starting...
2024-10-04 15:59:31,943 .zaxxer.hikari.pool.HikariPool -        checkFailFast:554  - INFO  - [] - HikariPool-1 - Added connection ConnectionID:1 ClientConnectionId: c3148ab9-82d1-45fa-a9e7-e27b0789c535
2024-10-04 15:59:31,945 zaxxer.hikari.HikariDataSource -        getConnection:122  - INFO  - [] - HikariPool-1 - Start completed.
2024-10-04 15:59:32,970 .internal.JtaPlatformInitiator -      initiateService:59   - INFO  - [] - HHH000489: No JTA platform available (set 'hibernate.transaction.jta.platform' to enable JTA platform integration)
2024-10-04 15:59:32,972 tainerEntityManagerFactoryBean - EntityManagerFactory:437  - INFO  - [] - Initialized JPA EntityManagerFactory for persistence unit 'default'
2024-10-04 15:59:33,784 figuration$JpaWebConfiguration - gerInViewInterceptor:236  - WARN  - [] - spring.jpa.open-in-view is enabled by default. Therefore, database queries may be performed during view rendering. Explicitly configure spring.jpa.open-in-view to disable this warning
2024-10-04 15:59:33,968 tTemplateResolverConfiguration - mplateLocationExists:101  - WARN  - [] - Cannot find template location: classpath:/templates/ (please add some templates, check your Thymeleaf configuration, or set spring.thymeleaf.check-template-location=false)
2024-10-04 15:59:34,238 oyote.http11.Http11NioProtocol -                  log:173  - INFO  - [] - Starting ProtocolHandler ["http-nio-8080"]
2024-10-04 15:59:34,255 mbedded.tomcat.TomcatWebServer -                start:243  - INFO  - [] - Tomcat started on port 8080 (http) with context path '/vnpay'
2024-10-04 15:59:34,265 .bank_demo.BankDemoApplication -           logStarted:56   - INFO  - [] - Started BankDemoApplication in 5.52 seconds (process running for 6.3)
2024-10-04 16:00:01,895 .[Tomcat].[localhost].[/vnpay] -                  log:173  - INFO  - [] - Initializing Spring DispatcherServlet 'dispatcherServlet'
2024-10-04 16:00:01,896 .web.servlet.DispatcherServlet -      initServletBean:532  - INFO  - [] - Initializing Servlet 'dispatcherServlet'
2024-10-04 16:00:01,898 .web.servlet.DispatcherServlet -      initServletBean:554  - INFO  - [] - Completed initialization in 2 ms
2024-10-04 16:00:02,101 mo.service.impl.PayServiceImpl -        createPayment:43   - INFO  - [] - Begin create-payment: {
  "tokenKey": "ey7CnpknHkmhWmcvqTxnknUOaewJgkB4\u003d",
  "apiId": "restPayment",
  "mobile": "0345225630",
  "bankCode": "98765432",
  "privateKey": "87654321",
  "accountNo": "0001100014211002",
  "payDate": "20230918124530",
  "additionalData": "11",
  "debitAmount": 11300,
  "respCode": "00",
  "respDesc": "SUCCESS",
  "traceTransfer": "FT19310RH6P1",
  "messageType": "1",
  "checkSum": "a66f9c27ddc8bee82c50b5603cbb861eae7b3c26e7a5a75047268058898c7f41",
  "orderCode": "FT19310RH6P1",
  "userName": "cntest001",
  "realAmount": 11200,
  "promotionCode": "ABCXYZ",
  "addValue": "{\"payMethod\":\"01\",\"payMethodMMS\":1}"
}
2024-10-04 16:00:02,804 ay.bank_demo.util.CheckSumUtil -    calculateCheckSum:26   - INFO  - [] - Checksum: a66f9c27ddc8bee82c50b5603cbb861eae7b3c26e7a5a75047268058898c7f41
2024-10-04 16:00:02,805 mo.service.impl.PayServiceImpl -     validateCheckSum:147  - INFO  - [] - Checksum request: a66f9c27ddc8bee82c50b5603cbb861eae7b3c26e7a5a75047268058898c7f41
2024-10-04 16:00:02,811 ction.CachingConnectionFactory -      connectHostPort:682  - INFO  - [] - Attempting to connect to: 127.0.0.1:5672
2024-10-04 16:00:02,877 ction.CachingConnectionFactory - createBareConnection:608  - INFO  - [] - Created new connection: cachingConnectionFactory#673a702a:0/SimpleConnection@12003ac8 [delegate=amqp://guest@127.0.0.1:5672/, localPort=56451]
2024-10-04 16:00:02,888 k.amqp.rabbit.core.RabbitAdmin -           initialize:686  - INFO  - [] - Auto-declaring a non-durable, auto-delete, or exclusive Queue (myQueue) durable:false, auto-delete:false, exclusive:false. It will be redeclared if the broker stops and is restarted while the connection factory is alive, but all messages will be lost.
2024-10-04 16:00:02,938 eplyToMessageListenerContainer -          actualStart:471  - INFO  - [] - Container initialized for queues: [amq.rabbitmq.reply-to]
2024-10-04 16:00:02,952 eplyToMessageListenerContainer -   doConsumeFromQueue:769  - INFO  - [] - SimpleConsumer [queue=amq.rabbitmq.reply-to, index=0, consumerTag=amq.ctag-3lSHniVbGT2Vyek87nFyag identity=38eede1a] started
2024-10-04 16:00:03,260 mo.service.impl.PayServiceImpl -    setDataToRabbitMQ:92   - ERROR - [] - Unexpected error: 
java.lang.SecurityException: Attempt to deserialize unauthorized class vn.vnpay.common.PaymentConsumerResponse; add allowed class name patterns to the message converter or, if you trust the message originator, set environment variable 'SPRING_AMQP_DESERIALIZATION_TRUST_ALL' or system property 'spring.amqp.deserialization.trust.all' to true
	at org.springframework.amqp.utils.SerializationUtils.checkAllowedList(SerializationUtils.java:164)
	at org.springframework.amqp.support.converter.AllowedListDeserializingMessageConverter.checkAllowedList(AllowedListDeserializingMessageConverter.java:61)
	at org.springframework.amqp.support.converter.SimpleMessageConverter$1.resolveClass(SimpleMessageConverter.java:160)
	at java.base/java.io.ObjectInputStream.readNonProxyDesc(ObjectInputStream.java:2034)
	at java.base/java.io.ObjectInputStream.readClassDesc(ObjectInputStream.java:1898)
	at java.base/java.io.ObjectInputStream.readOrdinaryObject(ObjectInputStream.java:2224)
	at java.base/java.io.ObjectInputStream.readObject0(ObjectInputStream.java:1733)
	at java.base/java.io.ObjectInputStream.readObject(ObjectInputStream.java:509)
	at java.base/java.io.ObjectInputStream.readObject(ObjectInputStream.java:467)
	at org.springframework.amqp.utils.SerializationUtils.deserialize(SerializationUtils.java:102)
	at org.springframework.amqp.support.converter.SimpleMessageConverter.fromMessage(SimpleMessageConverter.java:93)
	at org.springframework.amqp.rabbit.core.RabbitTemplate.convertSendAndReceive(RabbitTemplate.java:1755)
	at org.springframework.amqp.rabbit.core.RabbitTemplate.convertSendAndReceive(RabbitTemplate.java:1684)
	at org.springframework.amqp.rabbit.core.RabbitTemplate.convertSendAndReceive(RabbitTemplate.java:1676)
	at vn.vnpay.bank_demo.service.impl.PayServiceImpl.setDataToRabbitMQ(PayServiceImpl.java:75)
	at vn.vnpay.bank_demo.service.impl.PayServiceImpl.createPayment(PayServiceImpl.java:64)
	at vn.vnpay.bank_demo.controller.payment.PayController.restPayment(PayController.java:24)
	at java.base/jdk.internal.reflect.NativeMethodAccessorImpl.invoke0(Native Method)
	at java.base/jdk.internal.reflect.NativeMethodAccessorImpl.invoke(NativeMethodAccessorImpl.java:77)
	at java.base/jdk.internal.reflect.DelegatingMethodAccessorImpl.invoke(DelegatingMethodAccessorImpl.java:43)
	at java.base/java.lang.reflect.Method.invoke(Method.java:568)
	at org.springframework.web.method.support.InvocableHandlerMethod.doInvoke(InvocableHandlerMethod.java:255)
	at org.springframework.web.method.support.InvocableHandlerMethod.invokeForRequest(InvocableHandlerMethod.java:188)
	at org.springframework.web.servlet.mvc.method.annotation.ServletInvocableHandlerMethod.invokeAndHandle(ServletInvocableHandlerMethod.java:118)
	at org.springframework.web.servlet.mvc.method.annotation.RequestMappingHandlerAdapter.invokeHandlerMethod(RequestMappingHandlerAdapter.java:926)
	at org.springframework.web.servlet.mvc.method.annotation.RequestMappingHandlerAdapter.handleInternal(RequestMappingHandlerAdapter.java:831)
	at org.springframework.web.servlet.mvc.method.AbstractHandlerMethodAdapter.handle(AbstractHandlerMethodAdapter.java:87)
	at org.springframework.web.servlet.DispatcherServlet.doDispatch(DispatcherServlet.java:1089)
	at org.springframework.web.servlet.DispatcherServlet.doService(DispatcherServlet.java:979)
	at org.springframework.web.servlet.FrameworkServlet.processRequest(FrameworkServlet.java:1014)
	at org.springframework.web.servlet.FrameworkServlet.doPost(FrameworkServlet.java:914)
	at jakarta.servlet.http.HttpServlet.service(HttpServlet.java:590)
	at org.springframework.web.servlet.FrameworkServlet.service(FrameworkServlet.java:885)
	at jakarta.servlet.http.HttpServlet.service(HttpServlet.java:658)
	at org.apache.catalina.core.ApplicationFilterChain.internalDoFilter(ApplicationFilterChain.java:195)
	at org.apache.catalina.core.ApplicationFilterChain.doFilter(ApplicationFilterChain.java:140)
	at org.apache.tomcat.websocket.server.WsFilter.doFilter(WsFilter.java:51)
	at org.apache.catalina.core.ApplicationFilterChain.internalDoFilter(ApplicationFilterChain.java:164)
	at org.apache.catalina.core.ApplicationFilterChain.doFilter(ApplicationFilterChain.java:140)
	at org.springframework.web.filter.RequestContextFilter.doFilterInternal(RequestContextFilter.java:100)
	at org.springframework.web.filter.OncePerRequestFilter.doFilter(OncePerRequestFilter.java:116)
	at org.apache.catalina.core.ApplicationFilterChain.internalDoFilter(ApplicationFilterChain.java:164)
	at org.apache.catalina.core.ApplicationFilterChain.doFilter(ApplicationFilterChain.java:140)
	at org.springframework.web.filter.FormContentFilter.doFilterInternal(FormContentFilter.java:93)
	at org.springframework.web.filter.OncePerRequestFilter.doFilter(OncePerRequestFilter.java:116)
	at org.apache.catalina.core.ApplicationFilterChain.internalDoFilter(ApplicationFilterChain.java:164)
	at org.apache.catalina.core.ApplicationFilterChain.doFilter(ApplicationFilterChain.java:140)
	at org.springframework.web.filter.CharacterEncodingFilter.doFilterInternal(CharacterEncodingFilter.java:201)
	at org.springframework.web.filter.OncePerRequestFilter.doFilter(OncePerRequestFilter.java:116)
	at org.apache.catalina.core.ApplicationFilterChain.internalDoFilter(ApplicationFilterChain.java:164)
	at org.apache.catalina.core.ApplicationFilterChain.doFilter(ApplicationFilterChain.java:140)
	at org.apache.catalina.core.StandardWrapperValve.invoke(StandardWrapperValve.java:167)
	at org.apache.catalina.core.StandardContextValve.invoke(StandardContextValve.java:90)
	at org.apache.catalina.authenticator.AuthenticatorBase.invoke(AuthenticatorBase.java:483)
	at org.apache.catalina.core.StandardHostValve.invoke(StandardHostValve.java:115)
	at org.apache.catalina.valves.ErrorReportValve.invoke(ErrorReportValve.java:93)
	at org.apache.catalina.core.StandardEngineValve.invoke(StandardEngineValve.java:74)
	at org.apache.catalina.connector.CoyoteAdapter.service(CoyoteAdapter.java:344)
	at org.apache.coyote.http11.Http11Processor.service(Http11Processor.java:384)
	at org.apache.coyote.AbstractProcessorLight.process(AbstractProcessorLight.java:63)
	at org.apache.coyote.AbstractProtocol$ConnectionHandler.process(AbstractProtocol.java:904)
	at org.apache.tomcat.util.net.NioEndpoint$SocketProcessor.doRun(NioEndpoint.java:1741)
	at org.apache.tomcat.util.net.SocketProcessorBase.run(SocketProcessorBase.java:52)
	at org.apache.tomcat.util.threads.ThreadPoolExecutor.runWorker(ThreadPoolExecutor.java:1190)
	at org.apache.tomcat.util.threads.ThreadPoolExecutor$Worker.run(ThreadPoolExecutor.java:659)
	at org.apache.tomcat.util.threads.TaskThread$WrappingRunnable.run(TaskThread.java:63)
	at java.base/java.lang.Thread.run(Thread.java:833)
2024-10-04 16:00:03,267 ay.bank_demo.util.CheckSumUtil -    calculateCheckSum:26   - INFO  - [] - Checksum: 6504b5da5ed4cfe7323b0fa06bfdb6242f1be565f3319fa7e6b73bc29550ba8b
2024-10-04 16:04:34,439 eplyToMessageListenerContainer - nAndWaitOrCallback$7:871  - INFO  - [] - Successfully waited for consumers to finish.
2024-10-04 16:04:34,447 tainerEntityManagerFactoryBean -              destroy:650  - INFO  - [] - Closing JPA EntityManagerFactory for persistence unit 'default'
2024-10-04 16:04:34,449 zaxxer.hikari.HikariDataSource -                close:349  - INFO  - [] - HikariPool-1 - Shutdown initiated...
2024-10-04 16:04:34,453 zaxxer.hikari.HikariDataSource -                close:351  - INFO  - [] - HikariPool-1 - Shutdown completed.
2024-10-04 16:04:37,915 alidator.internal.util.Version -             <clinit>:21   - INFO  - [] - HV000001: Hibernate Validator 8.0.1.Final
2024-10-04 16:04:37,940 .bank_demo.BankDemoApplication -          logStarting:50   - INFO  - [] - Starting BankDemoApplication using Java 17.0.8.1 with PID 20872 (D:\VNPay\TTS\bank_demo\target\classes started by MSI in D:\VNPay\TTS\bank_demo)
2024-10-04 16:04:37,941 .bank_demo.BankDemoApplication - ogStartupProfileInfo:654  - INFO  - [] - No active profile set, falling back to 1 default profile: "default"
2024-10-04 16:04:38,416 epositoryConfigurationDelegate - ltipleStoresDetected:295  - INFO  - [] - Multiple Spring Data modules found, entering strict repository configuration mode
2024-10-04 16:04:38,417 epositoryConfigurationDelegate - gisterRepositoriesIn:143  - INFO  - [] - Bootstrapping Spring Data JPA repositories in DEFAULT mode.
2024-10-04 16:04:38,513 epositoryConfigurationDelegate - gisterRepositoriesIn:211  - INFO  - [] - Finished Spring Data repository scanning in 91 ms. Found 2 JPA repository interfaces.
2024-10-04 16:04:38,523 epositoryConfigurationDelegate - ltipleStoresDetected:295  - INFO  - [] - Multiple Spring Data modules found, entering strict repository configuration mode
2024-10-04 16:04:38,524 epositoryConfigurationDelegate - gisterRepositoriesIn:143  - INFO  - [] - Bootstrapping Spring Data Redis repositories in DEFAULT mode.
2024-10-04 16:04:38,533 yConfigurationExtensionSupport - tRepositoryCandidate:320  - INFO  - [] - Spring Data Redis - Could not safely identify store assignment for repository candidate interface vn.vnpay.bank_demo.repository.PaymentRepository; If you want this repository to be a Redis repository, consider annotating your entities with one of these annotations: org.springframework.data.redis.core.RedisHash (preferred), or consider extending one of the following types with your repository: org.springframework.data.keyvalue.repository.KeyValueRepository
2024-10-04 16:04:38,534 yConfigurationExtensionSupport - tRepositoryCandidate:320  - INFO  - [] - Spring Data Redis - Could not safely identify store assignment for repository candidate interface vn.vnpay.bank_demo.repository.UsersRepository; If you want this repository to be a Redis repository, consider annotating your entities with one of these annotations: org.springframework.data.redis.core.RedisHash (preferred), or consider extending one of the following types with your repository: org.springframework.data.keyvalue.repository.KeyValueRepository
2024-10-04 16:04:38,534 epositoryConfigurationDelegate - gisterRepositoriesIn:211  - INFO  - [] - Finished Spring Data repository scanning in 5 ms. Found 0 Redis repository interfaces.
2024-10-04 16:04:38,883 mbedded.tomcat.TomcatWebServer -           initialize:111  - INFO  - [] - Tomcat initialized with port 8080 (http)
2024-10-04 16:04:38,897 oyote.http11.Http11NioProtocol -                  log:173  - INFO  - [] - Initializing ProtocolHandler ["http-nio-8080"]
2024-10-04 16:04:38,899 .catalina.core.StandardService -                  log:173  - INFO  - [] - Starting service [Tomcat]
2024-10-04 16:04:38,900 e.catalina.core.StandardEngine -                  log:173  - INFO  - [] - Starting Servlet engine: [Apache Tomcat/10.1.28]
2024-10-04 16:04:38,941 .[Tomcat].[localhost].[/vnpay] -                  log:173  - INFO  - [] - Initializing Spring embedded WebApplicationContext
2024-10-04 16:04:38,941 letWebServerApplicationContext - ebApplicationContext:296  - INFO  - [] - Root WebApplicationContext: initialization completed in 975 ms
2024-10-04 16:04:39,066 te.jpa.internal.util.LogHelper - tenceUnitInformation:31   - INFO  - [] - HHH000204: Processing PersistenceUnitInfo [name: default]
2024-10-04 16:04:39,100 org.hibernate.Version          -           logVersion:44   - INFO  - [] - HHH000412: Hibernate ORM core version 6.5.2.Final
2024-10-04 16:04:39,122 nternal.RegionFactoryInitiator -      initiateService:50   - INFO  - [] - HHH000026: Second-level cache disabled
2024-10-04 16:04:39,309 unit.SpringPersistenceUnitInfo -       addTransformer:87   - INFO  - [] - No LoadTimeWeaver setup: ignoring JPA class transformer
2024-10-04 16:04:39,331 zaxxer.hikari.HikariDataSource -        getConnection:109  - INFO  - [] - HikariPool-1 - Starting...
2024-10-04 16:04:39,492 .zaxxer.hikari.pool.HikariPool -        checkFailFast:554  - INFO  - [] - HikariPool-1 - Added connection ConnectionID:1 ClientConnectionId: 889f4f63-b3ec-4855-83b3-e4d9adcd7745
2024-10-04 16:04:39,494 zaxxer.hikari.HikariDataSource -        getConnection:122  - INFO  - [] - HikariPool-1 - Start completed.
2024-10-04 16:04:40,060 .internal.JtaPlatformInitiator -      initiateService:59   - INFO  - [] - HHH000489: No JTA platform available (set 'hibernate.transaction.jta.platform' to enable JTA platform integration)
2024-10-04 16:04:40,062 tainerEntityManagerFactoryBean - EntityManagerFactory:437  - INFO  - [] - Initialized JPA EntityManagerFactory for persistence unit 'default'
2024-10-04 16:04:40,677 figuration$JpaWebConfiguration - gerInViewInterceptor:236  - WARN  - [] - spring.jpa.open-in-view is enabled by default. Therefore, database queries may be performed during view rendering. Explicitly configure spring.jpa.open-in-view to disable this warning
2024-10-04 16:04:40,804 tTemplateResolverConfiguration - mplateLocationExists:101  - WARN  - [] - Cannot find template location: classpath:/templates/ (please add some templates, check your Thymeleaf configuration, or set spring.thymeleaf.check-template-location=false)
2024-10-04 16:04:40,917 oyote.http11.Http11NioProtocol -                  log:173  - INFO  - [] - Starting ProtocolHandler ["http-nio-8080"]
2024-10-04 16:04:40,929 mbedded.tomcat.TomcatWebServer -                start:243  - INFO  - [] - Tomcat started on port 8080 (http) with context path '/vnpay'
2024-10-04 16:04:40,936 .bank_demo.BankDemoApplication -           logStarted:56   - INFO  - [] - Started BankDemoApplication in 3.31 seconds (process running for 3.781)
2024-10-04 16:05:02,072 .[Tomcat].[localhost].[/vnpay] -                  log:173  - INFO  - [] - Initializing Spring DispatcherServlet 'dispatcherServlet'
2024-10-04 16:05:02,073 .web.servlet.DispatcherServlet -      initServletBean:532  - INFO  - [] - Initializing Servlet 'dispatcherServlet'
2024-10-04 16:05:02,074 .web.servlet.DispatcherServlet -      initServletBean:554  - INFO  - [] - Completed initialization in 1 ms
2024-10-04 16:05:02,179 mo.service.impl.PayServiceImpl -        createPayment:43   - INFO  - [] - Begin create-payment: {
  "tokenKey": "ey7CnpknHkmhWmcvqTxnknUOae4\u003d",
  "apiId": "restPayment",
  "mobile": "0345225630",
  "bankCode": "98765432",
  "privateKey": "87654321",
  "accountNo": "0001100014211002",
  "payDate": "20230918124530",
  "additionalData": "11",
  "debitAmount": 11300,
  "respCode": "00",
  "respDesc": "SUCCESS",
  "traceTransfer": "FT19310RH6P1",
  "messageType": "1",
  "checkSum": "a66f9c27ddc8bee82c50b5603cbb861eae7b3c26e7a5a75047268058898c7f41",
  "orderCode": "FT19310RH6P1",
  "userName": "cntest001",
  "realAmount": 11200,
  "promotionCode": "ABCXYZ",
  "addValue": "{\"payMethod\":\"01\",\"payMethodMMS\":1}"
}
2024-10-04 16:05:02,502 ay.bank_demo.util.CheckSumUtil -    calculateCheckSum:26   - INFO  - [] - Checksum: a66f9c27ddc8bee82c50b5603cbb861eae7b3c26e7a5a75047268058898c7f41
2024-10-04 16:05:02,502 mo.service.impl.PayServiceImpl -     validateCheckSum:147  - INFO  - [] - Checksum request: a66f9c27ddc8bee82c50b5603cbb861eae7b3c26e7a5a75047268058898c7f41
2024-10-04 16:05:02,505 ction.CachingConnectionFactory -      connectHostPort:682  - INFO  - [] - Attempting to connect to: 127.0.0.1:5672
2024-10-04 16:05:02,546 ction.CachingConnectionFactory - createBareConnection:608  - INFO  - [] - Created new connection: cachingConnectionFactory#61f2bf3a:0/SimpleConnection@4205cc71 [delegate=amqp://guest@127.0.0.1:5672/, localPort=56812]
2024-10-04 16:05:02,551 k.amqp.rabbit.core.RabbitAdmin -           initialize:686  - INFO  - [] - Auto-declaring a non-durable, auto-delete, or exclusive Queue (myQueue) durable:false, auto-delete:false, exclusive:false. It will be redeclared if the broker stops and is restarted while the connection factory is alive, but all messages will be lost.
2024-10-04 16:05:02,573 eplyToMessageListenerContainer -          actualStart:471  - INFO  - [] - Container initialized for queues: [amq.rabbitmq.reply-to]
2024-10-04 16:05:02,579 eplyToMessageListenerContainer -   doConsumeFromQueue:769  - INFO  - [] - SimpleConsumer [queue=amq.rabbitmq.reply-to, index=0, consumerTag=amq.ctag-BK3W6-8U1nYLCGL98-bu1A identity=45cefe93] started
2024-10-04 16:05:02,718 mo.service.impl.PayServiceImpl -    setDataToRabbitMQ:92   - ERROR - [] - Unexpected error: 
java.lang.SecurityException: Attempt to deserialize unauthorized class vn.vnpay.common.PaymentConsumerResponse; add allowed class name patterns to the message converter or, if you trust the message originator, set environment variable 'SPRING_AMQP_DESERIALIZATION_TRUST_ALL' or system property 'spring.amqp.deserialization.trust.all' to true
	at org.springframework.amqp.utils.SerializationUtils.checkAllowedList(SerializationUtils.java:164)
	at org.springframework.amqp.support.converter.AllowedListDeserializingMessageConverter.checkAllowedList(AllowedListDeserializingMessageConverter.java:61)
	at org.springframework.amqp.support.converter.SimpleMessageConverter$1.resolveClass(SimpleMessageConverter.java:160)
	at java.base/java.io.ObjectInputStream.readNonProxyDesc(ObjectInputStream.java:2034)
	at java.base/java.io.ObjectInputStream.readClassDesc(ObjectInputStream.java:1898)
	at java.base/java.io.ObjectInputStream.readOrdinaryObject(ObjectInputStream.java:2224)
	at java.base/java.io.ObjectInputStream.readObject0(ObjectInputStream.java:1733)
	at java.base/java.io.ObjectInputStream.readObject(ObjectInputStream.java:509)
	at java.base/java.io.ObjectInputStream.readObject(ObjectInputStream.java:467)
	at org.springframework.amqp.utils.SerializationUtils.deserialize(SerializationUtils.java:102)
	at org.springframework.amqp.support.converter.SimpleMessageConverter.fromMessage(SimpleMessageConverter.java:93)
	at org.springframework.amqp.rabbit.core.RabbitTemplate.convertSendAndReceive(RabbitTemplate.java:1755)
	at org.springframework.amqp.rabbit.core.RabbitTemplate.convertSendAndReceive(RabbitTemplate.java:1684)
	at org.springframework.amqp.rabbit.core.RabbitTemplate.convertSendAndReceive(RabbitTemplate.java:1676)
	at vn.vnpay.bank_demo.service.impl.PayServiceImpl.setDataToRabbitMQ(PayServiceImpl.java:75)
	at vn.vnpay.bank_demo.service.impl.PayServiceImpl.createPayment(PayServiceImpl.java:64)
	at vn.vnpay.bank_demo.controller.payment.PayController.restPayment(PayController.java:24)
	at java.base/jdk.internal.reflect.NativeMethodAccessorImpl.invoke0(Native Method)
	at java.base/jdk.internal.reflect.NativeMethodAccessorImpl.invoke(NativeMethodAccessorImpl.java:77)
	at java.base/jdk.internal.reflect.DelegatingMethodAccessorImpl.invoke(DelegatingMethodAccessorImpl.java:43)
	at java.base/java.lang.reflect.Method.invoke(Method.java:568)
	at org.springframework.web.method.support.InvocableHandlerMethod.doInvoke(InvocableHandlerMethod.java:255)
	at org.springframework.web.method.support.InvocableHandlerMethod.invokeForRequest(InvocableHandlerMethod.java:188)
	at org.springframework.web.servlet.mvc.method.annotation.ServletInvocableHandlerMethod.invokeAndHandle(ServletInvocableHandlerMethod.java:118)
	at org.springframework.web.servlet.mvc.method.annotation.RequestMappingHandlerAdapter.invokeHandlerMethod(RequestMappingHandlerAdapter.java:926)
	at org.springframework.web.servlet.mvc.method.annotation.RequestMappingHandlerAdapter.handleInternal(RequestMappingHandlerAdapter.java:831)
	at org.springframework.web.servlet.mvc.method.AbstractHandlerMethodAdapter.handle(AbstractHandlerMethodAdapter.java:87)
	at org.springframework.web.servlet.DispatcherServlet.doDispatch(DispatcherServlet.java:1089)
	at org.springframework.web.servlet.DispatcherServlet.doService(DispatcherServlet.java:979)
	at org.springframework.web.servlet.FrameworkServlet.processRequest(FrameworkServlet.java:1014)
	at org.springframework.web.servlet.FrameworkServlet.doPost(FrameworkServlet.java:914)
	at jakarta.servlet.http.HttpServlet.service(HttpServlet.java:590)
	at org.springframework.web.servlet.FrameworkServlet.service(FrameworkServlet.java:885)
	at jakarta.servlet.http.HttpServlet.service(HttpServlet.java:658)
	at org.apache.catalina.core.ApplicationFilterChain.internalDoFilter(ApplicationFilterChain.java:195)
	at org.apache.catalina.core.ApplicationFilterChain.doFilter(ApplicationFilterChain.java:140)
	at org.apache.tomcat.websocket.server.WsFilter.doFilter(WsFilter.java:51)
	at org.apache.catalina.core.ApplicationFilterChain.internalDoFilter(ApplicationFilterChain.java:164)
	at org.apache.catalina.core.ApplicationFilterChain.doFilter(ApplicationFilterChain.java:140)
	at org.springframework.web.filter.RequestContextFilter.doFilterInternal(RequestContextFilter.java:100)
	at org.springframework.web.filter.OncePerRequestFilter.doFilter(OncePerRequestFilter.java:116)
	at org.apache.catalina.core.ApplicationFilterChain.internalDoFilter(ApplicationFilterChain.java:164)
	at org.apache.catalina.core.ApplicationFilterChain.doFilter(ApplicationFilterChain.java:140)
	at org.springframework.web.filter.FormContentFilter.doFilterInternal(FormContentFilter.java:93)
	at org.springframework.web.filter.OncePerRequestFilter.doFilter(OncePerRequestFilter.java:116)
	at org.apache.catalina.core.ApplicationFilterChain.internalDoFilter(ApplicationFilterChain.java:164)
	at org.apache.catalina.core.ApplicationFilterChain.doFilter(ApplicationFilterChain.java:140)
	at org.springframework.web.filter.CharacterEncodingFilter.doFilterInternal(CharacterEncodingFilter.java:201)
	at org.springframework.web.filter.OncePerRequestFilter.doFilter(OncePerRequestFilter.java:116)
	at org.apache.catalina.core.ApplicationFilterChain.internalDoFilter(ApplicationFilterChain.java:164)
	at org.apache.catalina.core.ApplicationFilterChain.doFilter(ApplicationFilterChain.java:140)
	at org.apache.catalina.core.StandardWrapperValve.invoke(StandardWrapperValve.java:167)
	at org.apache.catalina.core.StandardContextValve.invoke(StandardContextValve.java:90)
	at org.apache.catalina.authenticator.AuthenticatorBase.invoke(AuthenticatorBase.java:483)
	at org.apache.catalina.core.StandardHostValve.invoke(StandardHostValve.java:115)
	at org.apache.catalina.valves.ErrorReportValve.invoke(ErrorReportValve.java:93)
	at org.apache.catalina.core.StandardEngineValve.invoke(StandardEngineValve.java:74)
	at org.apache.catalina.connector.CoyoteAdapter.service(CoyoteAdapter.java:344)
	at org.apache.coyote.http11.Http11Processor.service(Http11Processor.java:384)
	at org.apache.coyote.AbstractProcessorLight.process(AbstractProcessorLight.java:63)
	at org.apache.coyote.AbstractProtocol$ConnectionHandler.process(AbstractProtocol.java:904)
	at org.apache.tomcat.util.net.NioEndpoint$SocketProcessor.doRun(NioEndpoint.java:1741)
	at org.apache.tomcat.util.net.SocketProcessorBase.run(SocketProcessorBase.java:52)
	at org.apache.tomcat.util.threads.ThreadPoolExecutor.runWorker(ThreadPoolExecutor.java:1190)
	at org.apache.tomcat.util.threads.ThreadPoolExecutor$Worker.run(ThreadPoolExecutor.java:659)
	at org.apache.tomcat.util.threads.TaskThread$WrappingRunnable.run(TaskThread.java:63)
	at java.base/java.lang.Thread.run(Thread.java:833)
2024-10-04 16:05:02,721 ay.bank_demo.util.CheckSumUtil -    calculateCheckSum:26   - INFO  - [] - Checksum: 6504b5da5ed4cfe7323b0fa06bfdb6242f1be565f3319fa7e6b73bc29550ba8b
2024-10-04 16:10:57,089 eplyToMessageListenerContainer - nAndWaitOrCallback$7:871  - INFO  - [] - Successfully waited for consumers to finish.
2024-10-04 16:10:57,104 tainerEntityManagerFactoryBean -              destroy:650  - INFO  - [] - Closing JPA EntityManagerFactory for persistence unit 'default'
2024-10-04 16:10:57,105 zaxxer.hikari.HikariDataSource -                close:349  - INFO  - [] - HikariPool-1 - Shutdown initiated...
2024-10-04 16:10:57,109 zaxxer.hikari.HikariDataSource -                close:351  - INFO  - [] - HikariPool-1 - Shutdown completed.
2024-10-04 16:11:43,020 alidator.internal.util.Version -             <clinit>:21   - INFO  - [] - HV000001: Hibernate Validator 8.0.1.Final
2024-10-04 16:11:43,045 .bank_demo.BankDemoApplication -          logStarting:50   - INFO  - [] - Starting BankDemoApplication using Java 17.0.8.1 with PID 19228 (D:\VNPay\TTS\bank_demo\target\classes started by MSI in D:\VNPay\TTS\bank_demo)
2024-10-04 16:11:43,045 .bank_demo.BankDemoApplication - ogStartupProfileInfo:654  - INFO  - [] - No active profile set, falling back to 1 default profile: "default"
2024-10-04 16:11:43,583 epositoryConfigurationDelegate - ltipleStoresDetected:295  - INFO  - [] - Multiple Spring Data modules found, entering strict repository configuration mode
2024-10-04 16:11:43,584 epositoryConfigurationDelegate - gisterRepositoriesIn:143  - INFO  - [] - Bootstrapping Spring Data JPA repositories in DEFAULT mode.
2024-10-04 16:11:43,680 epositoryConfigurationDelegate - gisterRepositoriesIn:211  - INFO  - [] - Finished Spring Data repository scanning in 92 ms. Found 2 JPA repository interfaces.
2024-10-04 16:11:43,690 epositoryConfigurationDelegate - ltipleStoresDetected:295  - INFO  - [] - Multiple Spring Data modules found, entering strict repository configuration mode
2024-10-04 16:11:43,691 epositoryConfigurationDelegate - gisterRepositoriesIn:143  - INFO  - [] - Bootstrapping Spring Data Redis repositories in DEFAULT mode.
2024-10-04 16:11:43,701 yConfigurationExtensionSupport - tRepositoryCandidate:320  - INFO  - [] - Spring Data Redis - Could not safely identify store assignment for repository candidate interface vn.vnpay.bank_demo.repository.PaymentRepository; If you want this repository to be a Redis repository, consider annotating your entities with one of these annotations: org.springframework.data.redis.core.RedisHash (preferred), or consider extending one of the following types with your repository: org.springframework.data.keyvalue.repository.KeyValueRepository
2024-10-04 16:11:43,701 yConfigurationExtensionSupport - tRepositoryCandidate:320  - INFO  - [] - Spring Data Redis - Could not safely identify store assignment for repository candidate interface vn.vnpay.bank_demo.repository.UsersRepository; If you want this repository to be a Redis repository, consider annotating your entities with one of these annotations: org.springframework.data.redis.core.RedisHash (preferred), or consider extending one of the following types with your repository: org.springframework.data.keyvalue.repository.KeyValueRepository
2024-10-04 16:11:43,701 epositoryConfigurationDelegate - gisterRepositoriesIn:211  - INFO  - [] - Finished Spring Data repository scanning in 5 ms. Found 0 Redis repository interfaces.
2024-10-04 16:11:44,037 mbedded.tomcat.TomcatWebServer -           initialize:111  - INFO  - [] - Tomcat initialized with port 8080 (http)
2024-10-04 16:11:44,043 oyote.http11.Http11NioProtocol -                  log:173  - INFO  - [] - Initializing ProtocolHandler ["http-nio-8080"]
2024-10-04 16:11:44,045 .catalina.core.StandardService -                  log:173  - INFO  - [] - Starting service [Tomcat]
2024-10-04 16:11:44,046 e.catalina.core.StandardEngine -                  log:173  - INFO  - [] - Starting Servlet engine: [Apache Tomcat/10.1.28]
2024-10-04 16:11:44,084 .[Tomcat].[localhost].[/vnpay] -                  log:173  - INFO  - [] - Initializing Spring embedded WebApplicationContext
2024-10-04 16:11:44,084 letWebServerApplicationContext - ebApplicationContext:296  - INFO  - [] - Root WebApplicationContext: initialization completed in 1016 ms
2024-10-04 16:11:44,210 te.jpa.internal.util.LogHelper - tenceUnitInformation:31   - INFO  - [] - HHH000204: Processing PersistenceUnitInfo [name: default]
2024-10-04 16:11:44,240 org.hibernate.Version          -           logVersion:44   - INFO  - [] - HHH000412: Hibernate ORM core version 6.5.2.Final
2024-10-04 16:11:44,260 nternal.RegionFactoryInitiator -      initiateService:50   - INFO  - [] - HHH000026: Second-level cache disabled
2024-10-04 16:11:44,440 unit.SpringPersistenceUnitInfo -       addTransformer:87   - INFO  - [] - No LoadTimeWeaver setup: ignoring JPA class transformer
2024-10-04 16:11:44,457 zaxxer.hikari.HikariDataSource -        getConnection:109  - INFO  - [] - HikariPool-1 - Starting...
2024-10-04 16:11:44,621 .zaxxer.hikari.pool.HikariPool -        checkFailFast:554  - INFO  - [] - HikariPool-1 - Added connection ConnectionID:1 ClientConnectionId: 82179ac1-a37c-4d6b-861f-4ebbe1a35e9d
2024-10-04 16:11:44,623 zaxxer.hikari.HikariDataSource -        getConnection:122  - INFO  - [] - HikariPool-1 - Start completed.
2024-10-04 16:11:45,208 .internal.JtaPlatformInitiator -      initiateService:59   - INFO  - [] - HHH000489: No JTA platform available (set 'hibernate.transaction.jta.platform' to enable JTA platform integration)
2024-10-04 16:11:45,210 tainerEntityManagerFactoryBean - EntityManagerFactory:437  - INFO  - [] - Initialized JPA EntityManagerFactory for persistence unit 'default'
2024-10-04 16:11:45,789 figuration$JpaWebConfiguration - gerInViewInterceptor:236  - WARN  - [] - spring.jpa.open-in-view is enabled by default. Therefore, database queries may be performed during view rendering. Explicitly configure spring.jpa.open-in-view to disable this warning
2024-10-04 16:11:45,923 tTemplateResolverConfiguration - mplateLocationExists:101  - WARN  - [] - Cannot find template location: classpath:/templates/ (please add some templates, check your Thymeleaf configuration, or set spring.thymeleaf.check-template-location=false)
2024-10-04 16:11:46,031 oyote.http11.Http11NioProtocol -                  log:173  - INFO  - [] - Starting ProtocolHandler ["http-nio-8080"]
2024-10-04 16:11:46,044 mbedded.tomcat.TomcatWebServer -                start:243  - INFO  - [] - Tomcat started on port 8080 (http) with context path '/vnpay'
2024-10-04 16:11:46,052 .bank_demo.BankDemoApplication -           logStarted:56   - INFO  - [] - Started BankDemoApplication in 3.332 seconds (process running for 3.791)
2024-10-04 16:12:03,780 .[Tomcat].[localhost].[/vnpay] -                  log:173  - INFO  - [] - Initializing Spring DispatcherServlet 'dispatcherServlet'
2024-10-04 16:12:03,781 .web.servlet.DispatcherServlet -      initServletBean:532  - INFO  - [] - Initializing Servlet 'dispatcherServlet'
2024-10-04 16:12:03,782 .web.servlet.DispatcherServlet -      initServletBean:554  - INFO  - [] - Completed initialization in 1 ms
2024-10-04 16:12:03,931 mo.service.impl.PayServiceImpl -        createPayment:43   - INFO  - [] - Begin create-payment: {
  "tokenKey": "ey7CnpknHkmhWmcvqTnknUOae4\u003d",
  "apiId": "restPayment",
  "mobile": "0345225630",
  "bankCode": "98765432",
  "privateKey": "87654321",
  "accountNo": "0001100014211002",
  "payDate": "20230918124530",
  "additionalData": "11",
  "debitAmount": 11300,
  "respCode": "00",
  "respDesc": "SUCCESS",
  "traceTransfer": "FT19310RH6P1",
  "messageType": "1",
  "checkSum": "a66f9c27ddc8bee82c50b5603cbb861eae7b3c26e7a5a75047268058898c7f41",
  "orderCode": "FT19310RH6P1",
  "userName": "cntest001",
  "realAmount": 11200,
  "promotionCode": "ABCXYZ",
  "addValue": "{\"payMethod\":\"01\",\"payMethodMMS\":1}"
}
2024-10-04 16:12:04,402 ay.bank_demo.util.CheckSumUtil -    calculateCheckSum:26   - INFO  - [] - Checksum: a66f9c27ddc8bee82c50b5603cbb861eae7b3c26e7a5a75047268058898c7f41
2024-10-04 16:12:04,402 mo.service.impl.PayServiceImpl -     validateCheckSum:147  - INFO  - [] - Checksum request: a66f9c27ddc8bee82c50b5603cbb861eae7b3c26e7a5a75047268058898c7f41
2024-10-04 16:12:04,406 ction.CachingConnectionFactory -      connectHostPort:682  - INFO  - [] - Attempting to connect to: 127.0.0.1:5672
2024-10-04 16:12:04,447 ction.CachingConnectionFactory - createBareConnection:608  - INFO  - [] - Created new connection: cachingConnectionFactory#4adb2b87:0/SimpleConnection@6b7dd704 [delegate=amqp://guest@127.0.0.1:5672/, localPort=57158]
2024-10-04 16:12:04,453 k.amqp.rabbit.core.RabbitAdmin -           initialize:686  - INFO  - [] - Auto-declaring a non-durable, auto-delete, or exclusive Queue (myQueue) durable:false, auto-delete:false, exclusive:false. It will be redeclared if the broker stops and is restarted while the connection factory is alive, but all messages will be lost.
2024-10-04 16:12:04,479 eplyToMessageListenerContainer -          actualStart:471  - INFO  - [] - Container initialized for queues: [amq.rabbitmq.reply-to]
2024-10-04 16:12:04,487 eplyToMessageListenerContainer -   doConsumeFromQueue:769  - INFO  - [] - SimpleConsumer [queue=amq.rabbitmq.reply-to, index=0, consumerTag=amq.ctag-6WVa9X1oLliGWc_SBR_yMQ identity=712c283c] started
2024-10-04 16:12:04,669 mo.service.impl.PayServiceImpl -    setDataToRabbitMQ:92   - ERROR - [] - Unexpected error: 
java.lang.SecurityException: Attempt to deserialize unauthorized class vn.vnpay.common.PaymentConsumerResponse; add allowed class name patterns to the message converter or, if you trust the message originator, set environment variable 'SPRING_AMQP_DESERIALIZATION_TRUST_ALL' or system property 'spring.amqp.deserialization.trust.all' to true
	at org.springframework.amqp.utils.SerializationUtils.checkAllowedList(SerializationUtils.java:164)
	at org.springframework.amqp.support.converter.AllowedListDeserializingMessageConverter.checkAllowedList(AllowedListDeserializingMessageConverter.java:61)
	at org.springframework.amqp.support.converter.SimpleMessageConverter$1.resolveClass(SimpleMessageConverter.java:160)
	at java.base/java.io.ObjectInputStream.readNonProxyDesc(ObjectInputStream.java:2034)
	at java.base/java.io.ObjectInputStream.readClassDesc(ObjectInputStream.java:1898)
	at java.base/java.io.ObjectInputStream.readOrdinaryObject(ObjectInputStream.java:2224)
	at java.base/java.io.ObjectInputStream.readObject0(ObjectInputStream.java:1733)
	at java.base/java.io.ObjectInputStream.readObject(ObjectInputStream.java:509)
	at java.base/java.io.ObjectInputStream.readObject(ObjectInputStream.java:467)
	at org.springframework.amqp.utils.SerializationUtils.deserialize(SerializationUtils.java:102)
	at org.springframework.amqp.support.converter.SimpleMessageConverter.fromMessage(SimpleMessageConverter.java:93)
	at org.springframework.amqp.rabbit.core.RabbitTemplate.convertSendAndReceive(RabbitTemplate.java:1755)
	at org.springframework.amqp.rabbit.core.RabbitTemplate.convertSendAndReceive(RabbitTemplate.java:1684)
	at org.springframework.amqp.rabbit.core.RabbitTemplate.convertSendAndReceive(RabbitTemplate.java:1676)
	at vn.vnpay.bank_demo.service.impl.PayServiceImpl.setDataToRabbitMQ(PayServiceImpl.java:75)
	at vn.vnpay.bank_demo.service.impl.PayServiceImpl.createPayment(PayServiceImpl.java:64)
	at vn.vnpay.bank_demo.controller.payment.PayController.restPayment(PayController.java:24)
	at java.base/jdk.internal.reflect.NativeMethodAccessorImpl.invoke0(Native Method)
	at java.base/jdk.internal.reflect.NativeMethodAccessorImpl.invoke(NativeMethodAccessorImpl.java:77)
	at java.base/jdk.internal.reflect.DelegatingMethodAccessorImpl.invoke(DelegatingMethodAccessorImpl.java:43)
	at java.base/java.lang.reflect.Method.invoke(Method.java:568)
	at org.springframework.web.method.support.InvocableHandlerMethod.doInvoke(InvocableHandlerMethod.java:255)
	at org.springframework.web.method.support.InvocableHandlerMethod.invokeForRequest(InvocableHandlerMethod.java:188)
	at org.springframework.web.servlet.mvc.method.annotation.ServletInvocableHandlerMethod.invokeAndHandle(ServletInvocableHandlerMethod.java:118)
	at org.springframework.web.servlet.mvc.method.annotation.RequestMappingHandlerAdapter.invokeHandlerMethod(RequestMappingHandlerAdapter.java:926)
	at org.springframework.web.servlet.mvc.method.annotation.RequestMappingHandlerAdapter.handleInternal(RequestMappingHandlerAdapter.java:831)
	at org.springframework.web.servlet.mvc.method.AbstractHandlerMethodAdapter.handle(AbstractHandlerMethodAdapter.java:87)
	at org.springframework.web.servlet.DispatcherServlet.doDispatch(DispatcherServlet.java:1089)
	at org.springframework.web.servlet.DispatcherServlet.doService(DispatcherServlet.java:979)
	at org.springframework.web.servlet.FrameworkServlet.processRequest(FrameworkServlet.java:1014)
	at org.springframework.web.servlet.FrameworkServlet.doPost(FrameworkServlet.java:914)
	at jakarta.servlet.http.HttpServlet.service(HttpServlet.java:590)
	at org.springframework.web.servlet.FrameworkServlet.service(FrameworkServlet.java:885)
	at jakarta.servlet.http.HttpServlet.service(HttpServlet.java:658)
	at org.apache.catalina.core.ApplicationFilterChain.internalDoFilter(ApplicationFilterChain.java:195)
	at org.apache.catalina.core.ApplicationFilterChain.doFilter(ApplicationFilterChain.java:140)
	at org.apache.tomcat.websocket.server.WsFilter.doFilter(WsFilter.java:51)
	at org.apache.catalina.core.ApplicationFilterChain.internalDoFilter(ApplicationFilterChain.java:164)
	at org.apache.catalina.core.ApplicationFilterChain.doFilter(ApplicationFilterChain.java:140)
	at org.springframework.web.filter.RequestContextFilter.doFilterInternal(RequestContextFilter.java:100)
	at org.springframework.web.filter.OncePerRequestFilter.doFilter(OncePerRequestFilter.java:116)
	at org.apache.catalina.core.ApplicationFilterChain.internalDoFilter(ApplicationFilterChain.java:164)
	at org.apache.catalina.core.ApplicationFilterChain.doFilter(ApplicationFilterChain.java:140)
	at org.springframework.web.filter.FormContentFilter.doFilterInternal(FormContentFilter.java:93)
	at org.springframework.web.filter.OncePerRequestFilter.doFilter(OncePerRequestFilter.java:116)
	at org.apache.catalina.core.ApplicationFilterChain.internalDoFilter(ApplicationFilterChain.java:164)
	at org.apache.catalina.core.ApplicationFilterChain.doFilter(ApplicationFilterChain.java:140)
	at org.springframework.web.filter.CharacterEncodingFilter.doFilterInternal(CharacterEncodingFilter.java:201)
	at org.springframework.web.filter.OncePerRequestFilter.doFilter(OncePerRequestFilter.java:116)
	at org.apache.catalina.core.ApplicationFilterChain.internalDoFilter(ApplicationFilterChain.java:164)
	at org.apache.catalina.core.ApplicationFilterChain.doFilter(ApplicationFilterChain.java:140)
	at org.apache.catalina.core.StandardWrapperValve.invoke(StandardWrapperValve.java:167)
	at org.apache.catalina.core.StandardContextValve.invoke(StandardContextValve.java:90)
	at org.apache.catalina.authenticator.AuthenticatorBase.invoke(AuthenticatorBase.java:483)
	at org.apache.catalina.core.StandardHostValve.invoke(StandardHostValve.java:115)
	at org.apache.catalina.valves.ErrorReportValve.invoke(ErrorReportValve.java:93)
	at org.apache.catalina.core.StandardEngineValve.invoke(StandardEngineValve.java:74)
	at org.apache.catalina.connector.CoyoteAdapter.service(CoyoteAdapter.java:344)
	at org.apache.coyote.http11.Http11Processor.service(Http11Processor.java:384)
	at org.apache.coyote.AbstractProcessorLight.process(AbstractProcessorLight.java:63)
	at org.apache.coyote.AbstractProtocol$ConnectionHandler.process(AbstractProtocol.java:904)
	at org.apache.tomcat.util.net.NioEndpoint$SocketProcessor.doRun(NioEndpoint.java:1741)
	at org.apache.tomcat.util.net.SocketProcessorBase.run(SocketProcessorBase.java:52)
	at org.apache.tomcat.util.threads.ThreadPoolExecutor.runWorker(ThreadPoolExecutor.java:1190)
	at org.apache.tomcat.util.threads.ThreadPoolExecutor$Worker.run(ThreadPoolExecutor.java:659)
	at org.apache.tomcat.util.threads.TaskThread$WrappingRunnable.run(TaskThread.java:63)
	at java.base/java.lang.Thread.run(Thread.java:833)
2024-10-04 16:12:04,674 ay.bank_demo.util.CheckSumUtil -    calculateCheckSum:26   - INFO  - [] - Checksum: 6504b5da5ed4cfe7323b0fa06bfdb6242f1be565f3319fa7e6b73bc29550ba8b
2024-10-04 16:16:10,402 eplyToMessageListenerContainer - nAndWaitOrCallback$7:871  - INFO  - [] - Successfully waited for consumers to finish.
2024-10-04 16:16:10,413 tainerEntityManagerFactoryBean -              destroy:650  - INFO  - [] - Closing JPA EntityManagerFactory for persistence unit 'default'
2024-10-04 16:16:10,415 zaxxer.hikari.HikariDataSource -                close:349  - INFO  - [] - HikariPool-1 - Shutdown initiated...
2024-10-04 16:16:10,419 zaxxer.hikari.HikariDataSource -                close:351  - INFO  - [] - HikariPool-1 - Shutdown completed.
2024-10-04 16:16:32,003 alidator.internal.util.Version -             <clinit>:21   - INFO  - [] - HV000001: Hibernate Validator 8.0.1.Final
2024-10-04 16:16:32,031 .bank_demo.BankDemoApplication -          logStarting:50   - INFO  - [] - Starting BankDemoApplication using Java 17.0.8.1 with PID 20696 (D:\VNPay\TTS\bank_demo\target\classes started by MSI in D:\VNPay\TTS\bank_demo)
2024-10-04 16:16:32,032 .bank_demo.BankDemoApplication - ogStartupProfileInfo:654  - INFO  - [] - No active profile set, falling back to 1 default profile: "default"
2024-10-04 16:16:32,543 epositoryConfigurationDelegate - ltipleStoresDetected:295  - INFO  - [] - Multiple Spring Data modules found, entering strict repository configuration mode
2024-10-04 16:16:32,544 epositoryConfigurationDelegate - gisterRepositoriesIn:143  - INFO  - [] - Bootstrapping Spring Data JPA repositories in DEFAULT mode.
2024-10-04 16:16:32,652 epositoryConfigurationDelegate - gisterRepositoriesIn:211  - INFO  - [] - Finished Spring Data repository scanning in 102 ms. Found 2 JPA repository interfaces.
2024-10-04 16:16:32,662 epositoryConfigurationDelegate - ltipleStoresDetected:295  - INFO  - [] - Multiple Spring Data modules found, entering strict repository configuration mode
2024-10-04 16:16:32,663 epositoryConfigurationDelegate - gisterRepositoriesIn:143  - INFO  - [] - Bootstrapping Spring Data Redis repositories in DEFAULT mode.
2024-10-04 16:16:32,674 yConfigurationExtensionSupport - tRepositoryCandidate:320  - INFO  - [] - Spring Data Redis - Could not safely identify store assignment for repository candidate interface vn.vnpay.bank_demo.repository.PaymentRepository; If you want this repository to be a Redis repository, consider annotating your entities with one of these annotations: org.springframework.data.redis.core.RedisHash (preferred), or consider extending one of the following types with your repository: org.springframework.data.keyvalue.repository.KeyValueRepository
2024-10-04 16:16:32,674 yConfigurationExtensionSupport - tRepositoryCandidate:320  - INFO  - [] - Spring Data Redis - Could not safely identify store assignment for repository candidate interface vn.vnpay.bank_demo.repository.UsersRepository; If you want this repository to be a Redis repository, consider annotating your entities with one of these annotations: org.springframework.data.redis.core.RedisHash (preferred), or consider extending one of the following types with your repository: org.springframework.data.keyvalue.repository.KeyValueRepository
2024-10-04 16:16:32,674 epositoryConfigurationDelegate - gisterRepositoriesIn:211  - INFO  - [] - Finished Spring Data repository scanning in 5 ms. Found 0 Redis repository interfaces.
2024-10-04 16:16:33,035 mbedded.tomcat.TomcatWebServer -           initialize:111  - INFO  - [] - Tomcat initialized with port 8080 (http)
2024-10-04 16:16:33,045 oyote.http11.Http11NioProtocol -                  log:173  - INFO  - [] - Initializing ProtocolHandler ["http-nio-8080"]
2024-10-04 16:16:33,047 .catalina.core.StandardService -                  log:173  - INFO  - [] - Starting service [Tomcat]
2024-10-04 16:16:33,048 e.catalina.core.StandardEngine -                  log:173  - INFO  - [] - Starting Servlet engine: [Apache Tomcat/10.1.28]
2024-10-04 16:16:33,087 .[Tomcat].[localhost].[/vnpay] -                  log:173  - INFO  - [] - Initializing Spring embedded WebApplicationContext
2024-10-04 16:16:33,088 letWebServerApplicationContext - ebApplicationContext:296  - INFO  - [] - Root WebApplicationContext: initialization completed in 1030 ms
2024-10-04 16:16:33,212 te.jpa.internal.util.LogHelper - tenceUnitInformation:31   - INFO  - [] - HHH000204: Processing PersistenceUnitInfo [name: default]
2024-10-04 16:16:33,246 org.hibernate.Version          -           logVersion:44   - INFO  - [] - HHH000412: Hibernate ORM core version 6.5.2.Final
2024-10-04 16:16:33,269 nternal.RegionFactoryInitiator -      initiateService:50   - INFO  - [] - HHH000026: Second-level cache disabled
2024-10-04 16:16:33,448 unit.SpringPersistenceUnitInfo -       addTransformer:87   - INFO  - [] - No LoadTimeWeaver setup: ignoring JPA class transformer
2024-10-04 16:16:33,466 zaxxer.hikari.HikariDataSource -        getConnection:109  - INFO  - [] - HikariPool-1 - Starting...
2024-10-04 16:16:33,631 .zaxxer.hikari.pool.HikariPool -        checkFailFast:554  - INFO  - [] - HikariPool-1 - Added connection ConnectionID:1 ClientConnectionId: 5a47f834-090a-460a-9500-a96d133acd24
2024-10-04 16:16:33,633 zaxxer.hikari.HikariDataSource -        getConnection:122  - INFO  - [] - HikariPool-1 - Start completed.
2024-10-04 16:16:34,205 .internal.JtaPlatformInitiator -      initiateService:59   - INFO  - [] - HHH000489: No JTA platform available (set 'hibernate.transaction.jta.platform' to enable JTA platform integration)
2024-10-04 16:16:34,207 tainerEntityManagerFactoryBean - EntityManagerFactory:437  - INFO  - [] - Initialized JPA EntityManagerFactory for persistence unit 'default'
2024-10-04 16:16:34,765 figuration$JpaWebConfiguration - gerInViewInterceptor:236  - WARN  - [] - spring.jpa.open-in-view is enabled by default. Therefore, database queries may be performed during view rendering. Explicitly configure spring.jpa.open-in-view to disable this warning
2024-10-04 16:16:34,907 tTemplateResolverConfiguration - mplateLocationExists:101  - WARN  - [] - Cannot find template location: classpath:/templates/ (please add some templates, check your Thymeleaf configuration, or set spring.thymeleaf.check-template-location=false)
2024-10-04 16:16:35,013 oyote.http11.Http11NioProtocol -                  log:173  - INFO  - [] - Starting ProtocolHandler ["http-nio-8080"]
2024-10-04 16:16:35,026 mbedded.tomcat.TomcatWebServer -                start:243  - INFO  - [] - Tomcat started on port 8080 (http) with context path '/vnpay'
2024-10-04 16:16:35,033 .bank_demo.BankDemoApplication -           logStarted:56   - INFO  - [] - Started BankDemoApplication in 3.343 seconds (process running for 3.773)
2024-10-04 16:17:26,041 .[Tomcat].[localhost].[/vnpay] -                  log:173  - INFO  - [] - Initializing Spring DispatcherServlet 'dispatcherServlet'
2024-10-04 16:17:26,042 .web.servlet.DispatcherServlet -      initServletBean:532  - INFO  - [] - Initializing Servlet 'dispatcherServlet'
2024-10-04 16:17:26,043 .web.servlet.DispatcherServlet -      initServletBean:554  - INFO  - [] - Completed initialization in 1 ms
2024-10-04 16:17:26,231 mo.service.impl.PayServiceImpl -        createPayment:43   - INFO  - [] - Begin create-payment: {
  "tokenKey": "ey7CnpknHkmhWmcvqnknUOae4\u003d",
  "apiId": "restPayment",
  "mobile": "0345225630",
  "bankCode": "98765432",
  "privateKey": "87654321",
  "accountNo": "0001100014211002",
  "payDate": "20230918124530",
  "additionalData": "11",
  "debitAmount": 11300,
  "respCode": "00",
  "respDesc": "SUCCESS",
  "traceTransfer": "FT19310RH6P1",
  "messageType": "1",
  "checkSum": "a66f9c27ddc8bee82c50b5603cbb861eae7b3c26e7a5a75047268058898c7f41",
  "orderCode": "FT19310RH6P1",
  "userName": "cntest001",
  "realAmount": 11200,
  "promotionCode": "ABCXYZ",
  "addValue": "{\"payMethod\":\"01\",\"payMethodMMS\":1}"
}
2024-10-04 16:17:26,722 ay.bank_demo.util.CheckSumUtil -    calculateCheckSum:26   - INFO  - [] - Checksum: a66f9c27ddc8bee82c50b5603cbb861eae7b3c26e7a5a75047268058898c7f41
2024-10-04 16:17:26,722 mo.service.impl.PayServiceImpl -     validateCheckSum:147  - INFO  - [] - Checksum request: a66f9c27ddc8bee82c50b5603cbb861eae7b3c26e7a5a75047268058898c7f41
2024-10-04 16:17:26,726 ction.CachingConnectionFactory -      connectHostPort:682  - INFO  - [] - Attempting to connect to: 127.0.0.1:5672
2024-10-04 16:17:26,774 ction.CachingConnectionFactory - createBareConnection:608  - INFO  - [] - Created new connection: cachingConnectionFactory#4a0dd851:0/SimpleConnection@6bbaa9ff [delegate=amqp://guest@127.0.0.1:5672/, localPort=57274]
2024-10-04 16:17:26,781 k.amqp.rabbit.core.RabbitAdmin -           initialize:686  - INFO  - [] - Auto-declaring a non-durable, auto-delete, or exclusive Queue (myQueue) durable:false, auto-delete:false, exclusive:false. It will be redeclared if the broker stops and is restarted while the connection factory is alive, but all messages will be lost.
2024-10-04 16:17:26,819 eplyToMessageListenerContainer -          actualStart:471  - INFO  - [] - Container initialized for queues: [amq.rabbitmq.reply-to]
2024-10-04 16:17:26,829 eplyToMessageListenerContainer -   doConsumeFromQueue:769  - INFO  - [] - SimpleConsumer [queue=amq.rabbitmq.reply-to, index=0, consumerTag=amq.ctag-C7yIdIcqcprjHQ17JPGjQw identity=325733bc] started
2024-10-04 16:17:31,851 mo.service.impl.PayServiceImpl -    setDataToRabbitMQ:76   - INFO  - [] - Response Consumer: null
2024-10-04 16:17:31,852 mo.service.impl.PayServiceImpl -    setDataToRabbitMQ:92   - ERROR - [] - Unexpected error: 
vn.vnpay.bank_demo.common.exception.BankException: Not found consumer
	at vn.vnpay.bank_demo.service.impl.PayServiceImpl.setDataToRabbitMQ(PayServiceImpl.java:80)
	at vn.vnpay.bank_demo.service.impl.PayServiceImpl.createPayment(PayServiceImpl.java:64)
	at vn.vnpay.bank_demo.controller.payment.PayController.restPayment(PayController.java:24)
	at java.base/jdk.internal.reflect.NativeMethodAccessorImpl.invoke0(Native Method)
	at java.base/jdk.internal.reflect.NativeMethodAccessorImpl.invoke(NativeMethodAccessorImpl.java:77)
	at java.base/jdk.internal.reflect.DelegatingMethodAccessorImpl.invoke(DelegatingMethodAccessorImpl.java:43)
	at java.base/java.lang.reflect.Method.invoke(Method.java:568)
	at org.springframework.web.method.support.InvocableHandlerMethod.doInvoke(InvocableHandlerMethod.java:255)
	at org.springframework.web.method.support.InvocableHandlerMethod.invokeForRequest(InvocableHandlerMethod.java:188)
	at org.springframework.web.servlet.mvc.method.annotation.ServletInvocableHandlerMethod.invokeAndHandle(ServletInvocableHandlerMethod.java:118)
	at org.springframework.web.servlet.mvc.method.annotation.RequestMappingHandlerAdapter.invokeHandlerMethod(RequestMappingHandlerAdapter.java:926)
	at org.springframework.web.servlet.mvc.method.annotation.RequestMappingHandlerAdapter.handleInternal(RequestMappingHandlerAdapter.java:831)
	at org.springframework.web.servlet.mvc.method.AbstractHandlerMethodAdapter.handle(AbstractHandlerMethodAdapter.java:87)
	at org.springframework.web.servlet.DispatcherServlet.doDispatch(DispatcherServlet.java:1089)
	at org.springframework.web.servlet.DispatcherServlet.doService(DispatcherServlet.java:979)
	at org.springframework.web.servlet.FrameworkServlet.processRequest(FrameworkServlet.java:1014)
	at org.springframework.web.servlet.FrameworkServlet.doPost(FrameworkServlet.java:914)
	at jakarta.servlet.http.HttpServlet.service(HttpServlet.java:590)
	at org.springframework.web.servlet.FrameworkServlet.service(FrameworkServlet.java:885)
	at jakarta.servlet.http.HttpServlet.service(HttpServlet.java:658)
	at org.apache.catalina.core.ApplicationFilterChain.internalDoFilter(ApplicationFilterChain.java:195)
	at org.apache.catalina.core.ApplicationFilterChain.doFilter(ApplicationFilterChain.java:140)
	at org.apache.tomcat.websocket.server.WsFilter.doFilter(WsFilter.java:51)
	at org.apache.catalina.core.ApplicationFilterChain.internalDoFilter(ApplicationFilterChain.java:164)
	at org.apache.catalina.core.ApplicationFilterChain.doFilter(ApplicationFilterChain.java:140)
	at org.springframework.web.filter.RequestContextFilter.doFilterInternal(RequestContextFilter.java:100)
	at org.springframework.web.filter.OncePerRequestFilter.doFilter(OncePerRequestFilter.java:116)
	at org.apache.catalina.core.ApplicationFilterChain.internalDoFilter(ApplicationFilterChain.java:164)
	at org.apache.catalina.core.ApplicationFilterChain.doFilter(ApplicationFilterChain.java:140)
	at org.springframework.web.filter.FormContentFilter.doFilterInternal(FormContentFilter.java:93)
	at org.springframework.web.filter.OncePerRequestFilter.doFilter(OncePerRequestFilter.java:116)
	at org.apache.catalina.core.ApplicationFilterChain.internalDoFilter(ApplicationFilterChain.java:164)
	at org.apache.catalina.core.ApplicationFilterChain.doFilter(ApplicationFilterChain.java:140)
	at org.springframework.web.filter.CharacterEncodingFilter.doFilterInternal(CharacterEncodingFilter.java:201)
	at org.springframework.web.filter.OncePerRequestFilter.doFilter(OncePerRequestFilter.java:116)
	at org.apache.catalina.core.ApplicationFilterChain.internalDoFilter(ApplicationFilterChain.java:164)
	at org.apache.catalina.core.ApplicationFilterChain.doFilter(ApplicationFilterChain.java:140)
	at org.apache.catalina.core.StandardWrapperValve.invoke(StandardWrapperValve.java:167)
	at org.apache.catalina.core.StandardContextValve.invoke(StandardContextValve.java:90)
	at org.apache.catalina.authenticator.AuthenticatorBase.invoke(AuthenticatorBase.java:483)
	at org.apache.catalina.core.StandardHostValve.invoke(StandardHostValve.java:115)
	at org.apache.catalina.valves.ErrorReportValve.invoke(ErrorReportValve.java:93)
	at org.apache.catalina.core.StandardEngineValve.invoke(StandardEngineValve.java:74)
	at org.apache.catalina.connector.CoyoteAdapter.service(CoyoteAdapter.java:344)
	at org.apache.coyote.http11.Http11Processor.service(Http11Processor.java:384)
	at org.apache.coyote.AbstractProcessorLight.process(AbstractProcessorLight.java:63)
	at org.apache.coyote.AbstractProtocol$ConnectionHandler.process(AbstractProtocol.java:904)
	at org.apache.tomcat.util.net.NioEndpoint$SocketProcessor.doRun(NioEndpoint.java:1741)
	at org.apache.tomcat.util.net.SocketProcessorBase.run(SocketProcessorBase.java:52)
	at org.apache.tomcat.util.threads.ThreadPoolExecutor.runWorker(ThreadPoolExecutor.java:1190)
	at org.apache.tomcat.util.threads.ThreadPoolExecutor$Worker.run(ThreadPoolExecutor.java:659)
	at org.apache.tomcat.util.threads.TaskThread$WrappingRunnable.run(TaskThread.java:63)
	at java.base/java.lang.Thread.run(Thread.java:833)
2024-10-04 16:17:31,856 ay.bank_demo.util.CheckSumUtil -    calculateCheckSum:26   - INFO  - [] - Checksum: 6504b5da5ed4cfe7323b0fa06bfdb6242f1be565f3319fa7e6b73bc29550ba8b
2024-10-04 16:20:16,771 mo.service.impl.PayServiceImpl -        createPayment:43   - INFO  - [] - Begin create-payment: {
  "tokenKey": "ey7CnpknHkmhWmcvqnknUOae4\u003d",
  "apiId": "restPayment",
  "mobile": "0345225630",
  "bankCode": "98765432",
  "privateKey": "87654321",
  "accountNo": "0001100014211002",
  "payDate": "20230918124530",
  "additionalData": "11",
  "debitAmount": 11300,
  "respCode": "00",
  "respDesc": "SUCCESS",
  "traceTransfer": "FT19310RH6P1",
  "messageType": "1",
  "checkSum": "a66f9c27ddc8bee82c50b5603cbb861eae7b3c26e7a5a75047268058898c7f41",
  "orderCode": "FT19310RH6P1",
  "userName": "cntest001",
  "realAmount": 11200,
  "promotionCode": "ABCXYZ",
  "addValue": "{\"payMethod\":\"01\",\"payMethodMMS\":1}"
}
2024-10-04 16:20:16,772 ay.bank_demo.util.CheckSumUtil -    calculateCheckSum:26   - INFO  - [] - Checksum: a66f9c27ddc8bee82c50b5603cbb861eae7b3c26e7a5a75047268058898c7f41
2024-10-04 16:20:16,773 mo.service.impl.PayServiceImpl -     validateCheckSum:147  - INFO  - [] - Checksum request: a66f9c27ddc8bee82c50b5603cbb861eae7b3c26e7a5a75047268058898c7f41
2024-10-04 16:20:16,776 eplyToMessageListenerContainer -   doConsumeFromQueue:769  - INFO  - [] - SimpleConsumer [queue=amq.rabbitmq.reply-to, index=0, consumerTag=amq.ctag-M2kbPTf6wEnQAYWZCiSkqA identity=32bc6aef] started
2024-10-04 16:20:21,780 mo.service.impl.PayServiceImpl -    setDataToRabbitMQ:76   - INFO  - [] - Response Consumer: null
2024-10-04 16:20:21,780 mo.service.impl.PayServiceImpl -    setDataToRabbitMQ:92   - ERROR - [] - Unexpected error: 
vn.vnpay.bank_demo.common.exception.BankException: Not found consumer
	at vn.vnpay.bank_demo.service.impl.PayServiceImpl.setDataToRabbitMQ(PayServiceImpl.java:80)
	at vn.vnpay.bank_demo.service.impl.PayServiceImpl.createPayment(PayServiceImpl.java:64)
	at vn.vnpay.bank_demo.controller.payment.PayController.restPayment(PayController.java:24)
	at java.base/jdk.internal.reflect.NativeMethodAccessorImpl.invoke0(Native Method)
	at java.base/jdk.internal.reflect.NativeMethodAccessorImpl.invoke(NativeMethodAccessorImpl.java:77)
	at java.base/jdk.internal.reflect.DelegatingMethodAccessorImpl.invoke(DelegatingMethodAccessorImpl.java:43)
	at java.base/java.lang.reflect.Method.invoke(Method.java:568)
	at org.springframework.web.method.support.InvocableHandlerMethod.doInvoke(InvocableHandlerMethod.java:255)
	at org.springframework.web.method.support.InvocableHandlerMethod.invokeForRequest(InvocableHandlerMethod.java:188)
	at org.springframework.web.servlet.mvc.method.annotation.ServletInvocableHandlerMethod.invokeAndHandle(ServletInvocableHandlerMethod.java:118)
	at org.springframework.web.servlet.mvc.method.annotation.RequestMappingHandlerAdapter.invokeHandlerMethod(RequestMappingHandlerAdapter.java:926)
	at org.springframework.web.servlet.mvc.method.annotation.RequestMappingHandlerAdapter.handleInternal(RequestMappingHandlerAdapter.java:831)
	at org.springframework.web.servlet.mvc.method.AbstractHandlerMethodAdapter.handle(AbstractHandlerMethodAdapter.java:87)
	at org.springframework.web.servlet.DispatcherServlet.doDispatch(DispatcherServlet.java:1089)
	at org.springframework.web.servlet.DispatcherServlet.doService(DispatcherServlet.java:979)
	at org.springframework.web.servlet.FrameworkServlet.processRequest(FrameworkServlet.java:1014)
	at org.springframework.web.servlet.FrameworkServlet.doPost(FrameworkServlet.java:914)
	at jakarta.servlet.http.HttpServlet.service(HttpServlet.java:590)
	at org.springframework.web.servlet.FrameworkServlet.service(FrameworkServlet.java:885)
	at jakarta.servlet.http.HttpServlet.service(HttpServlet.java:658)
	at org.apache.catalina.core.ApplicationFilterChain.internalDoFilter(ApplicationFilterChain.java:195)
	at org.apache.catalina.core.ApplicationFilterChain.doFilter(ApplicationFilterChain.java:140)
	at org.apache.tomcat.websocket.server.WsFilter.doFilter(WsFilter.java:51)
	at org.apache.catalina.core.ApplicationFilterChain.internalDoFilter(ApplicationFilterChain.java:164)
	at org.apache.catalina.core.ApplicationFilterChain.doFilter(ApplicationFilterChain.java:140)
	at org.springframework.web.filter.RequestContextFilter.doFilterInternal(RequestContextFilter.java:100)
	at org.springframework.web.filter.OncePerRequestFilter.doFilter(OncePerRequestFilter.java:116)
	at org.apache.catalina.core.ApplicationFilterChain.internalDoFilter(ApplicationFilterChain.java:164)
	at org.apache.catalina.core.ApplicationFilterChain.doFilter(ApplicationFilterChain.java:140)
	at org.springframework.web.filter.FormContentFilter.doFilterInternal(FormContentFilter.java:93)
	at org.springframework.web.filter.OncePerRequestFilter.doFilter(OncePerRequestFilter.java:116)
	at org.apache.catalina.core.ApplicationFilterChain.internalDoFilter(ApplicationFilterChain.java:164)
	at org.apache.catalina.core.ApplicationFilterChain.doFilter(ApplicationFilterChain.java:140)
	at org.springframework.web.filter.CharacterEncodingFilter.doFilterInternal(CharacterEncodingFilter.java:201)
	at org.springframework.web.filter.OncePerRequestFilter.doFilter(OncePerRequestFilter.java:116)
	at org.apache.catalina.core.ApplicationFilterChain.internalDoFilter(ApplicationFilterChain.java:164)
	at org.apache.catalina.core.ApplicationFilterChain.doFilter(ApplicationFilterChain.java:140)
	at org.apache.catalina.core.StandardWrapperValve.invoke(StandardWrapperValve.java:167)
	at org.apache.catalina.core.StandardContextValve.invoke(StandardContextValve.java:90)
	at org.apache.catalina.authenticator.AuthenticatorBase.invoke(AuthenticatorBase.java:483)
	at org.apache.catalina.core.StandardHostValve.invoke(StandardHostValve.java:115)
	at org.apache.catalina.valves.ErrorReportValve.invoke(ErrorReportValve.java:93)
	at org.apache.catalina.core.StandardEngineValve.invoke(StandardEngineValve.java:74)
	at org.apache.catalina.connector.CoyoteAdapter.service(CoyoteAdapter.java:344)
	at org.apache.coyote.http11.Http11Processor.service(Http11Processor.java:384)
	at org.apache.coyote.AbstractProcessorLight.process(AbstractProcessorLight.java:63)
	at org.apache.coyote.AbstractProtocol$ConnectionHandler.process(AbstractProtocol.java:904)
	at org.apache.tomcat.util.net.NioEndpoint$SocketProcessor.doRun(NioEndpoint.java:1741)
	at org.apache.tomcat.util.net.SocketProcessorBase.run(SocketProcessorBase.java:52)
	at org.apache.tomcat.util.threads.ThreadPoolExecutor.runWorker(ThreadPoolExecutor.java:1190)
	at org.apache.tomcat.util.threads.ThreadPoolExecutor$Worker.run(ThreadPoolExecutor.java:659)
	at org.apache.tomcat.util.threads.TaskThread$WrappingRunnable.run(TaskThread.java:63)
	at java.base/java.lang.Thread.run(Thread.java:833)
2024-10-04 16:20:21,781 ay.bank_demo.util.CheckSumUtil -    calculateCheckSum:26   - INFO  - [] - Checksum: 6504b5da5ed4cfe7323b0fa06bfdb6242f1be565f3319fa7e6b73bc29550ba8b
2024-10-04 16:21:22,196 eplyToMessageListenerContainer - nAndWaitOrCallback$7:871  - INFO  - [] - Successfully waited for consumers to finish.
2024-10-04 16:21:22,207 tainerEntityManagerFactoryBean -              destroy:650  - INFO  - [] - Closing JPA EntityManagerFactory for persistence unit 'default'
2024-10-04 16:21:22,208 zaxxer.hikari.HikariDataSource -                close:349  - INFO  - [] - HikariPool-1 - Shutdown initiated...
2024-10-04 16:21:22,214 zaxxer.hikari.HikariDataSource -                close:351  - INFO  - [] - HikariPool-1 - Shutdown completed.
2024-10-04 16:21:26,135 alidator.internal.util.Version -             <clinit>:21   - INFO  - [] - HV000001: Hibernate Validator 8.0.1.Final
2024-10-04 16:21:26,163 .bank_demo.BankDemoApplication -          logStarting:50   - INFO  - [] - Starting BankDemoApplication using Java 17.0.8.1 with PID 17948 (D:\VNPay\TTS\bank_demo\target\classes started by MSI in D:\VNPay\TTS\bank_demo)
2024-10-04 16:21:26,164 .bank_demo.BankDemoApplication - ogStartupProfileInfo:654  - INFO  - [] - No active profile set, falling back to 1 default profile: "default"
2024-10-04 16:21:26,626 epositoryConfigurationDelegate - ltipleStoresDetected:295  - INFO  - [] - Multiple Spring Data modules found, entering strict repository configuration mode
2024-10-04 16:21:26,628 epositoryConfigurationDelegate - gisterRepositoriesIn:143  - INFO  - [] - Bootstrapping Spring Data JPA repositories in DEFAULT mode.
2024-10-04 16:21:26,724 epositoryConfigurationDelegate - gisterRepositoriesIn:211  - INFO  - [] - Finished Spring Data repository scanning in 92 ms. Found 2 JPA repository interfaces.
2024-10-04 16:21:26,733 epositoryConfigurationDelegate - ltipleStoresDetected:295  - INFO  - [] - Multiple Spring Data modules found, entering strict repository configuration mode
2024-10-04 16:21:26,734 epositoryConfigurationDelegate - gisterRepositoriesIn:143  - INFO  - [] - Bootstrapping Spring Data Redis repositories in DEFAULT mode.
2024-10-04 16:21:26,744 yConfigurationExtensionSupport - tRepositoryCandidate:320  - INFO  - [] - Spring Data Redis - Could not safely identify store assignment for repository candidate interface vn.vnpay.bank_demo.repository.PaymentRepository; If you want this repository to be a Redis repository, consider annotating your entities with one of these annotations: org.springframework.data.redis.core.RedisHash (preferred), or consider extending one of the following types with your repository: org.springframework.data.keyvalue.repository.KeyValueRepository
2024-10-04 16:21:26,744 yConfigurationExtensionSupport - tRepositoryCandidate:320  - INFO  - [] - Spring Data Redis - Could not safely identify store assignment for repository candidate interface vn.vnpay.bank_demo.repository.UsersRepository; If you want this repository to be a Redis repository, consider annotating your entities with one of these annotations: org.springframework.data.redis.core.RedisHash (preferred), or consider extending one of the following types with your repository: org.springframework.data.keyvalue.repository.KeyValueRepository
2024-10-04 16:21:26,744 epositoryConfigurationDelegate - gisterRepositoriesIn:211  - INFO  - [] - Finished Spring Data repository scanning in 4 ms. Found 0 Redis repository interfaces.
2024-10-04 16:21:27,074 mbedded.tomcat.TomcatWebServer -           initialize:111  - INFO  - [] - Tomcat initialized with port 8080 (http)
2024-10-04 16:21:27,089 oyote.http11.Http11NioProtocol -                  log:173  - INFO  - [] - Initializing ProtocolHandler ["http-nio-8080"]
2024-10-04 16:21:27,092 .catalina.core.StandardService -                  log:173  - INFO  - [] - Starting service [Tomcat]
2024-10-04 16:21:27,092 e.catalina.core.StandardEngine -                  log:173  - INFO  - [] - Starting Servlet engine: [Apache Tomcat/10.1.28]
2024-10-04 16:21:27,136 .[Tomcat].[localhost].[/vnpay] -                  log:173  - INFO  - [] - Initializing Spring embedded WebApplicationContext
2024-10-04 16:21:27,136 letWebServerApplicationContext - ebApplicationContext:296  - INFO  - [] - Root WebApplicationContext: initialization completed in 947 ms
2024-10-04 16:21:27,281 te.jpa.internal.util.LogHelper - tenceUnitInformation:31   - INFO  - [] - HHH000204: Processing PersistenceUnitInfo [name: default]
2024-10-04 16:21:27,316 org.hibernate.Version          -           logVersion:44   - INFO  - [] - HHH000412: Hibernate ORM core version 6.5.2.Final
2024-10-04 16:21:27,339 nternal.RegionFactoryInitiator -      initiateService:50   - INFO  - [] - HHH000026: Second-level cache disabled
2024-10-04 16:21:27,515 unit.SpringPersistenceUnitInfo -       addTransformer:87   - INFO  - [] - No LoadTimeWeaver setup: ignoring JPA class transformer
2024-10-04 16:21:27,535 zaxxer.hikari.HikariDataSource -        getConnection:109  - INFO  - [] - HikariPool-1 - Starting...
2024-10-04 16:21:27,684 .zaxxer.hikari.pool.HikariPool -        checkFailFast:554  - INFO  - [] - HikariPool-1 - Added connection ConnectionID:1 ClientConnectionId: 2ed6a2d7-f033-4ffe-ad26-377dc597b5ec
2024-10-04 16:21:27,686 zaxxer.hikari.HikariDataSource -        getConnection:122  - INFO  - [] - HikariPool-1 - Start completed.
2024-10-04 16:21:28,265 .internal.JtaPlatformInitiator -      initiateService:59   - INFO  - [] - HHH000489: No JTA platform available (set 'hibernate.transaction.jta.platform' to enable JTA platform integration)
2024-10-04 16:21:28,267 tainerEntityManagerFactoryBean - EntityManagerFactory:437  - INFO  - [] - Initialized JPA EntityManagerFactory for persistence unit 'default'
2024-10-04 16:21:28,827 figuration$JpaWebConfiguration - gerInViewInterceptor:236  - WARN  - [] - spring.jpa.open-in-view is enabled by default. Therefore, database queries may be performed during view rendering. Explicitly configure spring.jpa.open-in-view to disable this warning
2024-10-04 16:21:28,983 tTemplateResolverConfiguration - mplateLocationExists:101  - WARN  - [] - Cannot find template location: classpath:/templates/ (please add some templates, check your Thymeleaf configuration, or set spring.thymeleaf.check-template-location=false)
2024-10-04 16:21:29,093 oyote.http11.Http11NioProtocol -                  log:173  - INFO  - [] - Starting ProtocolHandler ["http-nio-8080"]
2024-10-04 16:21:29,105 mbedded.tomcat.TomcatWebServer -                start:243  - INFO  - [] - Tomcat started on port 8080 (http) with context path '/vnpay'
2024-10-04 16:21:29,112 .bank_demo.BankDemoApplication -           logStarted:56   - INFO  - [] - Started BankDemoApplication in 3.289 seconds (process running for 3.747)
2024-10-04 16:21:50,127 .[Tomcat].[localhost].[/vnpay] -                  log:173  - INFO  - [] - Initializing Spring DispatcherServlet 'dispatcherServlet'
2024-10-04 16:21:50,128 .web.servlet.DispatcherServlet -      initServletBean:532  - INFO  - [] - Initializing Servlet 'dispatcherServlet'
2024-10-04 16:21:50,129 .web.servlet.DispatcherServlet -      initServletBean:554  - INFO  - [] - Completed initialization in 1 ms
2024-10-04 16:21:50,263 mo.service.impl.PayServiceImpl -        createPayment:43   - INFO  - [] - Begin create-payment: {
  "tokenKey": "ey7CnpknHkhWmcvqnknUOae4\u003d",
  "apiId": "restPayment",
  "mobile": "0345225630",
  "bankCode": "98765432",
  "privateKey": "87654321",
  "accountNo": "0001100014211002",
  "payDate": "20230918124530",
  "additionalData": "11",
  "debitAmount": 11300,
  "respCode": "00",
  "respDesc": "SUCCESS",
  "traceTransfer": "FT19310RH6P1",
  "messageType": "1",
  "checkSum": "a66f9c27ddc8bee82c50b5603cbb861eae7b3c26e7a5a75047268058898c7f41",
  "orderCode": "FT19310RH6P1",
  "userName": "cntest001",
  "realAmount": 11200,
  "promotionCode": "ABCXYZ",
  "addValue": "{\"payMethod\":\"01\",\"payMethodMMS\":1}"
}
2024-10-04 16:21:50,595 ay.bank_demo.util.CheckSumUtil -    calculateCheckSum:26   - INFO  - [] - Checksum: a66f9c27ddc8bee82c50b5603cbb861eae7b3c26e7a5a75047268058898c7f41
2024-10-04 16:21:50,595 mo.service.impl.PayServiceImpl -     validateCheckSum:147  - INFO  - [] - Checksum request: a66f9c27ddc8bee82c50b5603cbb861eae7b3c26e7a5a75047268058898c7f41
2024-10-04 16:21:50,596 mo.service.impl.PayServiceImpl -    setDataToRabbitMQ:92   - ERROR - [] - Unexpected error: 
java.lang.IllegalArgumentException: SimpleMessageConverter only supports String, byte[] and Serializable payloads, received: vn.vnpay.bank_demo.model.dto.payment.request.PaymentRequestDTO
	at org.springframework.amqp.support.converter.SimpleMessageConverter.createMessage(SimpleMessageConverter.java:143)
	at org.springframework.amqp.support.converter.AbstractMessageConverter.createMessage(AbstractMessageConverter.java:88)
	at org.springframework.amqp.support.converter.AbstractMessageConverter.toMessage(AbstractMessageConverter.java:70)
	at org.springframework.amqp.support.converter.AbstractMessageConverter.toMessage(AbstractMessageConverter.java:58)
	at org.springframework.amqp.rabbit.core.RabbitTemplate.convertMessageIfNecessary(RabbitTemplate.java:1892)
	at org.springframework.amqp.rabbit.core.RabbitTemplate.convertSendAndReceiveRaw(RabbitTemplate.java:1880)
	at org.springframework.amqp.rabbit.core.RabbitTemplate.convertSendAndReceive(RabbitTemplate.java:1750)
	at org.springframework.amqp.rabbit.core.RabbitTemplate.convertSendAndReceive(RabbitTemplate.java:1684)
	at org.springframework.amqp.rabbit.core.RabbitTemplate.convertSendAndReceive(RabbitTemplate.java:1676)
	at vn.vnpay.bank_demo.service.impl.PayServiceImpl.setDataToRabbitMQ(PayServiceImpl.java:75)
	at vn.vnpay.bank_demo.service.impl.PayServiceImpl.createPayment(PayServiceImpl.java:64)
	at vn.vnpay.bank_demo.controller.payment.PayController.restPayment(PayController.java:24)
	at java.base/jdk.internal.reflect.NativeMethodAccessorImpl.invoke0(Native Method)
	at java.base/jdk.internal.reflect.NativeMethodAccessorImpl.invoke(NativeMethodAccessorImpl.java:77)
	at java.base/jdk.internal.reflect.DelegatingMethodAccessorImpl.invoke(DelegatingMethodAccessorImpl.java:43)
	at java.base/java.lang.reflect.Method.invoke(Method.java:568)
	at org.springframework.web.method.support.InvocableHandlerMethod.doInvoke(InvocableHandlerMethod.java:255)
	at org.springframework.web.method.support.InvocableHandlerMethod.invokeForRequest(InvocableHandlerMethod.java:188)
	at org.springframework.web.servlet.mvc.method.annotation.ServletInvocableHandlerMethod.invokeAndHandle(ServletInvocableHandlerMethod.java:118)
	at org.springframework.web.servlet.mvc.method.annotation.RequestMappingHandlerAdapter.invokeHandlerMethod(RequestMappingHandlerAdapter.java:926)
	at org.springframework.web.servlet.mvc.method.annotation.RequestMappingHandlerAdapter.handleInternal(RequestMappingHandlerAdapter.java:831)
	at org.springframework.web.servlet.mvc.method.AbstractHandlerMethodAdapter.handle(AbstractHandlerMethodAdapter.java:87)
	at org.springframework.web.servlet.DispatcherServlet.doDispatch(DispatcherServlet.java:1089)
	at org.springframework.web.servlet.DispatcherServlet.doService(DispatcherServlet.java:979)
	at org.springframework.web.servlet.FrameworkServlet.processRequest(FrameworkServlet.java:1014)
	at org.springframework.web.servlet.FrameworkServlet.doPost(FrameworkServlet.java:914)
	at jakarta.servlet.http.HttpServlet.service(HttpServlet.java:590)
	at org.springframework.web.servlet.FrameworkServlet.service(FrameworkServlet.java:885)
	at jakarta.servlet.http.HttpServlet.service(HttpServlet.java:658)
	at org.apache.catalina.core.ApplicationFilterChain.internalDoFilter(ApplicationFilterChain.java:195)
	at org.apache.catalina.core.ApplicationFilterChain.doFilter(ApplicationFilterChain.java:140)
	at org.apache.tomcat.websocket.server.WsFilter.doFilter(WsFilter.java:51)
	at org.apache.catalina.core.ApplicationFilterChain.internalDoFilter(ApplicationFilterChain.java:164)
	at org.apache.catalina.core.ApplicationFilterChain.doFilter(ApplicationFilterChain.java:140)
	at org.springframework.web.filter.RequestContextFilter.doFilterInternal(RequestContextFilter.java:100)
	at org.springframework.web.filter.OncePerRequestFilter.doFilter(OncePerRequestFilter.java:116)
	at org.apache.catalina.core.ApplicationFilterChain.internalDoFilter(ApplicationFilterChain.java:164)
	at org.apache.catalina.core.ApplicationFilterChain.doFilter(ApplicationFilterChain.java:140)
	at org.springframework.web.filter.FormContentFilter.doFilterInternal(FormContentFilter.java:93)
	at org.springframework.web.filter.OncePerRequestFilter.doFilter(OncePerRequestFilter.java:116)
	at org.apache.catalina.core.ApplicationFilterChain.internalDoFilter(ApplicationFilterChain.java:164)
	at org.apache.catalina.core.ApplicationFilterChain.doFilter(ApplicationFilterChain.java:140)
	at org.springframework.web.filter.CharacterEncodingFilter.doFilterInternal(CharacterEncodingFilter.java:201)
	at org.springframework.web.filter.OncePerRequestFilter.doFilter(OncePerRequestFilter.java:116)
	at org.apache.catalina.core.ApplicationFilterChain.internalDoFilter(ApplicationFilterChain.java:164)
	at org.apache.catalina.core.ApplicationFilterChain.doFilter(ApplicationFilterChain.java:140)
	at org.apache.catalina.core.StandardWrapperValve.invoke(StandardWrapperValve.java:167)
	at org.apache.catalina.core.StandardContextValve.invoke(StandardContextValve.java:90)
	at org.apache.catalina.authenticator.AuthenticatorBase.invoke(AuthenticatorBase.java:483)
	at org.apache.catalina.core.StandardHostValve.invoke(StandardHostValve.java:115)
	at org.apache.catalina.valves.ErrorReportValve.invoke(ErrorReportValve.java:93)
	at org.apache.catalina.core.StandardEngineValve.invoke(StandardEngineValve.java:74)
	at org.apache.catalina.connector.CoyoteAdapter.service(CoyoteAdapter.java:344)
	at org.apache.coyote.http11.Http11Processor.service(Http11Processor.java:384)
	at org.apache.coyote.AbstractProcessorLight.process(AbstractProcessorLight.java:63)
	at org.apache.coyote.AbstractProtocol$ConnectionHandler.process(AbstractProtocol.java:904)
	at org.apache.tomcat.util.net.NioEndpoint$SocketProcessor.doRun(NioEndpoint.java:1741)
	at org.apache.tomcat.util.net.SocketProcessorBase.run(SocketProcessorBase.java:52)
	at org.apache.tomcat.util.threads.ThreadPoolExecutor.runWorker(ThreadPoolExecutor.java:1190)
	at org.apache.tomcat.util.threads.ThreadPoolExecutor$Worker.run(ThreadPoolExecutor.java:659)
	at org.apache.tomcat.util.threads.TaskThread$WrappingRunnable.run(TaskThread.java:63)
	at java.base/java.lang.Thread.run(Thread.java:833)
2024-10-04 16:21:50,599 ay.bank_demo.util.CheckSumUtil -    calculateCheckSum:26   - INFO  - [] - Checksum: 6504b5da5ed4cfe7323b0fa06bfdb6242f1be565f3319fa7e6b73bc29550ba8b
2024-10-04 16:22:30,398 tainerEntityManagerFactoryBean -              destroy:650  - INFO  - [] - Closing JPA EntityManagerFactory for persistence unit 'default'
2024-10-04 16:22:30,400 zaxxer.hikari.HikariDataSource -                close:349  - INFO  - [] - HikariPool-1 - Shutdown initiated...
2024-10-04 16:22:30,403 zaxxer.hikari.HikariDataSource -                close:351  - INFO  - [] - HikariPool-1 - Shutdown completed.
2024-10-04 16:22:33,601 alidator.internal.util.Version -             <clinit>:21   - INFO  - [] - HV000001: Hibernate Validator 8.0.1.Final
2024-10-04 16:22:33,626 .bank_demo.BankDemoApplication -          logStarting:50   - INFO  - [] - Starting BankDemoApplication using Java 17.0.8.1 with PID 18420 (D:\VNPay\TTS\bank_demo\target\classes started by MSI in D:\VNPay\TTS\bank_demo)
2024-10-04 16:22:33,626 .bank_demo.BankDemoApplication - ogStartupProfileInfo:654  - INFO  - [] - No active profile set, falling back to 1 default profile: "default"
2024-10-04 16:22:34,087 epositoryConfigurationDelegate - ltipleStoresDetected:295  - INFO  - [] - Multiple Spring Data modules found, entering strict repository configuration mode
2024-10-04 16:22:34,088 epositoryConfigurationDelegate - gisterRepositoriesIn:143  - INFO  - [] - Bootstrapping Spring Data JPA repositories in DEFAULT mode.
2024-10-04 16:22:34,187 epositoryConfigurationDelegate - gisterRepositoriesIn:211  - INFO  - [] - Finished Spring Data repository scanning in 94 ms. Found 2 JPA repository interfaces.
2024-10-04 16:22:34,197 epositoryConfigurationDelegate - ltipleStoresDetected:295  - INFO  - [] - Multiple Spring Data modules found, entering strict repository configuration mode
2024-10-04 16:22:34,198 epositoryConfigurationDelegate - gisterRepositoriesIn:143  - INFO  - [] - Bootstrapping Spring Data Redis repositories in DEFAULT mode.
2024-10-04 16:22:34,212 yConfigurationExtensionSupport - tRepositoryCandidate:320  - INFO  - [] - Spring Data Redis - Could not safely identify store assignment for repository candidate interface vn.vnpay.bank_demo.repository.PaymentRepository; If you want this repository to be a Redis repository, consider annotating your entities with one of these annotations: org.springframework.data.redis.core.RedisHash (preferred), or consider extending one of the following types with your repository: org.springframework.data.keyvalue.repository.KeyValueRepository
2024-10-04 16:22:34,212 yConfigurationExtensionSupport - tRepositoryCandidate:320  - INFO  - [] - Spring Data Redis - Could not safely identify store assignment for repository candidate interface vn.vnpay.bank_demo.repository.UsersRepository; If you want this repository to be a Redis repository, consider annotating your entities with one of these annotations: org.springframework.data.redis.core.RedisHash (preferred), or consider extending one of the following types with your repository: org.springframework.data.keyvalue.repository.KeyValueRepository
2024-10-04 16:22:34,212 epositoryConfigurationDelegate - gisterRepositoriesIn:211  - INFO  - [] - Finished Spring Data repository scanning in 8 ms. Found 0 Redis repository interfaces.
2024-10-04 16:22:34,546 mbedded.tomcat.TomcatWebServer -           initialize:111  - INFO  - [] - Tomcat initialized with port 8080 (http)
2024-10-04 16:22:34,558 oyote.http11.Http11NioProtocol -                  log:173  - INFO  - [] - Initializing ProtocolHandler ["http-nio-8080"]
2024-10-04 16:22:34,560 .catalina.core.StandardService -                  log:173  - INFO  - [] - Starting service [Tomcat]
2024-10-04 16:22:34,560 e.catalina.core.StandardEngine -                  log:173  - INFO  - [] - Starting Servlet engine: [Apache Tomcat/10.1.28]
2024-10-04 16:22:34,602 .[Tomcat].[localhost].[/vnpay] -                  log:173  - INFO  - [] - Initializing Spring embedded WebApplicationContext
2024-10-04 16:22:34,602 letWebServerApplicationContext - ebApplicationContext:296  - INFO  - [] - Root WebApplicationContext: initialization completed in 953 ms
2024-10-04 16:22:34,726 te.jpa.internal.util.LogHelper - tenceUnitInformation:31   - INFO  - [] - HHH000204: Processing PersistenceUnitInfo [name: default]
2024-10-04 16:22:34,757 org.hibernate.Version          -           logVersion:44   - INFO  - [] - HHH000412: Hibernate ORM core version 6.5.2.Final
2024-10-04 16:22:34,779 nternal.RegionFactoryInitiator -      initiateService:50   - INFO  - [] - HHH000026: Second-level cache disabled
2024-10-04 16:22:34,955 unit.SpringPersistenceUnitInfo -       addTransformer:87   - INFO  - [] - No LoadTimeWeaver setup: ignoring JPA class transformer
2024-10-04 16:22:34,976 zaxxer.hikari.HikariDataSource -        getConnection:109  - INFO  - [] - HikariPool-1 - Starting...
2024-10-04 16:22:35,140 .zaxxer.hikari.pool.HikariPool -        checkFailFast:554  - INFO  - [] - HikariPool-1 - Added connection ConnectionID:1 ClientConnectionId: e18f7ae7-4c15-4744-ba00-3eacf76aa37b
2024-10-04 16:22:35,141 zaxxer.hikari.HikariDataSource -        getConnection:122  - INFO  - [] - HikariPool-1 - Start completed.
2024-10-04 16:22:35,719 .internal.JtaPlatformInitiator -      initiateService:59   - INFO  - [] - HHH000489: No JTA platform available (set 'hibernate.transaction.jta.platform' to enable JTA platform integration)
2024-10-04 16:22:35,721 tainerEntityManagerFactoryBean - EntityManagerFactory:437  - INFO  - [] - Initialized JPA EntityManagerFactory for persistence unit 'default'
2024-10-04 16:22:36,298 figuration$JpaWebConfiguration - gerInViewInterceptor:236  - WARN  - [] - spring.jpa.open-in-view is enabled by default. Therefore, database queries may be performed during view rendering. Explicitly configure spring.jpa.open-in-view to disable this warning
2024-10-04 16:22:36,432 tTemplateResolverConfiguration - mplateLocationExists:101  - WARN  - [] - Cannot find template location: classpath:/templates/ (please add some templates, check your Thymeleaf configuration, or set spring.thymeleaf.check-template-location=false)
2024-10-04 16:22:36,542 oyote.http11.Http11NioProtocol -                  log:173  - INFO  - [] - Starting ProtocolHandler ["http-nio-8080"]
2024-10-04 16:22:36,554 mbedded.tomcat.TomcatWebServer -                start:243  - INFO  - [] - Tomcat started on port 8080 (http) with context path '/vnpay'
2024-10-04 16:22:36,560 .bank_demo.BankDemoApplication -           logStarted:56   - INFO  - [] - Started BankDemoApplication in 3.268 seconds (process running for 3.694)
2024-10-04 16:22:43,459 .[Tomcat].[localhost].[/vnpay] -                  log:173  - INFO  - [] - Initializing Spring DispatcherServlet 'dispatcherServlet'
2024-10-04 16:22:43,460 .web.servlet.DispatcherServlet -      initServletBean:532  - INFO  - [] - Initializing Servlet 'dispatcherServlet'
2024-10-04 16:22:43,461 .web.servlet.DispatcherServlet -      initServletBean:554  - INFO  - [] - Completed initialization in 0 ms
2024-10-04 16:22:43,570 mo.service.impl.PayServiceImpl -        createPayment:43   - INFO  - [] - Begin create-payment: {
  "tokenKey": "ey7CnpknHkhWmcvqnknUOae4\u003d",
  "apiId": "restPayment",
  "mobile": "0345225630",
  "bankCode": "98765432",
  "privateKey": "87654321",
  "accountNo": "0001100014211002",
  "payDate": "20230918124530",
  "additionalData": "11",
  "debitAmount": 11300,
  "respCode": "00",
  "respDesc": "SUCCESS",
  "traceTransfer": "FT19310RH6P1",
  "messageType": "1",
  "checkSum": "a66f9c27ddc8bee82c50b5603cbb861eae7b3c26e7a5a75047268058898c7f41",
  "orderCode": "FT19310RH6P1",
  "userName": "cntest001",
  "realAmount": 11200,
  "promotionCode": "ABCXYZ",
  "addValue": "{\"payMethod\":\"01\",\"payMethodMMS\":1}"
}
2024-10-04 16:22:43,910 ay.bank_demo.util.CheckSumUtil -    calculateCheckSum:26   - INFO  - [] - Checksum: a66f9c27ddc8bee82c50b5603cbb861eae7b3c26e7a5a75047268058898c7f41
2024-10-04 16:22:43,911 mo.service.impl.PayServiceImpl -     validateCheckSum:147  - INFO  - [] - Checksum request: a66f9c27ddc8bee82c50b5603cbb861eae7b3c26e7a5a75047268058898c7f41
2024-10-04 16:22:43,916 ction.CachingConnectionFactory -      connectHostPort:682  - INFO  - [] - Attempting to connect to: 127.0.0.1:5672
2024-10-04 16:22:43,951 ction.CachingConnectionFactory - createBareConnection:608  - INFO  - [] - Created new connection: cachingConnectionFactory#70a984c5:0/SimpleConnection@5be1307c [delegate=amqp://guest@127.0.0.1:5672/, localPort=57434]
2024-10-04 16:22:43,956 k.amqp.rabbit.core.RabbitAdmin -           initialize:686  - INFO  - [] - Auto-declaring a non-durable, auto-delete, or exclusive Queue (myQueue) durable:false, auto-delete:false, exclusive:false. It will be redeclared if the broker stops and is restarted while the connection factory is alive, but all messages will be lost.
2024-10-04 16:22:43,978 eplyToMessageListenerContainer -          actualStart:471  - INFO  - [] - Container initialized for queues: [amq.rabbitmq.reply-to]
2024-10-04 16:22:43,990 eplyToMessageListenerContainer -   doConsumeFromQueue:769  - INFO  - [] - SimpleConsumer [queue=amq.rabbitmq.reply-to, index=0, consumerTag=amq.ctag-7Ct_sapNQ8ysbI_OaWGAjw identity=48b2d038] started
2024-10-04 16:22:49,004 mo.service.impl.PayServiceImpl -    setDataToRabbitMQ:76   - INFO  - [] - Response Consumer: null
2024-10-04 16:22:49,005 mo.service.impl.PayServiceImpl -    setDataToRabbitMQ:92   - ERROR - [] - Unexpected error: 
vn.vnpay.bank_demo.common.exception.BankException: Not found consumer
	at vn.vnpay.bank_demo.service.impl.PayServiceImpl.setDataToRabbitMQ(PayServiceImpl.java:80)
	at vn.vnpay.bank_demo.service.impl.PayServiceImpl.createPayment(PayServiceImpl.java:64)
	at vn.vnpay.bank_demo.controller.payment.PayController.restPayment(PayController.java:24)
	at java.base/jdk.internal.reflect.NativeMethodAccessorImpl.invoke0(Native Method)
	at java.base/jdk.internal.reflect.NativeMethodAccessorImpl.invoke(NativeMethodAccessorImpl.java:77)
	at java.base/jdk.internal.reflect.DelegatingMethodAccessorImpl.invoke(DelegatingMethodAccessorImpl.java:43)
	at java.base/java.lang.reflect.Method.invoke(Method.java:568)
	at org.springframework.web.method.support.InvocableHandlerMethod.doInvoke(InvocableHandlerMethod.java:255)
	at org.springframework.web.method.support.InvocableHandlerMethod.invokeForRequest(InvocableHandlerMethod.java:188)
	at org.springframework.web.servlet.mvc.method.annotation.ServletInvocableHandlerMethod.invokeAndHandle(ServletInvocableHandlerMethod.java:118)
	at org.springframework.web.servlet.mvc.method.annotation.RequestMappingHandlerAdapter.invokeHandlerMethod(RequestMappingHandlerAdapter.java:926)
	at org.springframework.web.servlet.mvc.method.annotation.RequestMappingHandlerAdapter.handleInternal(RequestMappingHandlerAdapter.java:831)
	at org.springframework.web.servlet.mvc.method.AbstractHandlerMethodAdapter.handle(AbstractHandlerMethodAdapter.java:87)
	at org.springframework.web.servlet.DispatcherServlet.doDispatch(DispatcherServlet.java:1089)
	at org.springframework.web.servlet.DispatcherServlet.doService(DispatcherServlet.java:979)
	at org.springframework.web.servlet.FrameworkServlet.processRequest(FrameworkServlet.java:1014)
	at org.springframework.web.servlet.FrameworkServlet.doPost(FrameworkServlet.java:914)
	at jakarta.servlet.http.HttpServlet.service(HttpServlet.java:590)
	at org.springframework.web.servlet.FrameworkServlet.service(FrameworkServlet.java:885)
	at jakarta.servlet.http.HttpServlet.service(HttpServlet.java:658)
	at org.apache.catalina.core.ApplicationFilterChain.internalDoFilter(ApplicationFilterChain.java:195)
	at org.apache.catalina.core.ApplicationFilterChain.doFilter(ApplicationFilterChain.java:140)
	at org.apache.tomcat.websocket.server.WsFilter.doFilter(WsFilter.java:51)
	at org.apache.catalina.core.ApplicationFilterChain.internalDoFilter(ApplicationFilterChain.java:164)
	at org.apache.catalina.core.ApplicationFilterChain.doFilter(ApplicationFilterChain.java:140)
	at org.springframework.web.filter.RequestContextFilter.doFilterInternal(RequestContextFilter.java:100)
	at org.springframework.web.filter.OncePerRequestFilter.doFilter(OncePerRequestFilter.java:116)
	at org.apache.catalina.core.ApplicationFilterChain.internalDoFilter(ApplicationFilterChain.java:164)
	at org.apache.catalina.core.ApplicationFilterChain.doFilter(ApplicationFilterChain.java:140)
	at org.springframework.web.filter.FormContentFilter.doFilterInternal(FormContentFilter.java:93)
	at org.springframework.web.filter.OncePerRequestFilter.doFilter(OncePerRequestFilter.java:116)
	at org.apache.catalina.core.ApplicationFilterChain.internalDoFilter(ApplicationFilterChain.java:164)
	at org.apache.catalina.core.ApplicationFilterChain.doFilter(ApplicationFilterChain.java:140)
	at org.springframework.web.filter.CharacterEncodingFilter.doFilterInternal(CharacterEncodingFilter.java:201)
	at org.springframework.web.filter.OncePerRequestFilter.doFilter(OncePerRequestFilter.java:116)
	at org.apache.catalina.core.ApplicationFilterChain.internalDoFilter(ApplicationFilterChain.java:164)
	at org.apache.catalina.core.ApplicationFilterChain.doFilter(ApplicationFilterChain.java:140)
	at org.apache.catalina.core.StandardWrapperValve.invoke(StandardWrapperValve.java:167)
	at org.apache.catalina.core.StandardContextValve.invoke(StandardContextValve.java:90)
	at org.apache.catalina.authenticator.AuthenticatorBase.invoke(AuthenticatorBase.java:483)
	at org.apache.catalina.core.StandardHostValve.invoke(StandardHostValve.java:115)
	at org.apache.catalina.valves.ErrorReportValve.invoke(ErrorReportValve.java:93)
	at org.apache.catalina.core.StandardEngineValve.invoke(StandardEngineValve.java:74)
	at org.apache.catalina.connector.CoyoteAdapter.service(CoyoteAdapter.java:344)
	at org.apache.coyote.http11.Http11Processor.service(Http11Processor.java:384)
	at org.apache.coyote.AbstractProcessorLight.process(AbstractProcessorLight.java:63)
	at org.apache.coyote.AbstractProtocol$ConnectionHandler.process(AbstractProtocol.java:904)
	at org.apache.tomcat.util.net.NioEndpoint$SocketProcessor.doRun(NioEndpoint.java:1741)
	at org.apache.tomcat.util.net.SocketProcessorBase.run(SocketProcessorBase.java:52)
	at org.apache.tomcat.util.threads.ThreadPoolExecutor.runWorker(ThreadPoolExecutor.java:1190)
	at org.apache.tomcat.util.threads.ThreadPoolExecutor$Worker.run(ThreadPoolExecutor.java:659)
	at org.apache.tomcat.util.threads.TaskThread$WrappingRunnable.run(TaskThread.java:63)
	at java.base/java.lang.Thread.run(Thread.java:833)
2024-10-04 16:22:49,008 ay.bank_demo.util.CheckSumUtil -    calculateCheckSum:26   - INFO  - [] - Checksum: 6504b5da5ed4cfe7323b0fa06bfdb6242f1be565f3319fa7e6b73bc29550ba8b
2024-10-04 16:23:32,738 mo.service.impl.PayServiceImpl -        createPayment:43   - INFO  - [] - Begin create-payment: {
  "tokenKey": "ey7CnpknHkhWmcvqnknUOae4\u003d",
  "apiId": "restPayment",
  "mobile": "0345225630",
  "bankCode": "98765432",
  "privateKey": "87654321",
  "accountNo": "0001100014211002",
  "payDate": "20230918124530",
  "additionalData": "11",
  "debitAmount": 11300,
  "respCode": "00",
  "respDesc": "SUCCESS",
  "traceTransfer": "FT19310RH6P1",
  "messageType": "1",
  "checkSum": "a66f9c27ddc8bee82c50b5603cbb861eae7b3c26e7a5a75047268058898c7f41",
  "orderCode": "FT19310RH6P1",
  "userName": "cntest001",
  "realAmount": 11200,
  "promotionCode": "ABCXYZ",
  "addValue": "{\"payMethod\":\"01\",\"payMethodMMS\":1}"
}
2024-10-04 16:23:32,739 ay.bank_demo.util.CheckSumUtil -    calculateCheckSum:26   - INFO  - [] - Checksum: a66f9c27ddc8bee82c50b5603cbb861eae7b3c26e7a5a75047268058898c7f41
2024-10-04 16:23:32,739 mo.service.impl.PayServiceImpl -     validateCheckSum:147  - INFO  - [] - Checksum request: a66f9c27ddc8bee82c50b5603cbb861eae7b3c26e7a5a75047268058898c7f41
2024-10-04 16:23:37,754 mo.service.impl.PayServiceImpl -    setDataToRabbitMQ:76   - INFO  - [] - Response Consumer: null
2024-10-04 16:23:37,754 mo.service.impl.PayServiceImpl -    setDataToRabbitMQ:92   - ERROR - [] - Unexpected error: 
vn.vnpay.bank_demo.common.exception.BankException: Not found consumer
	at vn.vnpay.bank_demo.service.impl.PayServiceImpl.setDataToRabbitMQ(PayServiceImpl.java:80)
	at vn.vnpay.bank_demo.service.impl.PayServiceImpl.createPayment(PayServiceImpl.java:64)
	at vn.vnpay.bank_demo.controller.payment.PayController.restPayment(PayController.java:24)
	at java.base/jdk.internal.reflect.NativeMethodAccessorImpl.invoke0(Native Method)
	at java.base/jdk.internal.reflect.NativeMethodAccessorImpl.invoke(NativeMethodAccessorImpl.java:77)
	at java.base/jdk.internal.reflect.DelegatingMethodAccessorImpl.invoke(DelegatingMethodAccessorImpl.java:43)
	at java.base/java.lang.reflect.Method.invoke(Method.java:568)
	at org.springframework.web.method.support.InvocableHandlerMethod.doInvoke(InvocableHandlerMethod.java:255)
	at org.springframework.web.method.support.InvocableHandlerMethod.invokeForRequest(InvocableHandlerMethod.java:188)
	at org.springframework.web.servlet.mvc.method.annotation.ServletInvocableHandlerMethod.invokeAndHandle(ServletInvocableHandlerMethod.java:118)
	at org.springframework.web.servlet.mvc.method.annotation.RequestMappingHandlerAdapter.invokeHandlerMethod(RequestMappingHandlerAdapter.java:926)
	at org.springframework.web.servlet.mvc.method.annotation.RequestMappingHandlerAdapter.handleInternal(RequestMappingHandlerAdapter.java:831)
	at org.springframework.web.servlet.mvc.method.AbstractHandlerMethodAdapter.handle(AbstractHandlerMethodAdapter.java:87)
	at org.springframework.web.servlet.DispatcherServlet.doDispatch(DispatcherServlet.java:1089)
	at org.springframework.web.servlet.DispatcherServlet.doService(DispatcherServlet.java:979)
	at org.springframework.web.servlet.FrameworkServlet.processRequest(FrameworkServlet.java:1014)
	at org.springframework.web.servlet.FrameworkServlet.doPost(FrameworkServlet.java:914)
	at jakarta.servlet.http.HttpServlet.service(HttpServlet.java:590)
	at org.springframework.web.servlet.FrameworkServlet.service(FrameworkServlet.java:885)
	at jakarta.servlet.http.HttpServlet.service(HttpServlet.java:658)
	at org.apache.catalina.core.ApplicationFilterChain.internalDoFilter(ApplicationFilterChain.java:195)
	at org.apache.catalina.core.ApplicationFilterChain.doFilter(ApplicationFilterChain.java:140)
	at org.apache.tomcat.websocket.server.WsFilter.doFilter(WsFilter.java:51)
	at org.apache.catalina.core.ApplicationFilterChain.internalDoFilter(ApplicationFilterChain.java:164)
	at org.apache.catalina.core.ApplicationFilterChain.doFilter(ApplicationFilterChain.java:140)
	at org.springframework.web.filter.RequestContextFilter.doFilterInternal(RequestContextFilter.java:100)
	at org.springframework.web.filter.OncePerRequestFilter.doFilter(OncePerRequestFilter.java:116)
	at org.apache.catalina.core.ApplicationFilterChain.internalDoFilter(ApplicationFilterChain.java:164)
	at org.apache.catalina.core.ApplicationFilterChain.doFilter(ApplicationFilterChain.java:140)
	at org.springframework.web.filter.FormContentFilter.doFilterInternal(FormContentFilter.java:93)
	at org.springframework.web.filter.OncePerRequestFilter.doFilter(OncePerRequestFilter.java:116)
	at org.apache.catalina.core.ApplicationFilterChain.internalDoFilter(ApplicationFilterChain.java:164)
	at org.apache.catalina.core.ApplicationFilterChain.doFilter(ApplicationFilterChain.java:140)
	at org.springframework.web.filter.CharacterEncodingFilter.doFilterInternal(CharacterEncodingFilter.java:201)
	at org.springframework.web.filter.OncePerRequestFilter.doFilter(OncePerRequestFilter.java:116)
	at org.apache.catalina.core.ApplicationFilterChain.internalDoFilter(ApplicationFilterChain.java:164)
	at org.apache.catalina.core.ApplicationFilterChain.doFilter(ApplicationFilterChain.java:140)
	at org.apache.catalina.core.StandardWrapperValve.invoke(StandardWrapperValve.java:167)
	at org.apache.catalina.core.StandardContextValve.invoke(StandardContextValve.java:90)
	at org.apache.catalina.authenticator.AuthenticatorBase.invoke(AuthenticatorBase.java:483)
	at org.apache.catalina.core.StandardHostValve.invoke(StandardHostValve.java:115)
	at org.apache.catalina.valves.ErrorReportValve.invoke(ErrorReportValve.java:93)
	at org.apache.catalina.core.StandardEngineValve.invoke(StandardEngineValve.java:74)
	at org.apache.catalina.connector.CoyoteAdapter.service(CoyoteAdapter.java:344)
	at org.apache.coyote.http11.Http11Processor.service(Http11Processor.java:384)
	at org.apache.coyote.AbstractProcessorLight.process(AbstractProcessorLight.java:63)
	at org.apache.coyote.AbstractProtocol$ConnectionHandler.process(AbstractProtocol.java:904)
	at org.apache.tomcat.util.net.NioEndpoint$SocketProcessor.doRun(NioEndpoint.java:1741)
	at org.apache.tomcat.util.net.SocketProcessorBase.run(SocketProcessorBase.java:52)
	at org.apache.tomcat.util.threads.ThreadPoolExecutor.runWorker(ThreadPoolExecutor.java:1190)
	at org.apache.tomcat.util.threads.ThreadPoolExecutor$Worker.run(ThreadPoolExecutor.java:659)
	at org.apache.tomcat.util.threads.TaskThread$WrappingRunnable.run(TaskThread.java:63)
	at java.base/java.lang.Thread.run(Thread.java:833)
2024-10-04 16:23:37,755 ay.bank_demo.util.CheckSumUtil -    calculateCheckSum:26   - INFO  - [] - Checksum: 6504b5da5ed4cfe7323b0fa06bfdb6242f1be565f3319fa7e6b73bc29550ba8b
2024-10-04 16:24:38,820 eplyToMessageListenerContainer - nAndWaitOrCallback$7:871  - INFO  - [] - Successfully waited for consumers to finish.
2024-10-04 16:24:38,827 tainerEntityManagerFactoryBean -              destroy:650  - INFO  - [] - Closing JPA EntityManagerFactory for persistence unit 'default'
2024-10-04 16:24:38,828 zaxxer.hikari.HikariDataSource -                close:349  - INFO  - [] - HikariPool-1 - Shutdown initiated...
2024-10-04 16:24:38,831 zaxxer.hikari.HikariDataSource -                close:351  - INFO  - [] - HikariPool-1 - Shutdown completed.
2024-10-04 16:24:41,985 alidator.internal.util.Version -             <clinit>:21   - INFO  - [] - HV000001: Hibernate Validator 8.0.1.Final
2024-10-04 16:24:42,010 .bank_demo.BankDemoApplication -          logStarting:50   - INFO  - [] - Starting BankDemoApplication using Java 17.0.8.1 with PID 13664 (D:\VNPay\TTS\bank_demo\target\classes started by MSI in D:\VNPay\TTS\bank_demo)
2024-10-04 16:24:42,011 .bank_demo.BankDemoApplication - ogStartupProfileInfo:654  - INFO  - [] - No active profile set, falling back to 1 default profile: "default"
2024-10-04 16:24:42,462 epositoryConfigurationDelegate - ltipleStoresDetected:295  - INFO  - [] - Multiple Spring Data modules found, entering strict repository configuration mode
2024-10-04 16:24:42,463 epositoryConfigurationDelegate - gisterRepositoriesIn:143  - INFO  - [] - Bootstrapping Spring Data JPA repositories in DEFAULT mode.
2024-10-04 16:24:42,560 epositoryConfigurationDelegate - gisterRepositoriesIn:211  - INFO  - [] - Finished Spring Data repository scanning in 93 ms. Found 2 JPA repository interfaces.
2024-10-04 16:24:42,570 epositoryConfigurationDelegate - ltipleStoresDetected:295  - INFO  - [] - Multiple Spring Data modules found, entering strict repository configuration mode
2024-10-04 16:24:42,571 epositoryConfigurationDelegate - gisterRepositoriesIn:143  - INFO  - [] - Bootstrapping Spring Data Redis repositories in DEFAULT mode.
2024-10-04 16:24:42,582 yConfigurationExtensionSupport - tRepositoryCandidate:320  - INFO  - [] - Spring Data Redis - Could not safely identify store assignment for repository candidate interface vn.vnpay.bank_demo.repository.PaymentRepository; If you want this repository to be a Redis repository, consider annotating your entities with one of these annotations: org.springframework.data.redis.core.RedisHash (preferred), or consider extending one of the following types with your repository: org.springframework.data.keyvalue.repository.KeyValueRepository
2024-10-04 16:24:42,582 yConfigurationExtensionSupport - tRepositoryCandidate:320  - INFO  - [] - Spring Data Redis - Could not safely identify store assignment for repository candidate interface vn.vnpay.bank_demo.repository.UsersRepository; If you want this repository to be a Redis repository, consider annotating your entities with one of these annotations: org.springframework.data.redis.core.RedisHash (preferred), or consider extending one of the following types with your repository: org.springframework.data.keyvalue.repository.KeyValueRepository
2024-10-04 16:24:42,582 epositoryConfigurationDelegate - gisterRepositoriesIn:211  - INFO  - [] - Finished Spring Data repository scanning in 5 ms. Found 0 Redis repository interfaces.
2024-10-04 16:24:42,903 mbedded.tomcat.TomcatWebServer -           initialize:111  - INFO  - [] - Tomcat initialized with port 8080 (http)
2024-10-04 16:24:42,913 oyote.http11.Http11NioProtocol -                  log:173  - INFO  - [] - Initializing ProtocolHandler ["http-nio-8080"]
2024-10-04 16:24:42,916 .catalina.core.StandardService -                  log:173  - INFO  - [] - Starting service [Tomcat]
2024-10-04 16:24:42,916 e.catalina.core.StandardEngine -                  log:173  - INFO  - [] - Starting Servlet engine: [Apache Tomcat/10.1.28]
2024-10-04 16:24:42,958 .[Tomcat].[localhost].[/vnpay] -                  log:173  - INFO  - [] - Initializing Spring embedded WebApplicationContext
2024-10-04 16:24:42,958 letWebServerApplicationContext - ebApplicationContext:296  - INFO  - [] - Root WebApplicationContext: initialization completed in 925 ms
2024-10-04 16:24:43,079 te.jpa.internal.util.LogHelper - tenceUnitInformation:31   - INFO  - [] - HHH000204: Processing PersistenceUnitInfo [name: default]
2024-10-04 16:24:43,112 org.hibernate.Version          -           logVersion:44   - INFO  - [] - HHH000412: Hibernate ORM core version 6.5.2.Final
2024-10-04 16:24:43,134 nternal.RegionFactoryInitiator -      initiateService:50   - INFO  - [] - HHH000026: Second-level cache disabled
2024-10-04 16:24:43,307 unit.SpringPersistenceUnitInfo -       addTransformer:87   - INFO  - [] - No LoadTimeWeaver setup: ignoring JPA class transformer
2024-10-04 16:24:43,329 zaxxer.hikari.HikariDataSource -        getConnection:109  - INFO  - [] - HikariPool-1 - Starting...
2024-10-04 16:24:43,487 .zaxxer.hikari.pool.HikariPool -        checkFailFast:554  - INFO  - [] - HikariPool-1 - Added connection ConnectionID:1 ClientConnectionId: 860bd522-4106-4180-9690-a1cd4afdec7c
2024-10-04 16:24:43,489 zaxxer.hikari.HikariDataSource -        getConnection:122  - INFO  - [] - HikariPool-1 - Start completed.
2024-10-04 16:24:44,066 .internal.JtaPlatformInitiator -      initiateService:59   - INFO  - [] - HHH000489: No JTA platform available (set 'hibernate.transaction.jta.platform' to enable JTA platform integration)
2024-10-04 16:24:44,068 tainerEntityManagerFactoryBean - EntityManagerFactory:437  - INFO  - [] - Initialized JPA EntityManagerFactory for persistence unit 'default'
2024-10-04 16:24:44,624 figuration$JpaWebConfiguration - gerInViewInterceptor:236  - WARN  - [] - spring.jpa.open-in-view is enabled by default. Therefore, database queries may be performed during view rendering. Explicitly configure spring.jpa.open-in-view to disable this warning
2024-10-04 16:24:44,753 tTemplateResolverConfiguration - mplateLocationExists:101  - WARN  - [] - Cannot find template location: classpath:/templates/ (please add some templates, check your Thymeleaf configuration, or set spring.thymeleaf.check-template-location=false)
2024-10-04 16:24:44,859 oyote.http11.Http11NioProtocol -                  log:173  - INFO  - [] - Starting ProtocolHandler ["http-nio-8080"]
2024-10-04 16:24:44,872 mbedded.tomcat.TomcatWebServer -                start:243  - INFO  - [] - Tomcat started on port 8080 (http) with context path '/vnpay'
2024-10-04 16:24:44,879 .bank_demo.BankDemoApplication -           logStarted:56   - INFO  - [] - Started BankDemoApplication in 3.188 seconds (process running for 3.599)
2024-10-04 16:25:04,440 .[Tomcat].[localhost].[/vnpay] -                  log:173  - INFO  - [] - Initializing Spring DispatcherServlet 'dispatcherServlet'
2024-10-04 16:25:04,440 .web.servlet.DispatcherServlet -      initServletBean:532  - INFO  - [] - Initializing Servlet 'dispatcherServlet'
2024-10-04 16:25:04,441 .web.servlet.DispatcherServlet -      initServletBean:554  - INFO  - [] - Completed initialization in 1 ms
2024-10-04 16:25:04,551 mo.service.impl.PayServiceImpl -        createPayment:43   - INFO  - [] - Begin create-payment: {
  "tokenKey": "ey7CnpknHkhWmcvqnknUOae\u003d",
  "apiId": "restPayment",
  "mobile": "0345225630",
  "bankCode": "98765432",
  "privateKey": "87654321",
  "accountNo": "0001100014211002",
  "payDate": "20230918124530",
  "additionalData": "11",
  "debitAmount": 11300,
  "respCode": "00",
  "respDesc": "SUCCESS",
  "traceTransfer": "FT19310RH6P1",
  "messageType": "1",
  "checkSum": "a66f9c27ddc8bee82c50b5603cbb861eae7b3c26e7a5a75047268058898c7f41",
  "orderCode": "FT19310RH6P1",
  "userName": "cntest001",
  "realAmount": 11200,
  "promotionCode": "ABCXYZ",
  "addValue": "{\"payMethod\":\"01\",\"payMethodMMS\":1}"
}
2024-10-04 16:25:04,884 ay.bank_demo.util.CheckSumUtil -    calculateCheckSum:26   - INFO  - [] - Checksum: a66f9c27ddc8bee82c50b5603cbb861eae7b3c26e7a5a75047268058898c7f41
2024-10-04 16:25:04,884 mo.service.impl.PayServiceImpl -     validateCheckSum:147  - INFO  - [] - Checksum request: a66f9c27ddc8bee82c50b5603cbb861eae7b3c26e7a5a75047268058898c7f41
2024-10-04 16:25:04,889 ction.CachingConnectionFactory -      connectHostPort:682  - INFO  - [] - Attempting to connect to: 127.0.0.1:5672
2024-10-04 16:25:04,928 ction.CachingConnectionFactory - createBareConnection:608  - INFO  - [] - Created new connection: cachingConnectionFactory#77fa2dcc:0/SimpleConnection@1c182b13 [delegate=amqp://guest@127.0.0.1:5672/, localPort=57516]
2024-10-04 16:25:04,937 k.amqp.rabbit.core.RabbitAdmin -           initialize:686  - INFO  - [] - Auto-declaring a non-durable, auto-delete, or exclusive Queue (myQueue) durable:false, auto-delete:false, exclusive:false. It will be redeclared if the broker stops and is restarted while the connection factory is alive, but all messages will be lost.
2024-10-04 16:25:04,961 eplyToMessageListenerContainer -          actualStart:471  - INFO  - [] - Container initialized for queues: [amq.rabbitmq.reply-to]
2024-10-04 16:25:04,967 eplyToMessageListenerContainer -   doConsumeFromQueue:769  - INFO  - [] - SimpleConsumer [queue=amq.rabbitmq.reply-to, index=0, consumerTag=amq.ctag-2xCXIlCYx2Eq-vQ7Q0H7dw identity=2c2d6455] started
2024-10-04 16:25:09,991 mo.service.impl.PayServiceImpl -    setDataToRabbitMQ:76   - INFO  - [] - Response Consumer: null
2024-10-04 16:25:09,992 mo.service.impl.PayServiceImpl -    setDataToRabbitMQ:92   - ERROR - [] - Unexpected error: 
vn.vnpay.bank_demo.common.exception.BankException: Not found consumer
	at vn.vnpay.bank_demo.service.impl.PayServiceImpl.setDataToRabbitMQ(PayServiceImpl.java:80)
	at vn.vnpay.bank_demo.service.impl.PayServiceImpl.createPayment(PayServiceImpl.java:64)
	at vn.vnpay.bank_demo.controller.payment.PayController.restPayment(PayController.java:24)
	at java.base/jdk.internal.reflect.NativeMethodAccessorImpl.invoke0(Native Method)
	at java.base/jdk.internal.reflect.NativeMethodAccessorImpl.invoke(NativeMethodAccessorImpl.java:77)
	at java.base/jdk.internal.reflect.DelegatingMethodAccessorImpl.invoke(DelegatingMethodAccessorImpl.java:43)
	at java.base/java.lang.reflect.Method.invoke(Method.java:568)
	at org.springframework.web.method.support.InvocableHandlerMethod.doInvoke(InvocableHandlerMethod.java:255)
	at org.springframework.web.method.support.InvocableHandlerMethod.invokeForRequest(InvocableHandlerMethod.java:188)
	at org.springframework.web.servlet.mvc.method.annotation.ServletInvocableHandlerMethod.invokeAndHandle(ServletInvocableHandlerMethod.java:118)
	at org.springframework.web.servlet.mvc.method.annotation.RequestMappingHandlerAdapter.invokeHandlerMethod(RequestMappingHandlerAdapter.java:926)
	at org.springframework.web.servlet.mvc.method.annotation.RequestMappingHandlerAdapter.handleInternal(RequestMappingHandlerAdapter.java:831)
	at org.springframework.web.servlet.mvc.method.AbstractHandlerMethodAdapter.handle(AbstractHandlerMethodAdapter.java:87)
	at org.springframework.web.servlet.DispatcherServlet.doDispatch(DispatcherServlet.java:1089)
	at org.springframework.web.servlet.DispatcherServlet.doService(DispatcherServlet.java:979)
	at org.springframework.web.servlet.FrameworkServlet.processRequest(FrameworkServlet.java:1014)
	at org.springframework.web.servlet.FrameworkServlet.doPost(FrameworkServlet.java:914)
	at jakarta.servlet.http.HttpServlet.service(HttpServlet.java:590)
	at org.springframework.web.servlet.FrameworkServlet.service(FrameworkServlet.java:885)
	at jakarta.servlet.http.HttpServlet.service(HttpServlet.java:658)
	at org.apache.catalina.core.ApplicationFilterChain.internalDoFilter(ApplicationFilterChain.java:195)
	at org.apache.catalina.core.ApplicationFilterChain.doFilter(ApplicationFilterChain.java:140)
	at org.apache.tomcat.websocket.server.WsFilter.doFilter(WsFilter.java:51)
	at org.apache.catalina.core.ApplicationFilterChain.internalDoFilter(ApplicationFilterChain.java:164)
	at org.apache.catalina.core.ApplicationFilterChain.doFilter(ApplicationFilterChain.java:140)
	at org.springframework.web.filter.RequestContextFilter.doFilterInternal(RequestContextFilter.java:100)
	at org.springframework.web.filter.OncePerRequestFilter.doFilter(OncePerRequestFilter.java:116)
	at org.apache.catalina.core.ApplicationFilterChain.internalDoFilter(ApplicationFilterChain.java:164)
	at org.apache.catalina.core.ApplicationFilterChain.doFilter(ApplicationFilterChain.java:140)
	at org.springframework.web.filter.FormContentFilter.doFilterInternal(FormContentFilter.java:93)
	at org.springframework.web.filter.OncePerRequestFilter.doFilter(OncePerRequestFilter.java:116)
	at org.apache.catalina.core.ApplicationFilterChain.internalDoFilter(ApplicationFilterChain.java:164)
	at org.apache.catalina.core.ApplicationFilterChain.doFilter(ApplicationFilterChain.java:140)
	at org.springframework.web.filter.CharacterEncodingFilter.doFilterInternal(CharacterEncodingFilter.java:201)
	at org.springframework.web.filter.OncePerRequestFilter.doFilter(OncePerRequestFilter.java:116)
	at org.apache.catalina.core.ApplicationFilterChain.internalDoFilter(ApplicationFilterChain.java:164)
	at org.apache.catalina.core.ApplicationFilterChain.doFilter(ApplicationFilterChain.java:140)
	at org.apache.catalina.core.StandardWrapperValve.invoke(StandardWrapperValve.java:167)
	at org.apache.catalina.core.StandardContextValve.invoke(StandardContextValve.java:90)
	at org.apache.catalina.authenticator.AuthenticatorBase.invoke(AuthenticatorBase.java:483)
	at org.apache.catalina.core.StandardHostValve.invoke(StandardHostValve.java:115)
	at org.apache.catalina.valves.ErrorReportValve.invoke(ErrorReportValve.java:93)
	at org.apache.catalina.core.StandardEngineValve.invoke(StandardEngineValve.java:74)
	at org.apache.catalina.connector.CoyoteAdapter.service(CoyoteAdapter.java:344)
	at org.apache.coyote.http11.Http11Processor.service(Http11Processor.java:384)
	at org.apache.coyote.AbstractProcessorLight.process(AbstractProcessorLight.java:63)
	at org.apache.coyote.AbstractProtocol$ConnectionHandler.process(AbstractProtocol.java:904)
	at org.apache.tomcat.util.net.NioEndpoint$SocketProcessor.doRun(NioEndpoint.java:1741)
	at org.apache.tomcat.util.net.SocketProcessorBase.run(SocketProcessorBase.java:52)
	at org.apache.tomcat.util.threads.ThreadPoolExecutor.runWorker(ThreadPoolExecutor.java:1190)
	at org.apache.tomcat.util.threads.ThreadPoolExecutor$Worker.run(ThreadPoolExecutor.java:659)
	at org.apache.tomcat.util.threads.TaskThread$WrappingRunnable.run(TaskThread.java:63)
	at java.base/java.lang.Thread.run(Thread.java:833)
2024-10-04 16:25:10,000 ay.bank_demo.util.CheckSumUtil -    calculateCheckSum:26   - INFO  - [] - Checksum: 6504b5da5ed4cfe7323b0fa06bfdb6242f1be565f3319fa7e6b73bc29550ba8b
2024-10-04 16:26:27,576 eplyToMessageListenerContainer - nAndWaitOrCallback$7:871  - INFO  - [] - Successfully waited for consumers to finish.
2024-10-04 16:26:27,582 tainerEntityManagerFactoryBean -              destroy:650  - INFO  - [] - Closing JPA EntityManagerFactory for persistence unit 'default'
2024-10-04 16:26:27,584 zaxxer.hikari.HikariDataSource -                close:349  - INFO  - [] - HikariPool-1 - Shutdown initiated...
2024-10-04 16:26:27,587 zaxxer.hikari.HikariDataSource -                close:351  - INFO  - [] - HikariPool-1 - Shutdown completed.
2024-10-04 16:26:55,696 alidator.internal.util.Version -             <clinit>:21   - INFO  - [] - HV000001: Hibernate Validator 8.0.1.Final
2024-10-04 16:26:55,723 .bank_demo.BankDemoApplication -          logStarting:50   - INFO  - [] - Starting BankDemoApplication using Java 17.0.8.1 with PID 9264 (D:\VNPay\TTS\bank_demo\target\classes started by MSI in D:\VNPay\TTS\bank_demo)
2024-10-04 16:26:55,725 .bank_demo.BankDemoApplication - ogStartupProfileInfo:654  - INFO  - [] - No active profile set, falling back to 1 default profile: "default"
2024-10-04 16:26:56,339 epositoryConfigurationDelegate - ltipleStoresDetected:295  - INFO  - [] - Multiple Spring Data modules found, entering strict repository configuration mode
2024-10-04 16:26:56,340 epositoryConfigurationDelegate - gisterRepositoriesIn:143  - INFO  - [] - Bootstrapping Spring Data JPA repositories in DEFAULT mode.
2024-10-04 16:26:56,444 epositoryConfigurationDelegate - gisterRepositoriesIn:211  - INFO  - [] - Finished Spring Data repository scanning in 99 ms. Found 2 JPA repository interfaces.
2024-10-04 16:26:56,454 epositoryConfigurationDelegate - ltipleStoresDetected:295  - INFO  - [] - Multiple Spring Data modules found, entering strict repository configuration mode
2024-10-04 16:26:56,455 epositoryConfigurationDelegate - gisterRepositoriesIn:143  - INFO  - [] - Bootstrapping Spring Data Redis repositories in DEFAULT mode.
2024-10-04 16:26:56,465 yConfigurationExtensionSupport - tRepositoryCandidate:320  - INFO  - [] - Spring Data Redis - Could not safely identify store assignment for repository candidate interface vn.vnpay.bank_demo.repository.PaymentRepository; If you want this repository to be a Redis repository, consider annotating your entities with one of these annotations: org.springframework.data.redis.core.RedisHash (preferred), or consider extending one of the following types with your repository: org.springframework.data.keyvalue.repository.KeyValueRepository
2024-10-04 16:26:56,465 yConfigurationExtensionSupport - tRepositoryCandidate:320  - INFO  - [] - Spring Data Redis - Could not safely identify store assignment for repository candidate interface vn.vnpay.bank_demo.repository.UsersRepository; If you want this repository to be a Redis repository, consider annotating your entities with one of these annotations: org.springframework.data.redis.core.RedisHash (preferred), or consider extending one of the following types with your repository: org.springframework.data.keyvalue.repository.KeyValueRepository
2024-10-04 16:26:56,465 epositoryConfigurationDelegate - gisterRepositoriesIn:211  - INFO  - [] - Finished Spring Data repository scanning in 4 ms. Found 0 Redis repository interfaces.
2024-10-04 16:26:56,846 mbedded.tomcat.TomcatWebServer -           initialize:111  - INFO  - [] - Tomcat initialized with port 8080 (http)
2024-10-04 16:26:56,852 oyote.http11.Http11NioProtocol -                  log:173  - INFO  - [] - Initializing ProtocolHandler ["http-nio-8080"]
2024-10-04 16:26:56,854 .catalina.core.StandardService -                  log:173  - INFO  - [] - Starting service [Tomcat]
2024-10-04 16:26:56,854 e.catalina.core.StandardEngine -                  log:173  - INFO  - [] - Starting Servlet engine: [Apache Tomcat/10.1.28]
2024-10-04 16:26:56,896 .[Tomcat].[localhost].[/vnpay] -                  log:173  - INFO  - [] - Initializing Spring embedded WebApplicationContext
2024-10-04 16:26:56,896 letWebServerApplicationContext - ebApplicationContext:296  - INFO  - [] - Root WebApplicationContext: initialization completed in 1145 ms
2024-10-04 16:26:57,032 te.jpa.internal.util.LogHelper - tenceUnitInformation:31   - INFO  - [] - HHH000204: Processing PersistenceUnitInfo [name: default]
2024-10-04 16:26:57,072 org.hibernate.Version          -           logVersion:44   - INFO  - [] - HHH000412: Hibernate ORM core version 6.5.2.Final
2024-10-04 16:26:57,097 nternal.RegionFactoryInitiator -      initiateService:50   - INFO  - [] - HHH000026: Second-level cache disabled
2024-10-04 16:26:57,296 unit.SpringPersistenceUnitInfo -       addTransformer:87   - INFO  - [] - No LoadTimeWeaver setup: ignoring JPA class transformer
2024-10-04 16:26:57,315 zaxxer.hikari.HikariDataSource -        getConnection:109  - INFO  - [] - HikariPool-1 - Starting...
2024-10-04 16:26:57,485 .zaxxer.hikari.pool.HikariPool -        checkFailFast:554  - INFO  - [] - HikariPool-1 - Added connection ConnectionID:1 ClientConnectionId: 04010a1d-eb8e-4920-baaa-93fcf0d74298
2024-10-04 16:26:57,487 zaxxer.hikari.HikariDataSource -        getConnection:122  - INFO  - [] - HikariPool-1 - Start completed.
2024-10-04 16:26:58,121 .internal.JtaPlatformInitiator -      initiateService:59   - INFO  - [] - HHH000489: No JTA platform available (set 'hibernate.transaction.jta.platform' to enable JTA platform integration)
2024-10-04 16:26:58,123 tainerEntityManagerFactoryBean - EntityManagerFactory:437  - INFO  - [] - Initialized JPA EntityManagerFactory for persistence unit 'default'
2024-10-04 16:26:58,755 figuration$JpaWebConfiguration - gerInViewInterceptor:236  - WARN  - [] - spring.jpa.open-in-view is enabled by default. Therefore, database queries may be performed during view rendering. Explicitly configure spring.jpa.open-in-view to disable this warning
2024-10-04 16:26:58,901 tTemplateResolverConfiguration - mplateLocationExists:101  - WARN  - [] - Cannot find template location: classpath:/templates/ (please add some templates, check your Thymeleaf configuration, or set spring.thymeleaf.check-template-location=false)
2024-10-04 16:26:59,015 oyote.http11.Http11NioProtocol -                  log:173  - INFO  - [] - Starting ProtocolHandler ["http-nio-8080"]
2024-10-04 16:26:59,028 mbedded.tomcat.TomcatWebServer -                start:243  - INFO  - [] - Tomcat started on port 8080 (http) with context path '/vnpay'
2024-10-04 16:26:59,035 .bank_demo.BankDemoApplication -           logStarted:56   - INFO  - [] - Started BankDemoApplication in 3.675 seconds (process running for 4.622)
2024-10-04 16:27:22,939 tainerEntityManagerFactoryBean -              destroy:650  - INFO  - [] - Closing JPA EntityManagerFactory for persistence unit 'default'
2024-10-04 16:27:22,940 zaxxer.hikari.HikariDataSource -                close:349  - INFO  - [] - HikariPool-1 - Shutdown initiated...
2024-10-04 16:27:22,944 zaxxer.hikari.HikariDataSource -                close:351  - INFO  - [] - HikariPool-1 - Shutdown completed.
2024-10-04 16:27:54,626 alidator.internal.util.Version -             <clinit>:21   - INFO  - [] - HV000001: Hibernate Validator 8.0.1.Final
2024-10-04 16:27:54,662 .bank_demo.BankDemoApplication -          logStarting:50   - INFO  - [] - Starting BankDemoApplication using Java 17.0.8.1 with PID 20020 (D:\VNPay\TTS\bank_demo\target\classes started by MSI in D:\VNPay\TTS\bank_demo)
2024-10-04 16:27:54,663 .bank_demo.BankDemoApplication - ogStartupProfileInfo:654  - INFO  - [] - No active profile set, falling back to 1 default profile: "default"
2024-10-04 16:27:55,310 epositoryConfigurationDelegate - ltipleStoresDetected:295  - INFO  - [] - Multiple Spring Data modules found, entering strict repository configuration mode
2024-10-04 16:27:55,311 epositoryConfigurationDelegate - gisterRepositoriesIn:143  - INFO  - [] - Bootstrapping Spring Data JPA repositories in DEFAULT mode.
2024-10-04 16:27:55,420 epositoryConfigurationDelegate - gisterRepositoriesIn:211  - INFO  - [] - Finished Spring Data repository scanning in 103 ms. Found 2 JPA repository interfaces.
2024-10-04 16:27:55,431 epositoryConfigurationDelegate - ltipleStoresDetected:295  - INFO  - [] - Multiple Spring Data modules found, entering strict repository configuration mode
2024-10-04 16:27:55,432 epositoryConfigurationDelegate - gisterRepositoriesIn:143  - INFO  - [] - Bootstrapping Spring Data Redis repositories in DEFAULT mode.
2024-10-04 16:27:55,443 yConfigurationExtensionSupport - tRepositoryCandidate:320  - INFO  - [] - Spring Data Redis - Could not safely identify store assignment for repository candidate interface vn.vnpay.bank_demo.repository.PaymentRepository; If you want this repository to be a Redis repository, consider annotating your entities with one of these annotations: org.springframework.data.redis.core.RedisHash (preferred), or consider extending one of the following types with your repository: org.springframework.data.keyvalue.repository.KeyValueRepository
2024-10-04 16:27:55,444 yConfigurationExtensionSupport - tRepositoryCandidate:320  - INFO  - [] - Spring Data Redis - Could not safely identify store assignment for repository candidate interface vn.vnpay.bank_demo.repository.UsersRepository; If you want this repository to be a Redis repository, consider annotating your entities with one of these annotations: org.springframework.data.redis.core.RedisHash (preferred), or consider extending one of the following types with your repository: org.springframework.data.keyvalue.repository.KeyValueRepository
2024-10-04 16:27:55,444 epositoryConfigurationDelegate - gisterRepositoriesIn:211  - INFO  - [] - Finished Spring Data repository scanning in 5 ms. Found 0 Redis repository interfaces.
2024-10-04 16:27:55,836 mbedded.tomcat.TomcatWebServer -           initialize:111  - INFO  - [] - Tomcat initialized with port 8080 (http)
2024-10-04 16:27:55,845 oyote.http11.Http11NioProtocol -                  log:173  - INFO  - [] - Initializing ProtocolHandler ["http-nio-8080"]
2024-10-04 16:27:55,847 .catalina.core.StandardService -                  log:173  - INFO  - [] - Starting service [Tomcat]
2024-10-04 16:27:55,848 e.catalina.core.StandardEngine -                  log:173  - INFO  - [] - Starting Servlet engine: [Apache Tomcat/10.1.28]
2024-10-04 16:27:55,893 .[Tomcat].[localhost].[/vnpay] -                  log:173  - INFO  - [] - Initializing Spring embedded WebApplicationContext
2024-10-04 16:27:55,894 letWebServerApplicationContext - ebApplicationContext:296  - INFO  - [] - Root WebApplicationContext: initialization completed in 1191 ms
2024-10-04 16:27:56,036 te.jpa.internal.util.LogHelper - tenceUnitInformation:31   - INFO  - [] - HHH000204: Processing PersistenceUnitInfo [name: default]
2024-10-04 16:27:56,080 org.hibernate.Version          -           logVersion:44   - INFO  - [] - HHH000412: Hibernate ORM core version 6.5.2.Final
2024-10-04 16:27:56,111 nternal.RegionFactoryInitiator -      initiateService:50   - INFO  - [] - HHH000026: Second-level cache disabled
2024-10-04 16:27:56,323 unit.SpringPersistenceUnitInfo -       addTransformer:87   - INFO  - [] - No LoadTimeWeaver setup: ignoring JPA class transformer
2024-10-04 16:27:56,345 zaxxer.hikari.HikariDataSource -        getConnection:109  - INFO  - [] - HikariPool-1 - Starting...
2024-10-04 16:27:56,519 .zaxxer.hikari.pool.HikariPool -        checkFailFast:554  - INFO  - [] - HikariPool-1 - Added connection ConnectionID:1 ClientConnectionId: 627ce77d-f65d-478e-bec5-26478becac74
2024-10-04 16:27:56,521 zaxxer.hikari.HikariDataSource -        getConnection:122  - INFO  - [] - HikariPool-1 - Start completed.
2024-10-04 16:27:57,169 .internal.JtaPlatformInitiator -      initiateService:59   - INFO  - [] - HHH000489: No JTA platform available (set 'hibernate.transaction.jta.platform' to enable JTA platform integration)
2024-10-04 16:27:57,171 tainerEntityManagerFactoryBean - EntityManagerFactory:437  - INFO  - [] - Initialized JPA EntityManagerFactory for persistence unit 'default'
2024-10-04 16:27:57,837 figuration$JpaWebConfiguration - gerInViewInterceptor:236  - WARN  - [] - spring.jpa.open-in-view is enabled by default. Therefore, database queries may be performed during view rendering. Explicitly configure spring.jpa.open-in-view to disable this warning
2024-10-04 16:27:58,011 tTemplateResolverConfiguration - mplateLocationExists:101  - WARN  - [] - Cannot find template location: classpath:/templates/ (please add some templates, check your Thymeleaf configuration, or set spring.thymeleaf.check-template-location=false)
2024-10-04 16:27:58,146 oyote.http11.Http11NioProtocol -                  log:173  - INFO  - [] - Starting ProtocolHandler ["http-nio-8080"]
2024-10-04 16:27:58,162 mbedded.tomcat.TomcatWebServer -                start:243  - INFO  - [] - Tomcat started on port 8080 (http) with context path '/vnpay'
2024-10-04 16:27:58,171 .bank_demo.BankDemoApplication -           logStarted:56   - INFO  - [] - Started BankDemoApplication in 3.984 seconds (process running for 4.862)
2024-10-04 16:28:51,898 .[Tomcat].[localhost].[/vnpay] -                  log:173  - INFO  - [] - Initializing Spring DispatcherServlet 'dispatcherServlet'
2024-10-04 16:28:51,898 .web.servlet.DispatcherServlet -      initServletBean:532  - INFO  - [] - Initializing Servlet 'dispatcherServlet'
2024-10-04 16:28:51,899 .web.servlet.DispatcherServlet -      initServletBean:554  - INFO  - [] - Completed initialization in 1 ms
2024-10-04 16:28:52,011 mo.service.impl.PayServiceImpl -        createPayment:43   - INFO  - [] - Begin create-payment: {
  "tokenKey": "ey7CnpknHkhWmcqnknUOae\u003d",
  "apiId": "restPayment",
  "mobile": "0345225630",
  "bankCode": "98765432",
  "privateKey": "87654321",
  "accountNo": "0001100014211002",
  "payDate": "20230918124530",
  "additionalData": "11",
  "debitAmount": 11300,
  "respCode": "00",
  "respDesc": "SUCCESS",
  "traceTransfer": "FT19310RH6P1",
  "messageType": "1",
  "checkSum": "a66f9c27ddc8bee82c50b5603cbb861eae7b3c26e7a5a75047268058898c7f41",
  "orderCode": "FT19310RH6P1",
  "userName": "cntest001",
  "realAmount": 11200,
  "promotionCode": "ABCXYZ",
  "addValue": "{\"payMethod\":\"01\",\"payMethodMMS\":1}"
}
2024-10-04 16:28:52,348 ay.bank_demo.util.CheckSumUtil -    calculateCheckSum:26   - INFO  - [] - Checksum: a66f9c27ddc8bee82c50b5603cbb861eae7b3c26e7a5a75047268058898c7f41
2024-10-04 16:28:52,349 mo.service.impl.PayServiceImpl -     validateCheckSum:147  - INFO  - [] - Checksum request: a66f9c27ddc8bee82c50b5603cbb861eae7b3c26e7a5a75047268058898c7f41
2024-10-04 16:28:52,354 ction.CachingConnectionFactory -      connectHostPort:682  - INFO  - [] - Attempting to connect to: 127.0.0.1:5672
2024-10-04 16:28:52,392 ction.CachingConnectionFactory - createBareConnection:608  - INFO  - [] - Created new connection: cachingConnectionFactory#3ce60feb:0/SimpleConnection@342e8cb4 [delegate=amqp://guest@127.0.0.1:5672/, localPort=57639]
2024-10-04 16:28:52,398 k.amqp.rabbit.core.RabbitAdmin -           initialize:686  - INFO  - [] - Auto-declaring a non-durable, auto-delete, or exclusive Queue (myQueue) durable:false, auto-delete:false, exclusive:false. It will be redeclared if the broker stops and is restarted while the connection factory is alive, but all messages will be lost.
2024-10-04 16:28:52,421 eplyToMessageListenerContainer -          actualStart:471  - INFO  - [] - Container initialized for queues: [amq.rabbitmq.reply-to]
2024-10-04 16:28:52,428 eplyToMessageListenerContainer -   doConsumeFromQueue:769  - INFO  - [] - SimpleConsumer [queue=amq.rabbitmq.reply-to, index=0, consumerTag=amq.ctag-YXKTAmj05Nsk7dzfS_0IVQ identity=2154e64d] started
2024-10-04 16:28:57,441 mo.service.impl.PayServiceImpl -    setDataToRabbitMQ:76   - INFO  - [] - Response Consumer: null
2024-10-04 16:28:57,442 mo.service.impl.PayServiceImpl -    setDataToRabbitMQ:92   - ERROR - [] - Unexpected error: 
vn.vnpay.bank_demo.common.exception.BankException: Not found consumer
	at vn.vnpay.bank_demo.service.impl.PayServiceImpl.setDataToRabbitMQ(PayServiceImpl.java:80)
	at vn.vnpay.bank_demo.service.impl.PayServiceImpl.createPayment(PayServiceImpl.java:64)
	at vn.vnpay.bank_demo.controller.payment.PayController.restPayment(PayController.java:24)
	at java.base/jdk.internal.reflect.NativeMethodAccessorImpl.invoke0(Native Method)
	at java.base/jdk.internal.reflect.NativeMethodAccessorImpl.invoke(NativeMethodAccessorImpl.java:77)
	at java.base/jdk.internal.reflect.DelegatingMethodAccessorImpl.invoke(DelegatingMethodAccessorImpl.java:43)
	at java.base/java.lang.reflect.Method.invoke(Method.java:568)
	at org.springframework.web.method.support.InvocableHandlerMethod.doInvoke(InvocableHandlerMethod.java:255)
	at org.springframework.web.method.support.InvocableHandlerMethod.invokeForRequest(InvocableHandlerMethod.java:188)
	at org.springframework.web.servlet.mvc.method.annotation.ServletInvocableHandlerMethod.invokeAndHandle(ServletInvocableHandlerMethod.java:118)
	at org.springframework.web.servlet.mvc.method.annotation.RequestMappingHandlerAdapter.invokeHandlerMethod(RequestMappingHandlerAdapter.java:926)
	at org.springframework.web.servlet.mvc.method.annotation.RequestMappingHandlerAdapter.handleInternal(RequestMappingHandlerAdapter.java:831)
	at org.springframework.web.servlet.mvc.method.AbstractHandlerMethodAdapter.handle(AbstractHandlerMethodAdapter.java:87)
	at org.springframework.web.servlet.DispatcherServlet.doDispatch(DispatcherServlet.java:1089)
	at org.springframework.web.servlet.DispatcherServlet.doService(DispatcherServlet.java:979)
	at org.springframework.web.servlet.FrameworkServlet.processRequest(FrameworkServlet.java:1014)
	at org.springframework.web.servlet.FrameworkServlet.doPost(FrameworkServlet.java:914)
	at jakarta.servlet.http.HttpServlet.service(HttpServlet.java:590)
	at org.springframework.web.servlet.FrameworkServlet.service(FrameworkServlet.java:885)
	at jakarta.servlet.http.HttpServlet.service(HttpServlet.java:658)
	at org.apache.catalina.core.ApplicationFilterChain.internalDoFilter(ApplicationFilterChain.java:195)
	at org.apache.catalina.core.ApplicationFilterChain.doFilter(ApplicationFilterChain.java:140)
	at org.apache.tomcat.websocket.server.WsFilter.doFilter(WsFilter.java:51)
	at org.apache.catalina.core.ApplicationFilterChain.internalDoFilter(ApplicationFilterChain.java:164)
	at org.apache.catalina.core.ApplicationFilterChain.doFilter(ApplicationFilterChain.java:140)
	at org.springframework.web.filter.RequestContextFilter.doFilterInternal(RequestContextFilter.java:100)
	at org.springframework.web.filter.OncePerRequestFilter.doFilter(OncePerRequestFilter.java:116)
	at org.apache.catalina.core.ApplicationFilterChain.internalDoFilter(ApplicationFilterChain.java:164)
	at org.apache.catalina.core.ApplicationFilterChain.doFilter(ApplicationFilterChain.java:140)
	at org.springframework.web.filter.FormContentFilter.doFilterInternal(FormContentFilter.java:93)
	at org.springframework.web.filter.OncePerRequestFilter.doFilter(OncePerRequestFilter.java:116)
	at org.apache.catalina.core.ApplicationFilterChain.internalDoFilter(ApplicationFilterChain.java:164)
	at org.apache.catalina.core.ApplicationFilterChain.doFilter(ApplicationFilterChain.java:140)
	at org.springframework.web.filter.CharacterEncodingFilter.doFilterInternal(CharacterEncodingFilter.java:201)
	at org.springframework.web.filter.OncePerRequestFilter.doFilter(OncePerRequestFilter.java:116)
	at org.apache.catalina.core.ApplicationFilterChain.internalDoFilter(ApplicationFilterChain.java:164)
	at org.apache.catalina.core.ApplicationFilterChain.doFilter(ApplicationFilterChain.java:140)
	at org.apache.catalina.core.StandardWrapperValve.invoke(StandardWrapperValve.java:167)
	at org.apache.catalina.core.StandardContextValve.invoke(StandardContextValve.java:90)
	at org.apache.catalina.authenticator.AuthenticatorBase.invoke(AuthenticatorBase.java:483)
	at org.apache.catalina.core.StandardHostValve.invoke(StandardHostValve.java:115)
	at org.apache.catalina.valves.ErrorReportValve.invoke(ErrorReportValve.java:93)
	at org.apache.catalina.core.StandardEngineValve.invoke(StandardEngineValve.java:74)
	at org.apache.catalina.connector.CoyoteAdapter.service(CoyoteAdapter.java:344)
	at org.apache.coyote.http11.Http11Processor.service(Http11Processor.java:384)
	at org.apache.coyote.AbstractProcessorLight.process(AbstractProcessorLight.java:63)
	at org.apache.coyote.AbstractProtocol$ConnectionHandler.process(AbstractProtocol.java:904)
	at org.apache.tomcat.util.net.NioEndpoint$SocketProcessor.doRun(NioEndpoint.java:1741)
	at org.apache.tomcat.util.net.SocketProcessorBase.run(SocketProcessorBase.java:52)
	at org.apache.tomcat.util.threads.ThreadPoolExecutor.runWorker(ThreadPoolExecutor.java:1190)
	at org.apache.tomcat.util.threads.ThreadPoolExecutor$Worker.run(ThreadPoolExecutor.java:659)
	at org.apache.tomcat.util.threads.TaskThread$WrappingRunnable.run(TaskThread.java:63)
	at java.base/java.lang.Thread.run(Thread.java:833)
2024-10-04 16:28:57,446 ay.bank_demo.util.CheckSumUtil -    calculateCheckSum:26   - INFO  - [] - Checksum: 6504b5da5ed4cfe7323b0fa06bfdb6242f1be565f3319fa7e6b73bc29550ba8b
2024-10-04 16:30:01,827 eplyToMessageListenerContainer - nAndWaitOrCallback$7:871  - INFO  - [] - Successfully waited for consumers to finish.
2024-10-04 16:30:01,835 tainerEntityManagerFactoryBean -              destroy:650  - INFO  - [] - Closing JPA EntityManagerFactory for persistence unit 'default'
2024-10-04 16:30:01,837 zaxxer.hikari.HikariDataSource -                close:349  - INFO  - [] - HikariPool-1 - Shutdown initiated...
2024-10-04 16:30:01,842 zaxxer.hikari.HikariDataSource -                close:351  - INFO  - [] - HikariPool-1 - Shutdown completed.
2024-10-04 16:30:07,162 alidator.internal.util.Version -             <clinit>:21   - INFO  - [] - HV000001: Hibernate Validator 8.0.1.Final
2024-10-04 16:30:07,205 .bank_demo.BankDemoApplication -          logStarting:50   - INFO  - [] - Starting BankDemoApplication using Java 17.0.8.1 with PID 5068 (D:\VNPay\TTS\bank_demo\target\classes started by MSI in D:\VNPay\TTS\bank_demo)
2024-10-04 16:30:07,207 .bank_demo.BankDemoApplication - ogStartupProfileInfo:654  - INFO  - [] - No active profile set, falling back to 1 default profile: "default"
2024-10-04 16:30:07,963 epositoryConfigurationDelegate - ltipleStoresDetected:295  - INFO  - [] - Multiple Spring Data modules found, entering strict repository configuration mode
2024-10-04 16:30:07,965 epositoryConfigurationDelegate - gisterRepositoriesIn:143  - INFO  - [] - Bootstrapping Spring Data JPA repositories in DEFAULT mode.
2024-10-04 16:30:08,125 epositoryConfigurationDelegate - gisterRepositoriesIn:211  - INFO  - [] - Finished Spring Data repository scanning in 152 ms. Found 2 JPA repository interfaces.
2024-10-04 16:30:08,141 epositoryConfigurationDelegate - ltipleStoresDetected:295  - INFO  - [] - Multiple Spring Data modules found, entering strict repository configuration mode
2024-10-04 16:30:08,143 epositoryConfigurationDelegate - gisterRepositoriesIn:143  - INFO  - [] - Bootstrapping Spring Data Redis repositories in DEFAULT mode.
2024-10-04 16:30:08,159 yConfigurationExtensionSupport - tRepositoryCandidate:320  - INFO  - [] - Spring Data Redis - Could not safely identify store assignment for repository candidate interface vn.vnpay.bank_demo.repository.PaymentRepository; If you want this repository to be a Redis repository, consider annotating your entities with one of these annotations: org.springframework.data.redis.core.RedisHash (preferred), or consider extending one of the following types with your repository: org.springframework.data.keyvalue.repository.KeyValueRepository
2024-10-04 16:30:08,160 yConfigurationExtensionSupport - tRepositoryCandidate:320  - INFO  - [] - Spring Data Redis - Could not safely identify store assignment for repository candidate interface vn.vnpay.bank_demo.repository.UsersRepository; If you want this repository to be a Redis repository, consider annotating your entities with one of these annotations: org.springframework.data.redis.core.RedisHash (preferred), or consider extending one of the following types with your repository: org.springframework.data.keyvalue.repository.KeyValueRepository
2024-10-04 16:30:08,160 epositoryConfigurationDelegate - gisterRepositoriesIn:211  - INFO  - [] - Finished Spring Data repository scanning in 8 ms. Found 0 Redis repository interfaces.
2024-10-04 16:30:08,712 mbedded.tomcat.TomcatWebServer -           initialize:111  - INFO  - [] - Tomcat initialized with port 8080 (http)
2024-10-04 16:30:08,722 oyote.http11.Http11NioProtocol -                  log:173  - INFO  - [] - Initializing ProtocolHandler ["http-nio-8080"]
2024-10-04 16:30:08,726 .catalina.core.StandardService -                  log:173  - INFO  - [] - Starting service [Tomcat]
2024-10-04 16:30:08,726 e.catalina.core.StandardEngine -                  log:173  - INFO  - [] - Starting Servlet engine: [Apache Tomcat/10.1.28]
2024-10-04 16:30:08,793 .[Tomcat].[localhost].[/vnpay] -                  log:173  - INFO  - [] - Initializing Spring embedded WebApplicationContext
2024-10-04 16:30:08,794 letWebServerApplicationContext - ebApplicationContext:296  - INFO  - [] - Root WebApplicationContext: initialization completed in 1547 ms
2024-10-04 16:30:09,010 te.jpa.internal.util.LogHelper - tenceUnitInformation:31   - INFO  - [] - HHH000204: Processing PersistenceUnitInfo [name: default]
2024-10-04 16:30:09,062 org.hibernate.Version          -           logVersion:44   - INFO  - [] - HHH000412: Hibernate ORM core version 6.5.2.Final
2024-10-04 16:30:09,095 nternal.RegionFactoryInitiator -      initiateService:50   - INFO  - [] - HHH000026: Second-level cache disabled
2024-10-04 16:30:09,376 unit.SpringPersistenceUnitInfo -       addTransformer:87   - INFO  - [] - No LoadTimeWeaver setup: ignoring JPA class transformer
2024-10-04 16:30:09,400 zaxxer.hikari.HikariDataSource -        getConnection:109  - INFO  - [] - HikariPool-1 - Starting...
2024-10-04 16:30:09,636 .zaxxer.hikari.pool.HikariPool -        checkFailFast:554  - INFO  - [] - HikariPool-1 - Added connection ConnectionID:1 ClientConnectionId: c1ebd9ec-8873-48c7-ae1a-e27100057a6e
2024-10-04 16:30:09,638 zaxxer.hikari.HikariDataSource -        getConnection:122  - INFO  - [] - HikariPool-1 - Start completed.
2024-10-04 16:30:10,576 .internal.JtaPlatformInitiator -      initiateService:59   - INFO  - [] - HHH000489: No JTA platform available (set 'hibernate.transaction.jta.platform' to enable JTA platform integration)
2024-10-04 16:30:10,579 tainerEntityManagerFactoryBean - EntityManagerFactory:437  - INFO  - [] - Initialized JPA EntityManagerFactory for persistence unit 'default'
2024-10-04 16:30:11,245 figuration$JpaWebConfiguration - gerInViewInterceptor:236  - WARN  - [] - spring.jpa.open-in-view is enabled by default. Therefore, database queries may be performed during view rendering. Explicitly configure spring.jpa.open-in-view to disable this warning
2024-10-04 16:30:11,431 tTemplateResolverConfiguration - mplateLocationExists:101  - WARN  - [] - Cannot find template location: classpath:/templates/ (please add some templates, check your Thymeleaf configuration, or set spring.thymeleaf.check-template-location=false)
2024-10-04 16:30:11,602 oyote.http11.Http11NioProtocol -                  log:173  - INFO  - [] - Starting ProtocolHandler ["http-nio-8080"]
2024-10-04 16:30:11,621 mbedded.tomcat.TomcatWebServer -                start:243  - INFO  - [] - Tomcat started on port 8080 (http) with context path '/vnpay'
2024-10-04 16:30:11,631 .bank_demo.BankDemoApplication -           logStarted:56   - INFO  - [] - Started BankDemoApplication in 4.998 seconds (process running for 5.864)
2024-10-04 16:31:21,630 .[Tomcat].[localhost].[/vnpay] -                  log:173  - INFO  - [] - Initializing Spring DispatcherServlet 'dispatcherServlet'
2024-10-04 16:31:21,631 .web.servlet.DispatcherServlet -      initServletBean:532  - INFO  - [] - Initializing Servlet 'dispatcherServlet'
2024-10-04 16:31:21,632 .web.servlet.DispatcherServlet -      initServletBean:554  - INFO  - [] - Completed initialization in 1 ms
2024-10-04 16:31:21,735 mo.service.impl.PayServiceImpl -        createPayment:43   - INFO  - [] - Begin create-payment: {
  "tokenKey": "ey7CnpknHkhWmcqnknUOae\u003d",
  "apiId": "restPayment",
  "mobile": "0345225630",
  "bankCode": "98765432",
  "privateKey": "87654321",
  "accountNo": "0001100014211002",
  "payDate": "20230918124530",
  "additionalData": "11",
  "debitAmount": 11300,
  "respCode": "00",
  "respDesc": "SUCCESS",
  "traceTransfer": "FT19310RH6P1",
  "messageType": "1",
  "checkSum": "a66f9c27ddc8bee82c50b5603cbb861eae7b3c26e7a5a75047268058898c7f41",
  "orderCode": "FT19310RH6P1",
  "userName": "cntest001",
  "realAmount": 11200,
  "promotionCode": "ABCXYZ",
  "addValue": "{\"payMethod\":\"01\",\"payMethodMMS\":1}"
}
2024-10-04 16:31:22,104 ay.bank_demo.util.CheckSumUtil -    calculateCheckSum:26   - INFO  - [] - Checksum: a66f9c27ddc8bee82c50b5603cbb861eae7b3c26e7a5a75047268058898c7f41
2024-10-04 16:31:22,104 mo.service.impl.PayServiceImpl -     validateCheckSum:147  - INFO  - [] - Checksum request: a66f9c27ddc8bee82c50b5603cbb861eae7b3c26e7a5a75047268058898c7f41
2024-10-04 16:31:22,109 ction.CachingConnectionFactory -      connectHostPort:682  - INFO  - [] - Attempting to connect to: 127.0.0.1:5672
2024-10-04 16:31:22,145 ction.CachingConnectionFactory - createBareConnection:608  - INFO  - [] - Created new connection: cachingConnectionFactory#753cfae3:0/SimpleConnection@222b2b58 [delegate=amqp://guest@127.0.0.1:5672/, localPort=57787]
2024-10-04 16:31:22,150 k.amqp.rabbit.core.RabbitAdmin -           initialize:686  - INFO  - [] - Auto-declaring a non-durable, auto-delete, or exclusive Queue (myQueue) durable:false, auto-delete:false, exclusive:false. It will be redeclared if the broker stops and is restarted while the connection factory is alive, but all messages will be lost.
2024-10-04 16:31:22,171 eplyToMessageListenerContainer -          actualStart:471  - INFO  - [] - Container initialized for queues: [amq.rabbitmq.reply-to]
2024-10-04 16:31:22,177 eplyToMessageListenerContainer -   doConsumeFromQueue:769  - INFO  - [] - SimpleConsumer [queue=amq.rabbitmq.reply-to, index=0, consumerTag=amq.ctag-jf9LWKxP5TTlshEwSc_haQ identity=5222091b] started
2024-10-04 16:31:27,196 mo.service.impl.PayServiceImpl -    setDataToRabbitMQ:76   - INFO  - [] - Response Consumer: null
2024-10-04 16:31:27,197 mo.service.impl.PayServiceImpl -    setDataToRabbitMQ:92   - ERROR - [] - Unexpected error: 
vn.vnpay.bank_demo.common.exception.BankException: Not found consumer
	at vn.vnpay.bank_demo.service.impl.PayServiceImpl.setDataToRabbitMQ(PayServiceImpl.java:80)
	at vn.vnpay.bank_demo.service.impl.PayServiceImpl.createPayment(PayServiceImpl.java:64)
	at vn.vnpay.bank_demo.controller.payment.PayController.restPayment(PayController.java:24)
	at java.base/jdk.internal.reflect.NativeMethodAccessorImpl.invoke0(Native Method)
	at java.base/jdk.internal.reflect.NativeMethodAccessorImpl.invoke(NativeMethodAccessorImpl.java:77)
	at java.base/jdk.internal.reflect.DelegatingMethodAccessorImpl.invoke(DelegatingMethodAccessorImpl.java:43)
	at java.base/java.lang.reflect.Method.invoke(Method.java:568)
	at org.springframework.web.method.support.InvocableHandlerMethod.doInvoke(InvocableHandlerMethod.java:255)
	at org.springframework.web.method.support.InvocableHandlerMethod.invokeForRequest(InvocableHandlerMethod.java:188)
	at org.springframework.web.servlet.mvc.method.annotation.ServletInvocableHandlerMethod.invokeAndHandle(ServletInvocableHandlerMethod.java:118)
	at org.springframework.web.servlet.mvc.method.annotation.RequestMappingHandlerAdapter.invokeHandlerMethod(RequestMappingHandlerAdapter.java:926)
	at org.springframework.web.servlet.mvc.method.annotation.RequestMappingHandlerAdapter.handleInternal(RequestMappingHandlerAdapter.java:831)
	at org.springframework.web.servlet.mvc.method.AbstractHandlerMethodAdapter.handle(AbstractHandlerMethodAdapter.java:87)
	at org.springframework.web.servlet.DispatcherServlet.doDispatch(DispatcherServlet.java:1089)
	at org.springframework.web.servlet.DispatcherServlet.doService(DispatcherServlet.java:979)
	at org.springframework.web.servlet.FrameworkServlet.processRequest(FrameworkServlet.java:1014)
	at org.springframework.web.servlet.FrameworkServlet.doPost(FrameworkServlet.java:914)
	at jakarta.servlet.http.HttpServlet.service(HttpServlet.java:590)
	at org.springframework.web.servlet.FrameworkServlet.service(FrameworkServlet.java:885)
	at jakarta.servlet.http.HttpServlet.service(HttpServlet.java:658)
	at org.apache.catalina.core.ApplicationFilterChain.internalDoFilter(ApplicationFilterChain.java:195)
	at org.apache.catalina.core.ApplicationFilterChain.doFilter(ApplicationFilterChain.java:140)
	at org.apache.tomcat.websocket.server.WsFilter.doFilter(WsFilter.java:51)
	at org.apache.catalina.core.ApplicationFilterChain.internalDoFilter(ApplicationFilterChain.java:164)
	at org.apache.catalina.core.ApplicationFilterChain.doFilter(ApplicationFilterChain.java:140)
	at org.springframework.web.filter.RequestContextFilter.doFilterInternal(RequestContextFilter.java:100)
	at org.springframework.web.filter.OncePerRequestFilter.doFilter(OncePerRequestFilter.java:116)
	at org.apache.catalina.core.ApplicationFilterChain.internalDoFilter(ApplicationFilterChain.java:164)
	at org.apache.catalina.core.ApplicationFilterChain.doFilter(ApplicationFilterChain.java:140)
	at org.springframework.web.filter.FormContentFilter.doFilterInternal(FormContentFilter.java:93)
	at org.springframework.web.filter.OncePerRequestFilter.doFilter(OncePerRequestFilter.java:116)
	at org.apache.catalina.core.ApplicationFilterChain.internalDoFilter(ApplicationFilterChain.java:164)
	at org.apache.catalina.core.ApplicationFilterChain.doFilter(ApplicationFilterChain.java:140)
	at org.springframework.web.filter.CharacterEncodingFilter.doFilterInternal(CharacterEncodingFilter.java:201)
	at org.springframework.web.filter.OncePerRequestFilter.doFilter(OncePerRequestFilter.java:116)
	at org.apache.catalina.core.ApplicationFilterChain.internalDoFilter(ApplicationFilterChain.java:164)
	at org.apache.catalina.core.ApplicationFilterChain.doFilter(ApplicationFilterChain.java:140)
	at org.apache.catalina.core.StandardWrapperValve.invoke(StandardWrapperValve.java:167)
	at org.apache.catalina.core.StandardContextValve.invoke(StandardContextValve.java:90)
	at org.apache.catalina.authenticator.AuthenticatorBase.invoke(AuthenticatorBase.java:483)
	at org.apache.catalina.core.StandardHostValve.invoke(StandardHostValve.java:115)
	at org.apache.catalina.valves.ErrorReportValve.invoke(ErrorReportValve.java:93)
	at org.apache.catalina.core.StandardEngineValve.invoke(StandardEngineValve.java:74)
	at org.apache.catalina.connector.CoyoteAdapter.service(CoyoteAdapter.java:344)
	at org.apache.coyote.http11.Http11Processor.service(Http11Processor.java:384)
	at org.apache.coyote.AbstractProcessorLight.process(AbstractProcessorLight.java:63)
	at org.apache.coyote.AbstractProtocol$ConnectionHandler.process(AbstractProtocol.java:904)
	at org.apache.tomcat.util.net.NioEndpoint$SocketProcessor.doRun(NioEndpoint.java:1741)
	at org.apache.tomcat.util.net.SocketProcessorBase.run(SocketProcessorBase.java:52)
	at org.apache.tomcat.util.threads.ThreadPoolExecutor.runWorker(ThreadPoolExecutor.java:1190)
	at org.apache.tomcat.util.threads.ThreadPoolExecutor$Worker.run(ThreadPoolExecutor.java:659)
	at org.apache.tomcat.util.threads.TaskThread$WrappingRunnable.run(TaskThread.java:63)
	at java.base/java.lang.Thread.run(Thread.java:833)
2024-10-04 16:31:27,200 ay.bank_demo.util.CheckSumUtil -    calculateCheckSum:26   - INFO  - [] - Checksum: 6504b5da5ed4cfe7323b0fa06bfdb6242f1be565f3319fa7e6b73bc29550ba8b
2024-10-04 16:34:12,021 eplyToMessageListenerContainer - nAndWaitOrCallback$7:871  - INFO  - [] - Successfully waited for consumers to finish.
2024-10-04 16:34:12,027 tainerEntityManagerFactoryBean -              destroy:650  - INFO  - [] - Closing JPA EntityManagerFactory for persistence unit 'default'
2024-10-04 16:34:12,029 zaxxer.hikari.HikariDataSource -                close:349  - INFO  - [] - HikariPool-1 - Shutdown initiated...
2024-10-04 16:34:12,032 zaxxer.hikari.HikariDataSource -                close:351  - INFO  - [] - HikariPool-1 - Shutdown completed.
2024-10-04 16:34:14,815 alidator.internal.util.Version -             <clinit>:21   - INFO  - [] - HV000001: Hibernate Validator 8.0.1.Final
2024-10-04 16:34:14,841 .bank_demo.BankDemoApplication -          logStarting:50   - INFO  - [] - Starting BankDemoApplication using Java 17.0.8.1 with PID 15688 (D:\VNPay\TTS\bank_demo\target\classes started by MSI in D:\VNPay\TTS\bank_demo)
2024-10-04 16:34:14,842 .bank_demo.BankDemoApplication - ogStartupProfileInfo:654  - INFO  - [] - No active profile set, falling back to 1 default profile: "default"
2024-10-04 16:34:15,295 epositoryConfigurationDelegate - ltipleStoresDetected:295  - INFO  - [] - Multiple Spring Data modules found, entering strict repository configuration mode
2024-10-04 16:34:15,296 epositoryConfigurationDelegate - gisterRepositoriesIn:143  - INFO  - [] - Bootstrapping Spring Data JPA repositories in DEFAULT mode.
2024-10-04 16:34:15,393 epositoryConfigurationDelegate - gisterRepositoriesIn:211  - INFO  - [] - Finished Spring Data repository scanning in 91 ms. Found 2 JPA repository interfaces.
2024-10-04 16:34:15,402 epositoryConfigurationDelegate - ltipleStoresDetected:295  - INFO  - [] - Multiple Spring Data modules found, entering strict repository configuration mode
2024-10-04 16:34:15,403 epositoryConfigurationDelegate - gisterRepositoriesIn:143  - INFO  - [] - Bootstrapping Spring Data Redis repositories in DEFAULT mode.
2024-10-04 16:34:15,412 yConfigurationExtensionSupport - tRepositoryCandidate:320  - INFO  - [] - Spring Data Redis - Could not safely identify store assignment for repository candidate interface vn.vnpay.bank_demo.repository.PaymentRepository; If you want this repository to be a Redis repository, consider annotating your entities with one of these annotations: org.springframework.data.redis.core.RedisHash (preferred), or consider extending one of the following types with your repository: org.springframework.data.keyvalue.repository.KeyValueRepository
2024-10-04 16:34:15,412 yConfigurationExtensionSupport - tRepositoryCandidate:320  - INFO  - [] - Spring Data Redis - Could not safely identify store assignment for repository candidate interface vn.vnpay.bank_demo.repository.UsersRepository; If you want this repository to be a Redis repository, consider annotating your entities with one of these annotations: org.springframework.data.redis.core.RedisHash (preferred), or consider extending one of the following types with your repository: org.springframework.data.keyvalue.repository.KeyValueRepository
2024-10-04 16:34:15,412 epositoryConfigurationDelegate - gisterRepositoriesIn:211  - INFO  - [] - Finished Spring Data repository scanning in 4 ms. Found 0 Redis repository interfaces.
2024-10-04 16:34:15,772 mbedded.tomcat.TomcatWebServer -           initialize:111  - INFO  - [] - Tomcat initialized with port 8080 (http)
2024-10-04 16:34:15,783 oyote.http11.Http11NioProtocol -                  log:173  - INFO  - [] - Initializing ProtocolHandler ["http-nio-8080"]
2024-10-04 16:34:15,786 .catalina.core.StandardService -                  log:173  - INFO  - [] - Starting service [Tomcat]
2024-10-04 16:34:15,786 e.catalina.core.StandardEngine -                  log:173  - INFO  - [] - Starting Servlet engine: [Apache Tomcat/10.1.28]
2024-10-04 16:34:15,831 .[Tomcat].[localhost].[/vnpay] -                  log:173  - INFO  - [] - Initializing Spring embedded WebApplicationContext
2024-10-04 16:34:15,831 letWebServerApplicationContext - ebApplicationContext:296  - INFO  - [] - Root WebApplicationContext: initialization completed in 965 ms
2024-10-04 16:34:15,963 te.jpa.internal.util.LogHelper - tenceUnitInformation:31   - INFO  - [] - HHH000204: Processing PersistenceUnitInfo [name: default]
2024-10-04 16:34:16,011 org.hibernate.Version          -           logVersion:44   - INFO  - [] - HHH000412: Hibernate ORM core version 6.5.2.Final
2024-10-04 16:34:16,035 nternal.RegionFactoryInitiator -      initiateService:50   - INFO  - [] - HHH000026: Second-level cache disabled
2024-10-04 16:34:16,266 unit.SpringPersistenceUnitInfo -       addTransformer:87   - INFO  - [] - No LoadTimeWeaver setup: ignoring JPA class transformer
2024-10-04 16:34:16,291 zaxxer.hikari.HikariDataSource -        getConnection:109  - INFO  - [] - HikariPool-1 - Starting...
2024-10-04 16:34:16,523 .zaxxer.hikari.pool.HikariPool -        checkFailFast:554  - INFO  - [] - HikariPool-1 - Added connection ConnectionID:1 ClientConnectionId: 3f0f380d-d56c-4c95-a889-63dbc6f949db
2024-10-04 16:34:16,524 zaxxer.hikari.HikariDataSource -        getConnection:122  - INFO  - [] - HikariPool-1 - Start completed.
2024-10-04 16:34:17,190 .internal.JtaPlatformInitiator -      initiateService:59   - INFO  - [] - HHH000489: No JTA platform available (set 'hibernate.transaction.jta.platform' to enable JTA platform integration)
2024-10-04 16:34:17,192 tainerEntityManagerFactoryBean - EntityManagerFactory:437  - INFO  - [] - Initialized JPA EntityManagerFactory for persistence unit 'default'
2024-10-04 16:34:17,781 figuration$JpaWebConfiguration - gerInViewInterceptor:236  - WARN  - [] - spring.jpa.open-in-view is enabled by default. Therefore, database queries may be performed during view rendering. Explicitly configure spring.jpa.open-in-view to disable this warning
2024-10-04 16:34:17,915 tTemplateResolverConfiguration - mplateLocationExists:101  - WARN  - [] - Cannot find template location: classpath:/templates/ (please add some templates, check your Thymeleaf configuration, or set spring.thymeleaf.check-template-location=false)
2024-10-04 16:34:18,023 oyote.http11.Http11NioProtocol -                  log:173  - INFO  - [] - Starting ProtocolHandler ["http-nio-8080"]
2024-10-04 16:34:18,035 mbedded.tomcat.TomcatWebServer -                start:243  - INFO  - [] - Tomcat started on port 8080 (http) with context path '/vnpay'
2024-10-04 16:34:18,041 .bank_demo.BankDemoApplication -           logStarted:56   - INFO  - [] - Started BankDemoApplication in 3.536 seconds (process running for 3.957)
2024-10-04 16:35:57,476 tainerEntityManagerFactoryBean -              destroy:650  - INFO  - [] - Closing JPA EntityManagerFactory for persistence unit 'default'
2024-10-04 16:35:57,478 zaxxer.hikari.HikariDataSource -                close:349  - INFO  - [] - HikariPool-1 - Shutdown initiated...
2024-10-04 16:35:57,482 zaxxer.hikari.HikariDataSource -                close:351  - INFO  - [] - HikariPool-1 - Shutdown completed.
2024-10-04 16:36:00,547 alidator.internal.util.Version -             <clinit>:21   - INFO  - [] - HV000001: Hibernate Validator 8.0.1.Final
2024-10-04 16:36:00,580 .bank_demo.BankDemoApplication -          logStarting:50   - INFO  - [] - Starting BankDemoApplication using Java 17.0.8.1 with PID 9248 (D:\VNPay\TTS\bank_demo\target\classes started by MSI in D:\VNPay\TTS\bank_demo)
2024-10-04 16:36:00,581 .bank_demo.BankDemoApplication - ogStartupProfileInfo:654  - INFO  - [] - No active profile set, falling back to 1 default profile: "default"
2024-10-04 16:36:01,067 epositoryConfigurationDelegate - ltipleStoresDetected:295  - INFO  - [] - Multiple Spring Data modules found, entering strict repository configuration mode
2024-10-04 16:36:01,068 epositoryConfigurationDelegate - gisterRepositoriesIn:143  - INFO  - [] - Bootstrapping Spring Data JPA repositories in DEFAULT mode.
2024-10-04 16:36:01,165 epositoryConfigurationDelegate - gisterRepositoriesIn:211  - INFO  - [] - Finished Spring Data repository scanning in 92 ms. Found 2 JPA repository interfaces.
2024-10-04 16:36:01,174 epositoryConfigurationDelegate - ltipleStoresDetected:295  - INFO  - [] - Multiple Spring Data modules found, entering strict repository configuration mode
2024-10-04 16:36:01,175 epositoryConfigurationDelegate - gisterRepositoriesIn:143  - INFO  - [] - Bootstrapping Spring Data Redis repositories in DEFAULT mode.
2024-10-04 16:36:01,184 yConfigurationExtensionSupport - tRepositoryCandidate:320  - INFO  - [] - Spring Data Redis - Could not safely identify store assignment for repository candidate interface vn.vnpay.bank_demo.repository.PaymentRepository; If you want this repository to be a Redis repository, consider annotating your entities with one of these annotations: org.springframework.data.redis.core.RedisHash (preferred), or consider extending one of the following types with your repository: org.springframework.data.keyvalue.repository.KeyValueRepository
2024-10-04 16:36:01,184 yConfigurationExtensionSupport - tRepositoryCandidate:320  - INFO  - [] - Spring Data Redis - Could not safely identify store assignment for repository candidate interface vn.vnpay.bank_demo.repository.UsersRepository; If you want this repository to be a Redis repository, consider annotating your entities with one of these annotations: org.springframework.data.redis.core.RedisHash (preferred), or consider extending one of the following types with your repository: org.springframework.data.keyvalue.repository.KeyValueRepository
2024-10-04 16:36:01,184 epositoryConfigurationDelegate - gisterRepositoriesIn:211  - INFO  - [] - Finished Spring Data repository scanning in 4 ms. Found 0 Redis repository interfaces.
2024-10-04 16:36:01,528 mbedded.tomcat.TomcatWebServer -           initialize:111  - INFO  - [] - Tomcat initialized with port 8080 (http)
2024-10-04 16:36:01,536 oyote.http11.Http11NioProtocol -                  log:173  - INFO  - [] - Initializing ProtocolHandler ["http-nio-8080"]
2024-10-04 16:36:01,538 .catalina.core.StandardService -                  log:173  - INFO  - [] - Starting service [Tomcat]
2024-10-04 16:36:01,538 e.catalina.core.StandardEngine -                  log:173  - INFO  - [] - Starting Servlet engine: [Apache Tomcat/10.1.28]
2024-10-04 16:36:01,579 .[Tomcat].[localhost].[/vnpay] -                  log:173  - INFO  - [] - Initializing Spring embedded WebApplicationContext
2024-10-04 16:36:01,579 letWebServerApplicationContext - ebApplicationContext:296  - INFO  - [] - Root WebApplicationContext: initialization completed in 971 ms
2024-10-04 16:36:01,707 te.jpa.internal.util.LogHelper - tenceUnitInformation:31   - INFO  - [] - HHH000204: Processing PersistenceUnitInfo [name: default]
2024-10-04 16:36:01,738 org.hibernate.Version          -           logVersion:44   - INFO  - [] - HHH000412: Hibernate ORM core version 6.5.2.Final
2024-10-04 16:36:01,760 nternal.RegionFactoryInitiator -      initiateService:50   - INFO  - [] - HHH000026: Second-level cache disabled
2024-10-04 16:36:01,940 unit.SpringPersistenceUnitInfo -       addTransformer:87   - INFO  - [] - No LoadTimeWeaver setup: ignoring JPA class transformer
2024-10-04 16:36:01,957 zaxxer.hikari.HikariDataSource -        getConnection:109  - INFO  - [] - HikariPool-1 - Starting...
2024-10-04 16:36:02,119 .zaxxer.hikari.pool.HikariPool -        checkFailFast:554  - INFO  - [] - HikariPool-1 - Added connection ConnectionID:1 ClientConnectionId: 9432cbbe-320d-43dd-85e4-fdbf825b8c84
2024-10-04 16:36:02,120 zaxxer.hikari.HikariDataSource -        getConnection:122  - INFO  - [] - HikariPool-1 - Start completed.
2024-10-04 16:36:02,779 .internal.JtaPlatformInitiator -      initiateService:59   - INFO  - [] - HHH000489: No JTA platform available (set 'hibernate.transaction.jta.platform' to enable JTA platform integration)
2024-10-04 16:36:02,781 tainerEntityManagerFactoryBean - EntityManagerFactory:437  - INFO  - [] - Initialized JPA EntityManagerFactory for persistence unit 'default'
2024-10-04 16:36:03,354 figuration$JpaWebConfiguration - gerInViewInterceptor:236  - WARN  - [] - spring.jpa.open-in-view is enabled by default. Therefore, database queries may be performed during view rendering. Explicitly configure spring.jpa.open-in-view to disable this warning
2024-10-04 16:36:03,488 tTemplateResolverConfiguration - mplateLocationExists:101  - WARN  - [] - Cannot find template location: classpath:/templates/ (please add some templates, check your Thymeleaf configuration, or set spring.thymeleaf.check-template-location=false)
2024-10-04 16:36:03,602 oyote.http11.Http11NioProtocol -                  log:173  - INFO  - [] - Starting ProtocolHandler ["http-nio-8080"]
2024-10-04 16:36:03,614 mbedded.tomcat.TomcatWebServer -                start:243  - INFO  - [] - Tomcat started on port 8080 (http) with context path '/vnpay'
2024-10-04 16:36:03,622 .bank_demo.BankDemoApplication -           logStarted:56   - INFO  - [] - Started BankDemoApplication in 3.415 seconds (process running for 3.868)
2024-10-04 16:36:11,276 .[Tomcat].[localhost].[/vnpay] -                  log:173  - INFO  - [] - Initializing Spring DispatcherServlet 'dispatcherServlet'
2024-10-04 16:36:11,276 .web.servlet.DispatcherServlet -      initServletBean:532  - INFO  - [] - Initializing Servlet 'dispatcherServlet'
2024-10-04 16:36:11,278 .web.servlet.DispatcherServlet -      initServletBean:554  - INFO  - [] - Completed initialization in 2 ms
2024-10-04 16:36:11,449 mo.service.impl.PayServiceImpl -        createPayment:43   - INFO  - [] - Begin create-payment: {
  "tokenKey": "ey7CnpknHkhWmcqnnUOae\u003d",
  "apiId": "restPayment",
  "mobile": "0345225630",
  "bankCode": "98765432",
  "privateKey": "87654321",
  "accountNo": "0001100014211002",
  "payDate": "20230918124530",
  "additionalData": "11",
  "debitAmount": 11300,
  "respCode": "00",
  "respDesc": "SUCCESS",
  "traceTransfer": "FT19310RH6P1",
  "messageType": "1",
  "checkSum": "a66f9c27ddc8bee82c50b5603cbb861eae7b3c26e7a5a75047268058898c7f41",
  "orderCode": "FT19310RH6P1",
  "userName": "cntest001",
  "realAmount": 11200,
  "promotionCode": "ABCXYZ",
  "addValue": "{\"payMethod\":\"01\",\"payMethodMMS\":1}"
}
2024-10-04 16:36:11,992 ay.bank_demo.util.CheckSumUtil -    calculateCheckSum:26   - INFO  - [] - Checksum: a66f9c27ddc8bee82c50b5603cbb861eae7b3c26e7a5a75047268058898c7f41
2024-10-04 16:36:11,994 mo.service.impl.PayServiceImpl -     validateCheckSum:147  - INFO  - [] - Checksum request: a66f9c27ddc8bee82c50b5603cbb861eae7b3c26e7a5a75047268058898c7f41
2024-10-04 16:36:12,002 ction.CachingConnectionFactory -      connectHostPort:682  - INFO  - [] - Attempting to connect to: 127.0.0.1:5672
2024-10-04 16:36:12,062 ction.CachingConnectionFactory - createBareConnection:608  - INFO  - [] - Created new connection: cachingConnectionFactory#70a984c5:0/SimpleConnection@3cced95c [delegate=amqp://guest@127.0.0.1:5672/, localPort=57969]
2024-10-04 16:36:12,069 k.amqp.rabbit.core.RabbitAdmin -           initialize:686  - INFO  - [] - Auto-declaring a non-durable, auto-delete, or exclusive Queue (myQueue) durable:false, auto-delete:false, exclusive:false. It will be redeclared if the broker stops and is restarted while the connection factory is alive, but all messages will be lost.
2024-10-04 16:36:12,103 eplyToMessageListenerContainer -          actualStart:471  - INFO  - [] - Container initialized for queues: [amq.rabbitmq.reply-to]
2024-10-04 16:36:12,113 eplyToMessageListenerContainer -   doConsumeFromQueue:769  - INFO  - [] - SimpleConsumer [queue=amq.rabbitmq.reply-to, index=0, consumerTag=amq.ctag-9zjDbUzYbgvLTAFQGH-I9Q identity=5f512a39] started
2024-10-04 16:36:12,155 mo.service.impl.PayServiceImpl -    setDataToRabbitMQ:76   - INFO  - [] - Response Consumer: vn.vnpay.common.PaymentConsumerResponse@576319f6
2024-10-04 16:36:12,156 mo.service.impl.PayServiceImpl -        createPayment:66   - INFO  - [] - TokenKey: ey7CnpknHkhWmcqnnUOae= expiration time: 26627S
2024-10-04 16:36:12,159 mo.service.impl.PayServiceImpl -        createPayment:69   - INFO  - [] - End create-payment: Success
2024-10-04 16:36:12,161 ay.bank_demo.util.CheckSumUtil -    calculateCheckSum:26   - INFO  - [] - Checksum: 9f8ec1c8ab92fc7d35d670689ee30ef64b073c08bbaed791d00a926de3dd116a
2024-10-04 16:36:12,161 ay.bank_demo.util.CheckSumUtil -    calculateCheckSum:26   - INFO  - [] - Checksum: 9f8ec1c8ab92fc7d35d670689ee30ef64b073c08bbaed791d00a926de3dd116a
2024-10-04 16:37:42,850 eplyToMessageListenerContainer - nAndWaitOrCallback$7:871  - INFO  - [] - Successfully waited for consumers to finish.
2024-10-04 16:37:42,867 tainerEntityManagerFactoryBean -              destroy:650  - INFO  - [] - Closing JPA EntityManagerFactory for persistence unit 'default'
2024-10-04 16:37:42,868 zaxxer.hikari.HikariDataSource -                close:349  - INFO  - [] - HikariPool-1 - Shutdown initiated...
2024-10-04 16:37:42,872 zaxxer.hikari.HikariDataSource -                close:351  - INFO  - [] - HikariPool-1 - Shutdown completed.
2024-10-04 16:37:47,107 alidator.internal.util.Version -             <clinit>:21   - INFO  - [] - HV000001: Hibernate Validator 8.0.1.Final
2024-10-04 16:37:47,132 .bank_demo.BankDemoApplication -          logStarting:50   - INFO  - [] - Starting BankDemoApplication using Java 17.0.8.1 with PID 17312 (D:\VNPay\TTS\bank_demo\target\classes started by MSI in D:\VNPay\TTS\bank_demo)
2024-10-04 16:37:47,133 .bank_demo.BankDemoApplication - ogStartupProfileInfo:654  - INFO  - [] - No active profile set, falling back to 1 default profile: "default"
2024-10-04 16:37:47,631 epositoryConfigurationDelegate - ltipleStoresDetected:295  - INFO  - [] - Multiple Spring Data modules found, entering strict repository configuration mode
2024-10-04 16:37:47,633 epositoryConfigurationDelegate - gisterRepositoriesIn:143  - INFO  - [] - Bootstrapping Spring Data JPA repositories in DEFAULT mode.
2024-10-04 16:37:47,731 epositoryConfigurationDelegate - gisterRepositoriesIn:211  - INFO  - [] - Finished Spring Data repository scanning in 94 ms. Found 2 JPA repository interfaces.
2024-10-04 16:37:47,741 epositoryConfigurationDelegate - ltipleStoresDetected:295  - INFO  - [] - Multiple Spring Data modules found, entering strict repository configuration mode
2024-10-04 16:37:47,742 epositoryConfigurationDelegate - gisterRepositoriesIn:143  - INFO  - [] - Bootstrapping Spring Data Redis repositories in DEFAULT mode.
2024-10-04 16:37:47,752 yConfigurationExtensionSupport - tRepositoryCandidate:320  - INFO  - [] - Spring Data Redis - Could not safely identify store assignment for repository candidate interface vn.vnpay.bank_demo.repository.PaymentRepository; If you want this repository to be a Redis repository, consider annotating your entities with one of these annotations: org.springframework.data.redis.core.RedisHash (preferred), or consider extending one of the following types with your repository: org.springframework.data.keyvalue.repository.KeyValueRepository
2024-10-04 16:37:47,752 yConfigurationExtensionSupport - tRepositoryCandidate:320  - INFO  - [] - Spring Data Redis - Could not safely identify store assignment for repository candidate interface vn.vnpay.bank_demo.repository.UsersRepository; If you want this repository to be a Redis repository, consider annotating your entities with one of these annotations: org.springframework.data.redis.core.RedisHash (preferred), or consider extending one of the following types with your repository: org.springframework.data.keyvalue.repository.KeyValueRepository
2024-10-04 16:37:47,753 epositoryConfigurationDelegate - gisterRepositoriesIn:211  - INFO  - [] - Finished Spring Data repository scanning in 5 ms. Found 0 Redis repository interfaces.
2024-10-04 16:37:48,094 mbedded.tomcat.TomcatWebServer -           initialize:111  - INFO  - [] - Tomcat initialized with port 8080 (http)
2024-10-04 16:37:48,101 oyote.http11.Http11NioProtocol -                  log:173  - INFO  - [] - Initializing ProtocolHandler ["http-nio-8080"]
2024-10-04 16:37:48,103 .catalina.core.StandardService -                  log:173  - INFO  - [] - Starting service [Tomcat]
2024-10-04 16:37:48,103 e.catalina.core.StandardEngine -                  log:173  - INFO  - [] - Starting Servlet engine: [Apache Tomcat/10.1.28]
2024-10-04 16:37:48,153 .[Tomcat].[localhost].[/vnpay] -                  log:173  - INFO  - [] - Initializing Spring embedded WebApplicationContext
2024-10-04 16:37:48,153 letWebServerApplicationContext - ebApplicationContext:296  - INFO  - [] - Root WebApplicationContext: initialization completed in 990 ms
2024-10-04 16:37:48,287 te.jpa.internal.util.LogHelper - tenceUnitInformation:31   - INFO  - [] - HHH000204: Processing PersistenceUnitInfo [name: default]
2024-10-04 16:37:48,320 org.hibernate.Version          -           logVersion:44   - INFO  - [] - HHH000412: Hibernate ORM core version 6.5.2.Final
2024-10-04 16:37:48,343 nternal.RegionFactoryInitiator -      initiateService:50   - INFO  - [] - HHH000026: Second-level cache disabled
2024-10-04 16:37:48,527 unit.SpringPersistenceUnitInfo -       addTransformer:87   - INFO  - [] - No LoadTimeWeaver setup: ignoring JPA class transformer
2024-10-04 16:37:48,547 zaxxer.hikari.HikariDataSource -        getConnection:109  - INFO  - [] - HikariPool-1 - Starting...
2024-10-04 16:37:48,711 .zaxxer.hikari.pool.HikariPool -        checkFailFast:554  - INFO  - [] - HikariPool-1 - Added connection ConnectionID:1 ClientConnectionId: 9d76aecf-859a-47c5-b193-1dbde56d4831
2024-10-04 16:37:48,713 zaxxer.hikari.HikariDataSource -        getConnection:122  - INFO  - [] - HikariPool-1 - Start completed.
2024-10-04 16:37:49,328 .internal.JtaPlatformInitiator -      initiateService:59   - INFO  - [] - HHH000489: No JTA platform available (set 'hibernate.transaction.jta.platform' to enable JTA platform integration)
2024-10-04 16:37:49,330 tainerEntityManagerFactoryBean - EntityManagerFactory:437  - INFO  - [] - Initialized JPA EntityManagerFactory for persistence unit 'default'
2024-10-04 16:37:49,911 figuration$JpaWebConfiguration - gerInViewInterceptor:236  - WARN  - [] - spring.jpa.open-in-view is enabled by default. Therefore, database queries may be performed during view rendering. Explicitly configure spring.jpa.open-in-view to disable this warning
2024-10-04 16:37:50,034 tTemplateResolverConfiguration - mplateLocationExists:101  - WARN  - [] - Cannot find template location: classpath:/templates/ (please add some templates, check your Thymeleaf configuration, or set spring.thymeleaf.check-template-location=false)
2024-10-04 16:37:50,145 oyote.http11.Http11NioProtocol -                  log:173  - INFO  - [] - Starting ProtocolHandler ["http-nio-8080"]
2024-10-04 16:37:50,157 mbedded.tomcat.TomcatWebServer -                start:243  - INFO  - [] - Tomcat started on port 8080 (http) with context path '/vnpay'
2024-10-04 16:37:50,164 .bank_demo.BankDemoApplication -           logStarted:56   - INFO  - [] - Started BankDemoApplication in 3.429 seconds (process running for 4.052)
2024-10-04 16:38:19,520 .[Tomcat].[localhost].[/vnpay] -                  log:173  - INFO  - [] - Initializing Spring DispatcherServlet 'dispatcherServlet'
2024-10-04 16:38:19,520 .web.servlet.DispatcherServlet -      initServletBean:532  - INFO  - [] - Initializing Servlet 'dispatcherServlet'
2024-10-04 16:38:19,521 .web.servlet.DispatcherServlet -      initServletBean:554  - INFO  - [] - Completed initialization in 1 ms
2024-10-04 16:38:19,628 mo.service.impl.PayServiceImpl -        createPayment:43   - INFO  - [] - Begin create-payment: {
  "tokenKey": "ey7CnpknHkhWmcqnnUOae\u003d",
  "apiId": "restPayment",
  "mobile": "0345225630",
  "bankCode": "98765432",
  "privateKey": "87654321",
  "accountNo": "0001100014211002",
  "payDate": "20230918124530",
  "additionalData": "11",
  "debitAmount": 11300,
  "respCode": "00",
  "respDesc": "SUCCESS",
  "traceTransfer": "FT19310RH6P1",
  "messageType": "1",
  "checkSum": "a66f9c27ddc8bee82c50b5603cbb861eae7b3c26e7a5a75047268058898c7f41",
  "orderCode": "FT19310RH6P1",
  "userName": "cntest001",
  "realAmount": 11200,
  "promotionCode": "ABCXYZ",
  "addValue": "{\"payMethod\":\"01\",\"payMethodMMS\":1}"
}
2024-10-04 16:38:19,945 mo.service.impl.PayServiceImpl -        createPayment:48   - INFO  - [] - TokenKey is duplicated
2024-10-04 16:38:19,948 ay.bank_demo.util.CheckSumUtil -    calculateCheckSum:26   - INFO  - [] - Checksum: bbd828e0ea123d9fdd987204d876ff34a4ca1044c7f1588c942ae727c3ece992
2024-10-04 16:38:31,597 mo.service.impl.PayServiceImpl -        createPayment:43   - INFO  - [] - Begin create-payment: {
  "tokenKey": "ey7CnpknHkhWmcqnUOae\u003d",
  "apiId": "restPayment",
  "mobile": "0345225630",
  "bankCode": "98765432",
  "privateKey": "87654321",
  "accountNo": "0001100014211002",
  "payDate": "20230918124530",
  "additionalData": "11",
  "debitAmount": 11300,
  "respCode": "00",
  "respDesc": "SUCCESS",
  "traceTransfer": "FT19310RH6P1",
  "messageType": "1",
  "checkSum": "a66f9c27ddc8bee82c50b5603cbb861eae7b3c26e7a5a75047268058898c7f41",
  "orderCode": "FT19310RH6P1",
  "userName": "cntest001",
  "realAmount": 11200,
  "promotionCode": "ABCXYZ",
  "addValue": "{\"payMethod\":\"01\",\"payMethodMMS\":1}"
}
2024-10-04 16:38:31,606 ay.bank_demo.util.CheckSumUtil -    calculateCheckSum:26   - INFO  - [] - Checksum: a66f9c27ddc8bee82c50b5603cbb861eae7b3c26e7a5a75047268058898c7f41
2024-10-04 16:38:31,607 mo.service.impl.PayServiceImpl -     validateCheckSum:147  - INFO  - [] - Checksum request: a66f9c27ddc8bee82c50b5603cbb861eae7b3c26e7a5a75047268058898c7f41
2024-10-04 16:38:31,613 ction.CachingConnectionFactory -      connectHostPort:682  - INFO  - [] - Attempting to connect to: 127.0.0.1:5672
2024-10-04 16:38:31,651 ction.CachingConnectionFactory - createBareConnection:608  - INFO  - [] - Created new connection: cachingConnectionFactory#70a984c5:0/SimpleConnection@33c8f3ca [delegate=amqp://guest@127.0.0.1:5672/, localPort=58072]
2024-10-04 16:38:31,657 k.amqp.rabbit.core.RabbitAdmin -           initialize:686  - INFO  - [] - Auto-declaring a non-durable, auto-delete, or exclusive Queue (myQueue) durable:false, auto-delete:false, exclusive:false. It will be redeclared if the broker stops and is restarted while the connection factory is alive, but all messages will be lost.
2024-10-04 16:38:31,680 eplyToMessageListenerContainer -          actualStart:471  - INFO  - [] - Container initialized for queues: [amq.rabbitmq.reply-to]
2024-10-04 16:38:31,687 eplyToMessageListenerContainer -   doConsumeFromQueue:769  - INFO  - [] - SimpleConsumer [queue=amq.rabbitmq.reply-to, index=0, consumerTag=amq.ctag-1EvWoKgr1x3ospwg6hbYig identity=63d3ce11] started
2024-10-04 16:38:31,811 mo.service.impl.PayServiceImpl -    setDataToRabbitMQ:76   - INFO  - [] - Response Consumer: vn.vnpay.common.PaymentConsumerResponse@3e37e95
2024-10-04 16:38:31,812 mo.service.impl.PayServiceImpl -        createPayment:66   - INFO  - [] - TokenKey: ey7CnpknHkhWmcqnUOae= expiration time: 26488S
2024-10-04 16:38:31,814 mo.service.impl.PayServiceImpl -        createPayment:69   - INFO  - [] - End create-payment: Success
2024-10-04 16:38:31,814 ay.bank_demo.util.CheckSumUtil -    calculateCheckSum:26   - INFO  - [] - Checksum: cef459279719da0b18b68f7a318bb56128f9528b53475a6572ee1b2e5accd806
2024-10-04 16:38:31,815 ay.bank_demo.util.CheckSumUtil -    calculateCheckSum:26   - INFO  - [] - Checksum: cef459279719da0b18b68f7a318bb56128f9528b53475a6572ee1b2e5accd806
2024-10-04 16:38:52,502 eplyToMessageListenerContainer - nAndWaitOrCallback$7:871  - INFO  - [] - Successfully waited for consumers to finish.
2024-10-04 16:38:52,508 tainerEntityManagerFactoryBean -              destroy:650  - INFO  - [] - Closing JPA EntityManagerFactory for persistence unit 'default'
2024-10-04 16:38:52,509 zaxxer.hikari.HikariDataSource -                close:349  - INFO  - [] - HikariPool-1 - Shutdown initiated...
2024-10-04 16:38:52,513 zaxxer.hikari.HikariDataSource -                close:351  - INFO  - [] - HikariPool-1 - Shutdown completed.
2024-10-04 16:38:55,823 alidator.internal.util.Version -             <clinit>:21   - INFO  - [] - HV000001: Hibernate Validator 8.0.1.Final
2024-10-04 16:38:55,848 .bank_demo.BankDemoApplication -          logStarting:50   - INFO  - [] - Starting BankDemoApplication using Java 17.0.8.1 with PID 13020 (D:\VNPay\TTS\bank_demo\target\classes started by MSI in D:\VNPay\TTS\bank_demo)
2024-10-04 16:38:55,849 .bank_demo.BankDemoApplication - ogStartupProfileInfo:654  - INFO  - [] - No active profile set, falling back to 1 default profile: "default"
2024-10-04 16:38:56,312 epositoryConfigurationDelegate - ltipleStoresDetected:295  - INFO  - [] - Multiple Spring Data modules found, entering strict repository configuration mode
2024-10-04 16:38:56,313 epositoryConfigurationDelegate - gisterRepositoriesIn:143  - INFO  - [] - Bootstrapping Spring Data JPA repositories in DEFAULT mode.
2024-10-04 16:38:56,410 epositoryConfigurationDelegate - gisterRepositoriesIn:211  - INFO  - [] - Finished Spring Data repository scanning in 92 ms. Found 2 JPA repository interfaces.
2024-10-04 16:38:56,420 epositoryConfigurationDelegate - ltipleStoresDetected:295  - INFO  - [] - Multiple Spring Data modules found, entering strict repository configuration mode
2024-10-04 16:38:56,421 epositoryConfigurationDelegate - gisterRepositoriesIn:143  - INFO  - [] - Bootstrapping Spring Data Redis repositories in DEFAULT mode.
2024-10-04 16:38:56,431 yConfigurationExtensionSupport - tRepositoryCandidate:320  - INFO  - [] - Spring Data Redis - Could not safely identify store assignment for repository candidate interface vn.vnpay.bank_demo.repository.PaymentRepository; If you want this repository to be a Redis repository, consider annotating your entities with one of these annotations: org.springframework.data.redis.core.RedisHash (preferred), or consider extending one of the following types with your repository: org.springframework.data.keyvalue.repository.KeyValueRepository
2024-10-04 16:38:56,431 yConfigurationExtensionSupport - tRepositoryCandidate:320  - INFO  - [] - Spring Data Redis - Could not safely identify store assignment for repository candidate interface vn.vnpay.bank_demo.repository.UsersRepository; If you want this repository to be a Redis repository, consider annotating your entities with one of these annotations: org.springframework.data.redis.core.RedisHash (preferred), or consider extending one of the following types with your repository: org.springframework.data.keyvalue.repository.KeyValueRepository
2024-10-04 16:38:56,432 epositoryConfigurationDelegate - gisterRepositoriesIn:211  - INFO  - [] - Finished Spring Data repository scanning in 5 ms. Found 0 Redis repository interfaces.
2024-10-04 16:38:56,811 mbedded.tomcat.TomcatWebServer -           initialize:111  - INFO  - [] - Tomcat initialized with port 8080 (http)
2024-10-04 16:38:56,818 oyote.http11.Http11NioProtocol -                  log:173  - INFO  - [] - Initializing ProtocolHandler ["http-nio-8080"]
2024-10-04 16:38:56,820 .catalina.core.StandardService -                  log:173  - INFO  - [] - Starting service [Tomcat]
2024-10-04 16:38:56,820 e.catalina.core.StandardEngine -                  log:173  - INFO  - [] - Starting Servlet engine: [Apache Tomcat/10.1.28]
2024-10-04 16:38:56,868 .[Tomcat].[localhost].[/vnpay] -                  log:173  - INFO  - [] - Initializing Spring embedded WebApplicationContext
2024-10-04 16:38:56,868 letWebServerApplicationContext - ebApplicationContext:296  - INFO  - [] - Root WebApplicationContext: initialization completed in 996 ms
2024-10-04 16:38:56,997 te.jpa.internal.util.LogHelper - tenceUnitInformation:31   - INFO  - [] - HHH000204: Processing PersistenceUnitInfo [name: default]
2024-10-04 16:38:57,030 org.hibernate.Version          -           logVersion:44   - INFO  - [] - HHH000412: Hibernate ORM core version 6.5.2.Final
2024-10-04 16:38:57,053 nternal.RegionFactoryInitiator -      initiateService:50   - INFO  - [] - HHH000026: Second-level cache disabled
2024-10-04 16:38:57,231 unit.SpringPersistenceUnitInfo -       addTransformer:87   - INFO  - [] - No LoadTimeWeaver setup: ignoring JPA class transformer
2024-10-04 16:38:57,253 zaxxer.hikari.HikariDataSource -        getConnection:109  - INFO  - [] - HikariPool-1 - Starting...
2024-10-04 16:38:57,410 .zaxxer.hikari.pool.HikariPool -        checkFailFast:554  - INFO  - [] - HikariPool-1 - Added connection ConnectionID:1 ClientConnectionId: 7a300b54-b2f9-40b2-b62a-a9513840616f
2024-10-04 16:38:57,412 zaxxer.hikari.HikariDataSource -        getConnection:122  - INFO  - [] - HikariPool-1 - Start completed.
2024-10-04 16:38:57,987 .internal.JtaPlatformInitiator -      initiateService:59   - INFO  - [] - HHH000489: No JTA platform available (set 'hibernate.transaction.jta.platform' to enable JTA platform integration)
2024-10-04 16:38:57,988 tainerEntityManagerFactoryBean - EntityManagerFactory:437  - INFO  - [] - Initialized JPA EntityManagerFactory for persistence unit 'default'
2024-10-04 16:38:58,546 figuration$JpaWebConfiguration - gerInViewInterceptor:236  - WARN  - [] - spring.jpa.open-in-view is enabled by default. Therefore, database queries may be performed during view rendering. Explicitly configure spring.jpa.open-in-view to disable this warning
2024-10-04 16:38:58,690 tTemplateResolverConfiguration - mplateLocationExists:101  - WARN  - [] - Cannot find template location: classpath:/templates/ (please add some templates, check your Thymeleaf configuration, or set spring.thymeleaf.check-template-location=false)
2024-10-04 16:38:58,804 oyote.http11.Http11NioProtocol -                  log:173  - INFO  - [] - Starting ProtocolHandler ["http-nio-8080"]
2024-10-04 16:38:58,815 mbedded.tomcat.TomcatWebServer -                start:243  - INFO  - [] - Tomcat started on port 8080 (http) with context path '/vnpay'
2024-10-04 16:38:58,822 .bank_demo.BankDemoApplication -           logStarted:56   - INFO  - [] - Started BankDemoApplication in 3.305 seconds (process running for 3.719)
2024-10-04 16:39:17,280 .[Tomcat].[localhost].[/vnpay] -                  log:173  - INFO  - [] - Initializing Spring DispatcherServlet 'dispatcherServlet'
2024-10-04 16:39:17,280 .web.servlet.DispatcherServlet -      initServletBean:532  - INFO  - [] - Initializing Servlet 'dispatcherServlet'
2024-10-04 16:39:17,281 .web.servlet.DispatcherServlet -      initServletBean:554  - INFO  - [] - Completed initialization in 1 ms
2024-10-04 16:39:17,386 mo.service.impl.PayServiceImpl -        createPayment:43   - INFO  - [] - Begin create-payment: {
  "tokenKey": "ey7CnpknHkhWcqnUOae\u003d",
  "apiId": "restPayment",
  "mobile": "0345225630",
  "bankCode": "98765432",
  "privateKey": "87654321",
  "accountNo": "0001100014211002",
  "payDate": "20230918124530",
  "additionalData": "11",
  "debitAmount": 11300,
  "respCode": "00",
  "respDesc": "SUCCESS",
  "traceTransfer": "FT19310RH6P1",
  "messageType": "1",
  "checkSum": "a66f9c27ddc8bee82c50b5603cbb861eae7b3c26e7a5a75047268058898c7f41",
  "orderCode": "FT19310RH6P1",
  "userName": "cntest001",
  "realAmount": 11200,
  "promotionCode": "ABCXYZ",
  "addValue": "{\"payMethod\":\"01\",\"payMethodMMS\":1}"
}
2024-10-04 16:39:17,711 ay.bank_demo.util.CheckSumUtil -    calculateCheckSum:26   - INFO  - [] - Checksum: a66f9c27ddc8bee82c50b5603cbb861eae7b3c26e7a5a75047268058898c7f41
2024-10-04 16:39:17,712 mo.service.impl.PayServiceImpl -     validateCheckSum:147  - INFO  - [] - Checksum request: a66f9c27ddc8bee82c50b5603cbb861eae7b3c26e7a5a75047268058898c7f41
2024-10-04 16:39:17,717 ction.CachingConnectionFactory -      connectHostPort:682  - INFO  - [] - Attempting to connect to: 127.0.0.1:5672
2024-10-04 16:39:17,751 ction.CachingConnectionFactory - createBareConnection:608  - INFO  - [] - Created new connection: cachingConnectionFactory#a89dec0:0/SimpleConnection@55b03a77 [delegate=amqp://guest@127.0.0.1:5672/, localPort=58125]
2024-10-04 16:39:17,757 k.amqp.rabbit.core.RabbitAdmin -           initialize:686  - INFO  - [] - Auto-declaring a non-durable, auto-delete, or exclusive Queue (myQueue) durable:false, auto-delete:false, exclusive:false. It will be redeclared if the broker stops and is restarted while the connection factory is alive, but all messages will be lost.
2024-10-04 16:39:17,778 eplyToMessageListenerContainer -          actualStart:471  - INFO  - [] - Container initialized for queues: [amq.rabbitmq.reply-to]
2024-10-04 16:39:17,785 eplyToMessageListenerContainer -   doConsumeFromQueue:769  - INFO  - [] - SimpleConsumer [queue=amq.rabbitmq.reply-to, index=0, consumerTag=amq.ctag-LWLjegDtqBucXAemJFqjHA identity=2c13fdb5] started
2024-10-04 16:39:17,903 mo.service.impl.PayServiceImpl -    setDataToRabbitMQ:76   - INFO  - [] - Response Consumer: vn.vnpay.common.PaymentConsumerResponse@55c9b124
2024-10-04 16:39:17,904 mo.service.impl.PayServiceImpl -        createPayment:66   - INFO  - [] - TokenKey: ey7CnpknHkhWcqnUOae= expiration time: 26442S
2024-10-04 16:39:17,906 mo.service.impl.PayServiceImpl -        createPayment:69   - INFO  - [] - End create-payment: Success
2024-10-04 16:39:17,907 ay.bank_demo.util.CheckSumUtil -    calculateCheckSum:26   - INFO  - [] - Checksum: b07d16fa9d11e12d44c5885c891074a3ef60a71d6b85f1a4a6355c9ea71ef8c9
2024-10-04 16:39:17,907 ay.bank_demo.util.CheckSumUtil -    calculateCheckSum:26   - INFO  - [] - Checksum: b07d16fa9d11e12d44c5885c891074a3ef60a71d6b85f1a4a6355c9ea71ef8c9
2024-10-04 16:46:47,735 eplyToMessageListenerContainer - nAndWaitOrCallback$7:871  - INFO  - [] - Successfully waited for consumers to finish.
2024-10-04 16:46:47,743 tainerEntityManagerFactoryBean -              destroy:650  - INFO  - [] - Closing JPA EntityManagerFactory for persistence unit 'default'
2024-10-04 16:46:47,744 zaxxer.hikari.HikariDataSource -                close:349  - INFO  - [] - HikariPool-1 - Shutdown initiated...
2024-10-04 16:46:47,747 zaxxer.hikari.HikariDataSource -                close:351  - INFO  - [] - HikariPool-1 - Shutdown completed.
2024-10-04 16:46:50,966 alidator.internal.util.Version -             <clinit>:21   - INFO  - [] - HV000001: Hibernate Validator 8.0.1.Final
2024-10-04 16:46:50,992 .bank_demo.BankDemoApplication -          logStarting:50   - INFO  - [] - Starting BankDemoApplication using Java 17.0.8.1 with PID 9660 (D:\VNPay\TTS\bank_demo\target\classes started by MSI in D:\VNPay\TTS\bank_demo)
2024-10-04 16:46:50,992 .bank_demo.BankDemoApplication - ogStartupProfileInfo:654  - INFO  - [] - No active profile set, falling back to 1 default profile: "default"
2024-10-04 16:46:51,444 epositoryConfigurationDelegate - ltipleStoresDetected:295  - INFO  - [] - Multiple Spring Data modules found, entering strict repository configuration mode
2024-10-04 16:46:51,445 epositoryConfigurationDelegate - gisterRepositoriesIn:143  - INFO  - [] - Bootstrapping Spring Data JPA repositories in DEFAULT mode.
2024-10-04 16:46:51,540 epositoryConfigurationDelegate - gisterRepositoriesIn:211  - INFO  - [] - Finished Spring Data repository scanning in 89 ms. Found 2 JPA repository interfaces.
2024-10-04 16:46:51,549 epositoryConfigurationDelegate - ltipleStoresDetected:295  - INFO  - [] - Multiple Spring Data modules found, entering strict repository configuration mode
2024-10-04 16:46:51,550 epositoryConfigurationDelegate - gisterRepositoriesIn:143  - INFO  - [] - Bootstrapping Spring Data Redis repositories in DEFAULT mode.
2024-10-04 16:46:51,559 yConfigurationExtensionSupport - tRepositoryCandidate:320  - INFO  - [] - Spring Data Redis - Could not safely identify store assignment for repository candidate interface vn.vnpay.bank_demo.repository.PaymentRepository; If you want this repository to be a Redis repository, consider annotating your entities with one of these annotations: org.springframework.data.redis.core.RedisHash (preferred), or consider extending one of the following types with your repository: org.springframework.data.keyvalue.repository.KeyValueRepository
2024-10-04 16:46:51,560 yConfigurationExtensionSupport - tRepositoryCandidate:320  - INFO  - [] - Spring Data Redis - Could not safely identify store assignment for repository candidate interface vn.vnpay.bank_demo.repository.UsersRepository; If you want this repository to be a Redis repository, consider annotating your entities with one of these annotations: org.springframework.data.redis.core.RedisHash (preferred), or consider extending one of the following types with your repository: org.springframework.data.keyvalue.repository.KeyValueRepository
2024-10-04 16:46:51,560 epositoryConfigurationDelegate - gisterRepositoriesIn:211  - INFO  - [] - Finished Spring Data repository scanning in 4 ms. Found 0 Redis repository interfaces.
2024-10-04 16:46:51,881 mbedded.tomcat.TomcatWebServer -           initialize:111  - INFO  - [] - Tomcat initialized with port 8080 (http)
2024-10-04 16:46:51,894 oyote.http11.Http11NioProtocol -                  log:173  - INFO  - [] - Initializing ProtocolHandler ["http-nio-8080"]
2024-10-04 16:46:51,896 .catalina.core.StandardService -                  log:173  - INFO  - [] - Starting service [Tomcat]
2024-10-04 16:46:51,897 e.catalina.core.StandardEngine -                  log:173  - INFO  - [] - Starting Servlet engine: [Apache Tomcat/10.1.28]
2024-10-04 16:46:51,940 .[Tomcat].[localhost].[/vnpay] -                  log:173  - INFO  - [] - Initializing Spring embedded WebApplicationContext
2024-10-04 16:46:51,940 letWebServerApplicationContext - ebApplicationContext:296  - INFO  - [] - Root WebApplicationContext: initialization completed in 926 ms
2024-10-04 16:46:52,064 te.jpa.internal.util.LogHelper - tenceUnitInformation:31   - INFO  - [] - HHH000204: Processing PersistenceUnitInfo [name: default]
2024-10-04 16:46:52,094 org.hibernate.Version          -           logVersion:44   - INFO  - [] - HHH000412: Hibernate ORM core version 6.5.2.Final
2024-10-04 16:46:52,114 nternal.RegionFactoryInitiator -      initiateService:50   - INFO  - [] - HHH000026: Second-level cache disabled
2024-10-04 16:46:52,282 unit.SpringPersistenceUnitInfo -       addTransformer:87   - INFO  - [] - No LoadTimeWeaver setup: ignoring JPA class transformer
2024-10-04 16:46:52,298 zaxxer.hikari.HikariDataSource -        getConnection:109  - INFO  - [] - HikariPool-1 - Starting...
2024-10-04 16:46:52,457 .zaxxer.hikari.pool.HikariPool -        checkFailFast:554  - INFO  - [] - HikariPool-1 - Added connection ConnectionID:1 ClientConnectionId: f8e0c4a2-3475-4038-ab3b-600abffb27da
2024-10-04 16:46:52,459 zaxxer.hikari.HikariDataSource -        getConnection:122  - INFO  - [] - HikariPool-1 - Start completed.
2024-10-04 16:46:53,039 .internal.JtaPlatformInitiator -      initiateService:59   - INFO  - [] - HHH000489: No JTA platform available (set 'hibernate.transaction.jta.platform' to enable JTA platform integration)
2024-10-04 16:46:53,041 tainerEntityManagerFactoryBean - EntityManagerFactory:437  - INFO  - [] - Initialized JPA EntityManagerFactory for persistence unit 'default'
2024-10-04 16:46:53,576 figuration$JpaWebConfiguration - gerInViewInterceptor:236  - WARN  - [] - spring.jpa.open-in-view is enabled by default. Therefore, database queries may be performed during view rendering. Explicitly configure spring.jpa.open-in-view to disable this warning
2024-10-04 16:46:53,704 tTemplateResolverConfiguration - mplateLocationExists:101  - WARN  - [] - Cannot find template location: classpath:/templates/ (please add some templates, check your Thymeleaf configuration, or set spring.thymeleaf.check-template-location=false)
2024-10-04 16:46:53,807 oyote.http11.Http11NioProtocol -                  log:173  - INFO  - [] - Starting ProtocolHandler ["http-nio-8080"]
2024-10-04 16:46:53,820 mbedded.tomcat.TomcatWebServer -                start:243  - INFO  - [] - Tomcat started on port 8080 (http) with context path '/vnpay'
2024-10-04 16:46:53,826 .bank_demo.BankDemoApplication -           logStarted:56   - INFO  - [] - Started BankDemoApplication in 3.143 seconds (process running for 3.548)
2024-10-04 17:02:49,863 tainerEntityManagerFactoryBean -              destroy:650  - INFO  - [] - Closing JPA EntityManagerFactory for persistence unit 'default'
2024-10-04 17:02:49,864 zaxxer.hikari.HikariDataSource -                close:349  - INFO  - [] - HikariPool-1 - Shutdown initiated...
2024-10-04 17:02:49,869 zaxxer.hikari.HikariDataSource -                close:351  - INFO  - [] - HikariPool-1 - Shutdown completed.
2024-10-04 17:02:53,670 alidator.internal.util.Version -             <clinit>:21   - INFO  - [] - HV000001: Hibernate Validator 8.0.1.Final
2024-10-04 17:02:53,694 .bank_demo.BankDemoApplication -          logStarting:50   - INFO  - [] - Starting BankDemoApplication using Java 17.0.8.1 with PID 2020 (D:\VNPay\TTS\bank_demo\target\classes started by MSI in D:\VNPay\TTS\bank_demo)
2024-10-04 17:02:53,695 .bank_demo.BankDemoApplication - ogStartupProfileInfo:654  - INFO  - [] - No active profile set, falling back to 1 default profile: "default"
2024-10-04 17:02:54,162 epositoryConfigurationDelegate - ltipleStoresDetected:295  - INFO  - [] - Multiple Spring Data modules found, entering strict repository configuration mode
2024-10-04 17:02:54,163 epositoryConfigurationDelegate - gisterRepositoriesIn:143  - INFO  - [] - Bootstrapping Spring Data JPA repositories in DEFAULT mode.
2024-10-04 17:02:54,258 epositoryConfigurationDelegate - gisterRepositoriesIn:211  - INFO  - [] - Finished Spring Data repository scanning in 89 ms. Found 2 JPA repository interfaces.
2024-10-04 17:02:54,267 epositoryConfigurationDelegate - ltipleStoresDetected:295  - INFO  - [] - Multiple Spring Data modules found, entering strict repository configuration mode
2024-10-04 17:02:54,268 epositoryConfigurationDelegate - gisterRepositoriesIn:143  - INFO  - [] - Bootstrapping Spring Data Redis repositories in DEFAULT mode.
2024-10-04 17:02:54,277 yConfigurationExtensionSupport - tRepositoryCandidate:320  - INFO  - [] - Spring Data Redis - Could not safely identify store assignment for repository candidate interface vn.vnpay.bank_demo.repository.PaymentRepository; If you want this repository to be a Redis repository, consider annotating your entities with one of these annotations: org.springframework.data.redis.core.RedisHash (preferred), or consider extending one of the following types with your repository: org.springframework.data.keyvalue.repository.KeyValueRepository
2024-10-04 17:02:54,278 yConfigurationExtensionSupport - tRepositoryCandidate:320  - INFO  - [] - Spring Data Redis - Could not safely identify store assignment for repository candidate interface vn.vnpay.bank_demo.repository.UsersRepository; If you want this repository to be a Redis repository, consider annotating your entities with one of these annotations: org.springframework.data.redis.core.RedisHash (preferred), or consider extending one of the following types with your repository: org.springframework.data.keyvalue.repository.KeyValueRepository
2024-10-04 17:02:54,278 epositoryConfigurationDelegate - gisterRepositoriesIn:211  - INFO  - [] - Finished Spring Data repository scanning in 4 ms. Found 0 Redis repository interfaces.
2024-10-04 17:02:54,605 mbedded.tomcat.TomcatWebServer -           initialize:111  - INFO  - [] - Tomcat initialized with port 8080 (http)
2024-10-04 17:02:54,611 oyote.http11.Http11NioProtocol -                  log:173  - INFO  - [] - Initializing ProtocolHandler ["http-nio-8080"]
2024-10-04 17:02:54,613 .catalina.core.StandardService -                  log:173  - INFO  - [] - Starting service [Tomcat]
2024-10-04 17:02:54,613 e.catalina.core.StandardEngine -                  log:173  - INFO  - [] - Starting Servlet engine: [Apache Tomcat/10.1.28]
2024-10-04 17:02:54,661 .[Tomcat].[localhost].[/vnpay] -                  log:173  - INFO  - [] - Initializing Spring embedded WebApplicationContext
2024-10-04 17:02:54,662 letWebServerApplicationContext - ebApplicationContext:296  - INFO  - [] - Root WebApplicationContext: initialization completed in 939 ms
2024-10-04 17:02:54,785 te.jpa.internal.util.LogHelper - tenceUnitInformation:31   - INFO  - [] - HHH000204: Processing PersistenceUnitInfo [name: default]
2024-10-04 17:02:54,815 org.hibernate.Version          -           logVersion:44   - INFO  - [] - HHH000412: Hibernate ORM core version 6.5.2.Final
2024-10-04 17:02:54,836 nternal.RegionFactoryInitiator -      initiateService:50   - INFO  - [] - HHH000026: Second-level cache disabled
2024-10-04 17:02:55,008 unit.SpringPersistenceUnitInfo -       addTransformer:87   - INFO  - [] - No LoadTimeWeaver setup: ignoring JPA class transformer
2024-10-04 17:02:55,030 zaxxer.hikari.HikariDataSource -        getConnection:109  - INFO  - [] - HikariPool-1 - Starting...
2024-10-04 17:02:55,196 .zaxxer.hikari.pool.HikariPool -        checkFailFast:554  - INFO  - [] - HikariPool-1 - Added connection ConnectionID:1 ClientConnectionId: a367ad9e-5727-41bc-ace7-ecf4311b02a3
2024-10-04 17:02:55,198 zaxxer.hikari.HikariDataSource -        getConnection:122  - INFO  - [] - HikariPool-1 - Start completed.
2024-10-04 17:02:55,776 .internal.JtaPlatformInitiator -      initiateService:59   - INFO  - [] - HHH000489: No JTA platform available (set 'hibernate.transaction.jta.platform' to enable JTA platform integration)
2024-10-04 17:02:55,778 tainerEntityManagerFactoryBean - EntityManagerFactory:437  - INFO  - [] - Initialized JPA EntityManagerFactory for persistence unit 'default'
2024-10-04 17:02:56,209 letWebServerApplicationContext -              refresh:633  - WARN  - [] - Exception encountered during context initialization - cancelling refresh attempt: org.springframework.beans.factory.UnsatisfiedDependencyException: Error creating bean with name 'payController' defined in file [D:\VNPay\TTS\bank_demo\target\classes\vn\vnpay\bank_demo\controller\payment\PayController.class]: Unsatisfied dependency expressed through constructor parameter 0: Error creating bean with name 'payServiceImpl' defined in file [D:\VNPay\TTS\bank_demo\target\classes\vn\vnpay\bank_demo\service\impl\PayServiceImpl.class]: Unsatisfied dependency expressed through constructor parameter 4: No qualifying bean of type 'org.springframework.amqp.rabbit.core.RabbitTemplate' available: expected at least 1 bean which qualifies as autowire candidate. Dependency annotations: {}
2024-10-04 17:02:56,220 tainerEntityManagerFactoryBean -              destroy:650  - INFO  - [] - Closing JPA EntityManagerFactory for persistence unit 'default'
2024-10-04 17:02:56,223 zaxxer.hikari.HikariDataSource -                close:349  - INFO  - [] - HikariPool-1 - Shutdown initiated...
2024-10-04 17:02:56,226 zaxxer.hikari.HikariDataSource -                close:351  - INFO  - [] - HikariPool-1 - Shutdown completed.
2024-10-04 17:02:56,228 .catalina.core.StandardService -                  log:173  - INFO  - [] - Stopping service [Tomcat]
2024-10-04 17:02:56,236 onditionEvaluationReportLogger -           logMessage:82   - INFO  - [] - 

Error starting ApplicationContext. To display the condition evaluation report re-run your application with 'debug' enabled.
2024-10-04 17:02:56,251 LoggingFailureAnalysisReporter -               report:40   - ERROR - [] - 

***************************
APPLICATION FAILED TO START
***************************

Description:

Parameter 4 of constructor in vn.vnpay.bank_demo.service.impl.PayServiceImpl required a bean of type 'org.springframework.amqp.rabbit.core.RabbitTemplate' that could not be found.


Action:

Consider defining a bean of type 'org.springframework.amqp.rabbit.core.RabbitTemplate' in your configuration.

2024-10-04 17:03:29,671 alidator.internal.util.Version -             <clinit>:21   - INFO  - [] - HV000001: Hibernate Validator 8.0.1.Final
2024-10-04 17:03:29,694 .bank_demo.BankDemoApplication -          logStarting:50   - INFO  - [] - Starting BankDemoApplication using Java 17.0.8.1 with PID 20896 (D:\VNPay\TTS\bank_demo\target\classes started by MSI in D:\VNPay\TTS\bank_demo)
2024-10-04 17:03:29,695 .bank_demo.BankDemoApplication - ogStartupProfileInfo:654  - INFO  - [] - No active profile set, falling back to 1 default profile: "default"
2024-10-04 17:03:30,150 epositoryConfigurationDelegate - ltipleStoresDetected:295  - INFO  - [] - Multiple Spring Data modules found, entering strict repository configuration mode
2024-10-04 17:03:30,151 epositoryConfigurationDelegate - gisterRepositoriesIn:143  - INFO  - [] - Bootstrapping Spring Data JPA repositories in DEFAULT mode.
2024-10-04 17:03:30,247 epositoryConfigurationDelegate - gisterRepositoriesIn:211  - INFO  - [] - Finished Spring Data repository scanning in 91 ms. Found 2 JPA repository interfaces.
2024-10-04 17:03:30,256 epositoryConfigurationDelegate - ltipleStoresDetected:295  - INFO  - [] - Multiple Spring Data modules found, entering strict repository configuration mode
2024-10-04 17:03:30,257 epositoryConfigurationDelegate - gisterRepositoriesIn:143  - INFO  - [] - Bootstrapping Spring Data Redis repositories in DEFAULT mode.
2024-10-04 17:03:30,266 yConfigurationExtensionSupport - tRepositoryCandidate:320  - INFO  - [] - Spring Data Redis - Could not safely identify store assignment for repository candidate interface vn.vnpay.bank_demo.repository.PaymentRepository; If you want this repository to be a Redis repository, consider annotating your entities with one of these annotations: org.springframework.data.redis.core.RedisHash (preferred), or consider extending one of the following types with your repository: org.springframework.data.keyvalue.repository.KeyValueRepository
2024-10-04 17:03:30,266 yConfigurationExtensionSupport - tRepositoryCandidate:320  - INFO  - [] - Spring Data Redis - Could not safely identify store assignment for repository candidate interface vn.vnpay.bank_demo.repository.UsersRepository; If you want this repository to be a Redis repository, consider annotating your entities with one of these annotations: org.springframework.data.redis.core.RedisHash (preferred), or consider extending one of the following types with your repository: org.springframework.data.keyvalue.repository.KeyValueRepository
2024-10-04 17:03:30,266 epositoryConfigurationDelegate - gisterRepositoriesIn:211  - INFO  - [] - Finished Spring Data repository scanning in 4 ms. Found 0 Redis repository interfaces.
2024-10-04 17:03:30,602 mbedded.tomcat.TomcatWebServer -           initialize:111  - INFO  - [] - Tomcat initialized with port 8080 (http)
2024-10-04 17:03:30,613 oyote.http11.Http11NioProtocol -                  log:173  - INFO  - [] - Initializing ProtocolHandler ["http-nio-8080"]
2024-10-04 17:03:30,615 .catalina.core.StandardService -                  log:173  - INFO  - [] - Starting service [Tomcat]
2024-10-04 17:03:30,615 e.catalina.core.StandardEngine -                  log:173  - INFO  - [] - Starting Servlet engine: [Apache Tomcat/10.1.28]
2024-10-04 17:03:30,655 .[Tomcat].[localhost].[/vnpay] -                  log:173  - INFO  - [] - Initializing Spring embedded WebApplicationContext
2024-10-04 17:03:30,655 letWebServerApplicationContext - ebApplicationContext:296  - INFO  - [] - Root WebApplicationContext: initialization completed in 935 ms
2024-10-04 17:03:30,773 te.jpa.internal.util.LogHelper - tenceUnitInformation:31   - INFO  - [] - HHH000204: Processing PersistenceUnitInfo [name: default]
2024-10-04 17:03:30,802 org.hibernate.Version          -           logVersion:44   - INFO  - [] - HHH000412: Hibernate ORM core version 6.5.2.Final
2024-10-04 17:03:30,822 nternal.RegionFactoryInitiator -      initiateService:50   - INFO  - [] - HHH000026: Second-level cache disabled
2024-10-04 17:03:30,990 unit.SpringPersistenceUnitInfo -       addTransformer:87   - INFO  - [] - No LoadTimeWeaver setup: ignoring JPA class transformer
2024-10-04 17:03:31,010 zaxxer.hikari.HikariDataSource -        getConnection:109  - INFO  - [] - HikariPool-1 - Starting...
2024-10-04 17:03:31,169 .zaxxer.hikari.pool.HikariPool -        checkFailFast:554  - INFO  - [] - HikariPool-1 - Added connection ConnectionID:1 ClientConnectionId: bd1d463d-3c5a-47ba-b2df-673b7ee12513
2024-10-04 17:03:31,171 zaxxer.hikari.HikariDataSource -        getConnection:122  - INFO  - [] - HikariPool-1 - Start completed.
2024-10-04 17:03:31,745 .internal.JtaPlatformInitiator -      initiateService:59   - INFO  - [] - HHH000489: No JTA platform available (set 'hibernate.transaction.jta.platform' to enable JTA platform integration)
2024-10-04 17:03:31,747 tainerEntityManagerFactoryBean - EntityManagerFactory:437  - INFO  - [] - Initialized JPA EntityManagerFactory for persistence unit 'default'
2024-10-04 17:03:32,188 letWebServerApplicationContext -              refresh:633  - WARN  - [] - Exception encountered during context initialization - cancelling refresh attempt: org.springframework.beans.factory.UnsatisfiedDependencyException: Error creating bean with name 'payController' defined in file [D:\VNPay\TTS\bank_demo\target\classes\vn\vnpay\bank_demo\controller\payment\PayController.class]: Unsatisfied dependency expressed through constructor parameter 0: Error creating bean with name 'payServiceImpl' defined in file [D:\VNPay\TTS\bank_demo\target\classes\vn\vnpay\bank_demo\service\impl\PayServiceImpl.class]: Unsatisfied dependency expressed through constructor parameter 4: Error creating bean with name 'rabbitTemplate' defined in class path resource [vn/vnpay/bank_demo/config/rabitmq/RabbitMQConfig.class]: Unsatisfied dependency expressed through method 'rabbitTemplate' parameter 0: No qualifying bean of type 'org.springframework.amqp.rabbit.connection.ConnectionFactory' available: expected at least 1 bean which qualifies as autowire candidate. Dependency annotations: {}
2024-10-04 17:03:32,196 tainerEntityManagerFactoryBean -              destroy:650  - INFO  - [] - Closing JPA EntityManagerFactory for persistence unit 'default'
2024-10-04 17:03:32,198 zaxxer.hikari.HikariDataSource -                close:349  - INFO  - [] - HikariPool-1 - Shutdown initiated...
2024-10-04 17:03:32,202 zaxxer.hikari.HikariDataSource -                close:351  - INFO  - [] - HikariPool-1 - Shutdown completed.
2024-10-04 17:03:32,204 .catalina.core.StandardService -                  log:173  - INFO  - [] - Stopping service [Tomcat]
2024-10-04 17:03:32,211 onditionEvaluationReportLogger -           logMessage:82   - INFO  - [] - 

Error starting ApplicationContext. To display the condition evaluation report re-run your application with 'debug' enabled.
2024-10-04 17:03:32,223 LoggingFailureAnalysisReporter -               report:40   - ERROR - [] - 

***************************
APPLICATION FAILED TO START
***************************

Description:

Parameter 0 of method rabbitTemplate in vn.vnpay.bank_demo.config.rabitmq.RabbitMQConfig required a bean of type 'org.springframework.amqp.rabbit.connection.ConnectionFactory' that could not be found.


Action:

Consider defining a bean of type 'org.springframework.amqp.rabbit.connection.ConnectionFactory' in your configuration.

2024-10-04 17:03:58,345 alidator.internal.util.Version -             <clinit>:21   - INFO  - [] - HV000001: Hibernate Validator 8.0.1.Final
2024-10-04 17:03:58,374 .bank_demo.BankDemoApplication -          logStarting:50   - INFO  - [] - Starting BankDemoApplication using Java 17.0.8.1 with PID 7352 (D:\VNPay\TTS\bank_demo\target\classes started by MSI in D:\VNPay\TTS\bank_demo)
2024-10-04 17:03:58,374 .bank_demo.BankDemoApplication - ogStartupProfileInfo:654  - INFO  - [] - No active profile set, falling back to 1 default profile: "default"
2024-10-04 17:03:58,893 epositoryConfigurationDelegate - ltipleStoresDetected:295  - INFO  - [] - Multiple Spring Data modules found, entering strict repository configuration mode
2024-10-04 17:03:58,894 epositoryConfigurationDelegate - gisterRepositoriesIn:143  - INFO  - [] - Bootstrapping Spring Data JPA repositories in DEFAULT mode.
2024-10-04 17:03:58,998 epositoryConfigurationDelegate - gisterRepositoriesIn:211  - INFO  - [] - Finished Spring Data repository scanning in 98 ms. Found 2 JPA repository interfaces.
2024-10-04 17:03:59,012 epositoryConfigurationDelegate - ltipleStoresDetected:295  - INFO  - [] - Multiple Spring Data modules found, entering strict repository configuration mode
2024-10-04 17:03:59,013 epositoryConfigurationDelegate - gisterRepositoriesIn:143  - INFO  - [] - Bootstrapping Spring Data Redis repositories in DEFAULT mode.
2024-10-04 17:03:59,028 yConfigurationExtensionSupport - tRepositoryCandidate:320  - INFO  - [] - Spring Data Redis - Could not safely identify store assignment for repository candidate interface vn.vnpay.bank_demo.repository.PaymentRepository; If you want this repository to be a Redis repository, consider annotating your entities with one of these annotations: org.springframework.data.redis.core.RedisHash (preferred), or consider extending one of the following types with your repository: org.springframework.data.keyvalue.repository.KeyValueRepository
2024-10-04 17:03:59,028 yConfigurationExtensionSupport - tRepositoryCandidate:320  - INFO  - [] - Spring Data Redis - Could not safely identify store assignment for repository candidate interface vn.vnpay.bank_demo.repository.UsersRepository; If you want this repository to be a Redis repository, consider annotating your entities with one of these annotations: org.springframework.data.redis.core.RedisHash (preferred), or consider extending one of the following types with your repository: org.springframework.data.keyvalue.repository.KeyValueRepository
2024-10-04 17:03:59,028 epositoryConfigurationDelegate - gisterRepositoriesIn:211  - INFO  - [] - Finished Spring Data repository scanning in 9 ms. Found 0 Redis repository interfaces.
2024-10-04 17:03:59,401 mbedded.tomcat.TomcatWebServer -           initialize:111  - INFO  - [] - Tomcat initialized with port 8080 (http)
2024-10-04 17:03:59,408 oyote.http11.Http11NioProtocol -                  log:173  - INFO  - [] - Initializing ProtocolHandler ["http-nio-8080"]
2024-10-04 17:03:59,410 .catalina.core.StandardService -                  log:173  - INFO  - [] - Starting service [Tomcat]
2024-10-04 17:03:59,410 e.catalina.core.StandardEngine -                  log:173  - INFO  - [] - Starting Servlet engine: [Apache Tomcat/10.1.28]
2024-10-04 17:03:59,451 .[Tomcat].[localhost].[/vnpay] -                  log:173  - INFO  - [] - Initializing Spring embedded WebApplicationContext
2024-10-04 17:03:59,452 letWebServerApplicationContext - ebApplicationContext:296  - INFO  - [] - Root WebApplicationContext: initialization completed in 1052 ms
2024-10-04 17:03:59,582 te.jpa.internal.util.LogHelper - tenceUnitInformation:31   - INFO  - [] - HHH000204: Processing PersistenceUnitInfo [name: default]
2024-10-04 17:03:59,617 org.hibernate.Version          -           logVersion:44   - INFO  - [] - HHH000412: Hibernate ORM core version 6.5.2.Final
2024-10-04 17:03:59,642 nternal.RegionFactoryInitiator -      initiateService:50   - INFO  - [] - HHH000026: Second-level cache disabled
2024-10-04 17:03:59,843 unit.SpringPersistenceUnitInfo -       addTransformer:87   - INFO  - [] - No LoadTimeWeaver setup: ignoring JPA class transformer
2024-10-04 17:03:59,861 zaxxer.hikari.HikariDataSource -        getConnection:109  - INFO  - [] - HikariPool-1 - Starting...
2024-10-04 17:04:00,027 .zaxxer.hikari.pool.HikariPool -        checkFailFast:554  - INFO  - [] - HikariPool-1 - Added connection ConnectionID:1 ClientConnectionId: 5597fad1-1888-40c6-a7d8-d71ffe23142a
2024-10-04 17:04:00,029 zaxxer.hikari.HikariDataSource -        getConnection:122  - INFO  - [] - HikariPool-1 - Start completed.
2024-10-04 17:04:00,664 .internal.JtaPlatformInitiator -      initiateService:59   - INFO  - [] - HHH000489: No JTA platform available (set 'hibernate.transaction.jta.platform' to enable JTA platform integration)
2024-10-04 17:04:00,666 tainerEntityManagerFactoryBean - EntityManagerFactory:437  - INFO  - [] - Initialized JPA EntityManagerFactory for persistence unit 'default'
2024-10-04 17:04:01,249 figuration$JpaWebConfiguration - gerInViewInterceptor:236  - WARN  - [] - spring.jpa.open-in-view is enabled by default. Therefore, database queries may be performed during view rendering. Explicitly configure spring.jpa.open-in-view to disable this warning
2024-10-04 17:04:01,394 tTemplateResolverConfiguration - mplateLocationExists:101  - WARN  - [] - Cannot find template location: classpath:/templates/ (please add some templates, check your Thymeleaf configuration, or set spring.thymeleaf.check-template-location=false)
2024-10-04 17:04:01,509 oyote.http11.Http11NioProtocol -                  log:173  - INFO  - [] - Starting ProtocolHandler ["http-nio-8080"]
2024-10-04 17:04:01,527 mbedded.tomcat.TomcatWebServer -                start:243  - INFO  - [] - Tomcat started on port 8080 (http) with context path '/vnpay'
2024-10-04 17:04:01,534 .bank_demo.BankDemoApplication -           logStarted:56   - INFO  - [] - Started BankDemoApplication in 3.536 seconds (process running for 4.09)
2024-10-04 17:04:14,123 .[Tomcat].[localhost].[/vnpay] -                  log:173  - INFO  - [] - Initializing Spring DispatcherServlet 'dispatcherServlet'
2024-10-04 17:04:14,123 .web.servlet.DispatcherServlet -      initServletBean:532  - INFO  - [] - Initializing Servlet 'dispatcherServlet'
2024-10-04 17:04:14,124 .web.servlet.DispatcherServlet -      initServletBean:554  - INFO  - [] - Completed initialization in 1 ms
2024-10-04 17:04:14,240 mo.service.impl.PayServiceImpl -        createPayment:43   - INFO  - [] - Begin create-payment: {
  "tokenKey": "ey7CnpknHkhWcqnUOae\u003d",
  "apiId": "restPayment",
  "mobile": "0345225630",
  "bankCode": "98765432",
  "privateKey": "87654321",
  "accountNo": "0001100014211002",
  "payDate": "20230918124530",
  "additionalData": "11",
  "debitAmount": 11300,
  "respCode": "00",
  "respDesc": "SUCCESS",
  "traceTransfer": "FT19310RH6P1",
  "messageType": "1",
  "checkSum": "a66f9c27ddc8bee82c50b5603cbb861eae7b3c26e7a5a75047268058898c7f41",
  "orderCode": "FT19310RH6P1",
  "userName": "cntest001",
  "realAmount": 11200,
  "promotionCode": "ABCXYZ",
  "addValue": "{\"payMethod\":\"01\",\"payMethodMMS\":1}"
}
2024-10-04 17:04:14,600 mo.service.impl.PayServiceImpl -        createPayment:48   - INFO  - [] - TokenKey is duplicated
2024-10-04 17:04:14,603 ay.bank_demo.util.CheckSumUtil -    calculateCheckSum:26   - INFO  - [] - Checksum: bbd828e0ea123d9fdd987204d876ff34a4ca1044c7f1588c942ae727c3ece992
2024-10-04 17:04:21,235 mo.service.impl.PayServiceImpl -        createPayment:43   - INFO  - [] - Begin create-payment: {
  "tokenKey": "ey7CnpknHkhWcqnrUOae\u003d",
  "apiId": "restPayment",
  "mobile": "0345225630",
  "bankCode": "98765432",
  "privateKey": "87654321",
  "accountNo": "0001100014211002",
  "payDate": "20230918124530",
  "additionalData": "11",
  "debitAmount": 11300,
  "respCode": "00",
  "respDesc": "SUCCESS",
  "traceTransfer": "FT19310RH6P1",
  "messageType": "1",
  "checkSum": "a66f9c27ddc8bee82c50b5603cbb861eae7b3c26e7a5a75047268058898c7f41",
  "orderCode": "FT19310RH6P1",
  "userName": "cntest001",
  "realAmount": 11200,
  "promotionCode": "ABCXYZ",
  "addValue": "{\"payMethod\":\"01\",\"payMethodMMS\":1}"
}
2024-10-04 17:04:21,240 ay.bank_demo.util.CheckSumUtil -    calculateCheckSum:26   - INFO  - [] - Checksum: a66f9c27ddc8bee82c50b5603cbb861eae7b3c26e7a5a75047268058898c7f41
2024-10-04 17:04:21,240 mo.service.impl.PayServiceImpl -     validateCheckSum:151  - INFO  - [] - Checksum request: a66f9c27ddc8bee82c50b5603cbb861eae7b3c26e7a5a75047268058898c7f41
2024-10-04 17:04:21,241 mo.service.impl.PayServiceImpl -        createPayment:67   - INFO  - [] - TokenKey: ey7CnpknHkhWcqnrUOae= expiration time: 24938S
2024-10-04 17:04:21,247 ction.CachingConnectionFactory -      connectHostPort:682  - INFO  - [] - Attempting to connect to: 127.0.0.1:5672
2024-10-04 17:04:21,290 ction.CachingConnectionFactory - createBareConnection:608  - INFO  - [] - Created new connection: cachingConnectionFactory#36b6802f:0/SimpleConnection@37d4b6b [delegate=amqp://guest@127.0.0.1:5672/, localPort=58585]
2024-10-04 17:04:40,258 mo.service.impl.PayServiceImpl -        createPayment:72   - INFO  - [] - End create-payment: Success
2024-10-04 17:04:40,259 ay.bank_demo.util.CheckSumUtil -    calculateCheckSum:26   - INFO  - [] - Checksum: 5c912ff07c7fe43bb7326aa4c6f396bc2cee75cc90fcbee91c7fcbbd018a0640
2024-10-04 17:04:40,259 ay.bank_demo.util.CheckSumUtil -    calculateCheckSum:26   - INFO  - [] - Checksum: 5c912ff07c7fe43bb7326aa4c6f396bc2cee75cc90fcbee91c7fcbbd018a0640
2024-10-04 17:04:54,521 tainerEntityManagerFactoryBean -              destroy:650  - INFO  - [] - Closing JPA EntityManagerFactory for persistence unit 'default'
2024-10-04 17:04:54,522 zaxxer.hikari.HikariDataSource -                close:349  - INFO  - [] - HikariPool-1 - Shutdown initiated...
2024-10-04 17:04:54,527 zaxxer.hikari.HikariDataSource -                close:351  - INFO  - [] - HikariPool-1 - Shutdown completed.
2024-10-04 17:05:21,431 alidator.internal.util.Version -             <clinit>:21   - INFO  - [] - HV000001: Hibernate Validator 8.0.1.Final
2024-10-04 17:05:21,458 .bank_demo.BankDemoApplication -          logStarting:50   - INFO  - [] - Starting BankDemoApplication using Java 17.0.8.1 with PID 21216 (D:\VNPay\TTS\bank_demo\target\classes started by MSI in D:\VNPay\TTS\bank_demo)
2024-10-04 17:05:21,458 .bank_demo.BankDemoApplication - ogStartupProfileInfo:654  - INFO  - [] - No active profile set, falling back to 1 default profile: "default"
2024-10-04 17:05:21,930 epositoryConfigurationDelegate - ltipleStoresDetected:295  - INFO  - [] - Multiple Spring Data modules found, entering strict repository configuration mode
2024-10-04 17:05:21,931 epositoryConfigurationDelegate - gisterRepositoriesIn:143  - INFO  - [] - Bootstrapping Spring Data JPA repositories in DEFAULT mode.
2024-10-04 17:05:22,035 epositoryConfigurationDelegate - gisterRepositoriesIn:211  - INFO  - [] - Finished Spring Data repository scanning in 99 ms. Found 2 JPA repository interfaces.
2024-10-04 17:05:22,047 epositoryConfigurationDelegate - ltipleStoresDetected:295  - INFO  - [] - Multiple Spring Data modules found, entering strict repository configuration mode
2024-10-04 17:05:22,048 epositoryConfigurationDelegate - gisterRepositoriesIn:143  - INFO  - [] - Bootstrapping Spring Data Redis repositories in DEFAULT mode.
2024-10-04 17:05:22,059 yConfigurationExtensionSupport - tRepositoryCandidate:320  - INFO  - [] - Spring Data Redis - Could not safely identify store assignment for repository candidate interface vn.vnpay.bank_demo.repository.PaymentRepository; If you want this repository to be a Redis repository, consider annotating your entities with one of these annotations: org.springframework.data.redis.core.RedisHash (preferred), or consider extending one of the following types with your repository: org.springframework.data.keyvalue.repository.KeyValueRepository
2024-10-04 17:05:22,060 yConfigurationExtensionSupport - tRepositoryCandidate:320  - INFO  - [] - Spring Data Redis - Could not safely identify store assignment for repository candidate interface vn.vnpay.bank_demo.repository.UsersRepository; If you want this repository to be a Redis repository, consider annotating your entities with one of these annotations: org.springframework.data.redis.core.RedisHash (preferred), or consider extending one of the following types with your repository: org.springframework.data.keyvalue.repository.KeyValueRepository
2024-10-04 17:05:22,060 epositoryConfigurationDelegate - gisterRepositoriesIn:211  - INFO  - [] - Finished Spring Data repository scanning in 5 ms. Found 0 Redis repository interfaces.
2024-10-04 17:05:22,424 mbedded.tomcat.TomcatWebServer -           initialize:111  - INFO  - [] - Tomcat initialized with port 8080 (http)
2024-10-04 17:05:22,431 oyote.http11.Http11NioProtocol -                  log:173  - INFO  - [] - Initializing ProtocolHandler ["http-nio-8080"]
2024-10-04 17:05:22,433 .catalina.core.StandardService -                  log:173  - INFO  - [] - Starting service [Tomcat]
2024-10-04 17:05:22,433 e.catalina.core.StandardEngine -                  log:173  - INFO  - [] - Starting Servlet engine: [Apache Tomcat/10.1.28]
2024-10-04 17:05:22,474 .[Tomcat].[localhost].[/vnpay] -                  log:173  - INFO  - [] - Initializing Spring embedded WebApplicationContext
2024-10-04 17:05:22,474 letWebServerApplicationContext - ebApplicationContext:296  - INFO  - [] - Root WebApplicationContext: initialization completed in 990 ms
2024-10-04 17:05:22,607 te.jpa.internal.util.LogHelper - tenceUnitInformation:31   - INFO  - [] - HHH000204: Processing PersistenceUnitInfo [name: default]
2024-10-04 17:05:22,644 org.hibernate.Version          -           logVersion:44   - INFO  - [] - HHH000412: Hibernate ORM core version 6.5.2.Final
2024-10-04 17:05:22,668 nternal.RegionFactoryInitiator -      initiateService:50   - INFO  - [] - HHH000026: Second-level cache disabled
2024-10-04 17:05:22,880 unit.SpringPersistenceUnitInfo -       addTransformer:87   - INFO  - [] - No LoadTimeWeaver setup: ignoring JPA class transformer
2024-10-04 17:05:22,899 zaxxer.hikari.HikariDataSource -        getConnection:109  - INFO  - [] - HikariPool-1 - Starting...
2024-10-04 17:05:23,065 .zaxxer.hikari.pool.HikariPool -        checkFailFast:554  - INFO  - [] - HikariPool-1 - Added connection ConnectionID:1 ClientConnectionId: 85e06638-c43a-4b29-8d02-001fee6cdc1a
2024-10-04 17:05:23,067 zaxxer.hikari.HikariDataSource -        getConnection:122  - INFO  - [] - HikariPool-1 - Start completed.
2024-10-04 17:05:23,691 .internal.JtaPlatformInitiator -      initiateService:59   - INFO  - [] - HHH000489: No JTA platform available (set 'hibernate.transaction.jta.platform' to enable JTA platform integration)
2024-10-04 17:05:23,694 tainerEntityManagerFactoryBean - EntityManagerFactory:437  - INFO  - [] - Initialized JPA EntityManagerFactory for persistence unit 'default'
2024-10-04 17:05:24,183 letWebServerApplicationContext -              refresh:633  - WARN  - [] - Exception encountered during context initialization - cancelling refresh attempt: org.springframework.beans.factory.UnsatisfiedDependencyException: Error creating bean with name 'payController' defined in file [D:\VNPay\TTS\bank_demo\target\classes\vn\vnpay\bank_demo\controller\payment\PayController.class]: Unsatisfied dependency expressed through constructor parameter 0: Error creating bean with name 'payServiceImpl' defined in file [D:\VNPay\TTS\bank_demo\target\classes\vn\vnpay\bank_demo\service\impl\PayServiceImpl.class]: Unsatisfied dependency expressed through constructor parameter 4: Error creating bean with name 'rabbitTemplate' defined in class path resource [vn/vnpay/bank_demo/config/rabitmq/RabbitMQConfig.class]: Unsatisfied dependency expressed through method 'rabbitTemplate' parameter 0: No qualifying bean of type 'org.springframework.amqp.rabbit.connection.ConnectionFactory' available: expected at least 1 bean which qualifies as autowire candidate. Dependency annotations: {}
2024-10-04 17:05:24,192 tainerEntityManagerFactoryBean -              destroy:650  - INFO  - [] - Closing JPA EntityManagerFactory for persistence unit 'default'
2024-10-04 17:05:24,194 zaxxer.hikari.HikariDataSource -                close:349  - INFO  - [] - HikariPool-1 - Shutdown initiated...
2024-10-04 17:05:24,198 zaxxer.hikari.HikariDataSource -                close:351  - INFO  - [] - HikariPool-1 - Shutdown completed.
2024-10-04 17:05:24,200 .catalina.core.StandardService -                  log:173  - INFO  - [] - Stopping service [Tomcat]
2024-10-04 17:05:24,208 onditionEvaluationReportLogger -           logMessage:82   - INFO  - [] - 

Error starting ApplicationContext. To display the condition evaluation report re-run your application with 'debug' enabled.
2024-10-04 17:05:24,221 LoggingFailureAnalysisReporter -               report:40   - ERROR - [] - 

***************************
APPLICATION FAILED TO START
***************************

Description:

Parameter 0 of method rabbitTemplate in vn.vnpay.bank_demo.config.rabitmq.RabbitMQConfig required a bean of type 'org.springframework.amqp.rabbit.connection.ConnectionFactory' that could not be found.


Action:

Consider defining a bean of type 'org.springframework.amqp.rabbit.connection.ConnectionFactory' in your configuration.

2024-10-04 17:05:39,255 alidator.internal.util.Version -             <clinit>:21   - INFO  - [] - HV000001: Hibernate Validator 8.0.1.Final
2024-10-04 17:05:39,281 .bank_demo.BankDemoApplication -          logStarting:50   - INFO  - [] - Starting BankDemoApplication using Java 17.0.8.1 with PID 1496 (D:\VNPay\TTS\bank_demo\target\classes started by MSI in D:\VNPay\TTS\bank_demo)
2024-10-04 17:05:39,281 .bank_demo.BankDemoApplication - ogStartupProfileInfo:654  - INFO  - [] - No active profile set, falling back to 1 default profile: "default"
2024-10-04 17:05:39,806 epositoryConfigurationDelegate - ltipleStoresDetected:295  - INFO  - [] - Multiple Spring Data modules found, entering strict repository configuration mode
2024-10-04 17:05:39,807 epositoryConfigurationDelegate - gisterRepositoriesIn:143  - INFO  - [] - Bootstrapping Spring Data JPA repositories in DEFAULT mode.
2024-10-04 17:05:39,914 epositoryConfigurationDelegate - gisterRepositoriesIn:211  - INFO  - [] - Finished Spring Data repository scanning in 101 ms. Found 2 JPA repository interfaces.
2024-10-04 17:05:39,925 epositoryConfigurationDelegate - ltipleStoresDetected:295  - INFO  - [] - Multiple Spring Data modules found, entering strict repository configuration mode
2024-10-04 17:05:39,925 epositoryConfigurationDelegate - gisterRepositoriesIn:143  - INFO  - [] - Bootstrapping Spring Data Redis repositories in DEFAULT mode.
2024-10-04 17:05:39,936 yConfigurationExtensionSupport - tRepositoryCandidate:320  - INFO  - [] - Spring Data Redis - Could not safely identify store assignment for repository candidate interface vn.vnpay.bank_demo.repository.PaymentRepository; If you want this repository to be a Redis repository, consider annotating your entities with one of these annotations: org.springframework.data.redis.core.RedisHash (preferred), or consider extending one of the following types with your repository: org.springframework.data.keyvalue.repository.KeyValueRepository
2024-10-04 17:05:39,936 yConfigurationExtensionSupport - tRepositoryCandidate:320  - INFO  - [] - Spring Data Redis - Could not safely identify store assignment for repository candidate interface vn.vnpay.bank_demo.repository.UsersRepository; If you want this repository to be a Redis repository, consider annotating your entities with one of these annotations: org.springframework.data.redis.core.RedisHash (preferred), or consider extending one of the following types with your repository: org.springframework.data.keyvalue.repository.KeyValueRepository
2024-10-04 17:05:39,937 epositoryConfigurationDelegate - gisterRepositoriesIn:211  - INFO  - [] - Finished Spring Data repository scanning in 5 ms. Found 0 Redis repository interfaces.
2024-10-04 17:05:40,305 mbedded.tomcat.TomcatWebServer -           initialize:111  - INFO  - [] - Tomcat initialized with port 8080 (http)
2024-10-04 17:05:40,311 oyote.http11.Http11NioProtocol -                  log:173  - INFO  - [] - Initializing ProtocolHandler ["http-nio-8080"]
2024-10-04 17:05:40,313 .catalina.core.StandardService -                  log:173  - INFO  - [] - Starting service [Tomcat]
2024-10-04 17:05:40,313 e.catalina.core.StandardEngine -                  log:173  - INFO  - [] - Starting Servlet engine: [Apache Tomcat/10.1.28]
2024-10-04 17:05:40,357 .[Tomcat].[localhost].[/vnpay] -                  log:173  - INFO  - [] - Initializing Spring embedded WebApplicationContext
2024-10-04 17:05:40,357 letWebServerApplicationContext - ebApplicationContext:296  - INFO  - [] - Root WebApplicationContext: initialization completed in 1051 ms
2024-10-04 17:05:40,502 te.jpa.internal.util.LogHelper - tenceUnitInformation:31   - INFO  - [] - HHH000204: Processing PersistenceUnitInfo [name: default]
2024-10-04 17:05:40,540 org.hibernate.Version          -           logVersion:44   - INFO  - [] - HHH000412: Hibernate ORM core version 6.5.2.Final
2024-10-04 17:05:40,564 nternal.RegionFactoryInitiator -      initiateService:50   - INFO  - [] - HHH000026: Second-level cache disabled
2024-10-04 17:05:40,759 unit.SpringPersistenceUnitInfo -       addTransformer:87   - INFO  - [] - No LoadTimeWeaver setup: ignoring JPA class transformer
2024-10-04 17:05:40,777 zaxxer.hikari.HikariDataSource -        getConnection:109  - INFO  - [] - HikariPool-1 - Starting...
2024-10-04 17:05:40,944 .zaxxer.hikari.pool.HikariPool -        checkFailFast:554  - INFO  - [] - HikariPool-1 - Added connection ConnectionID:1 ClientConnectionId: 4144edcc-41a2-4f0a-8f62-f8725d8dcdb1
2024-10-04 17:05:40,946 zaxxer.hikari.HikariDataSource -        getConnection:122  - INFO  - [] - HikariPool-1 - Start completed.
2024-10-04 17:05:41,569 .internal.JtaPlatformInitiator -      initiateService:59   - INFO  - [] - HHH000489: No JTA platform available (set 'hibernate.transaction.jta.platform' to enable JTA platform integration)
2024-10-04 17:05:41,572 tainerEntityManagerFactoryBean - EntityManagerFactory:437  - INFO  - [] - Initialized JPA EntityManagerFactory for persistence unit 'default'
2024-10-04 17:05:42,162 figuration$JpaWebConfiguration - gerInViewInterceptor:236  - WARN  - [] - spring.jpa.open-in-view is enabled by default. Therefore, database queries may be performed during view rendering. Explicitly configure spring.jpa.open-in-view to disable this warning
2024-10-04 17:05:42,305 tTemplateResolverConfiguration - mplateLocationExists:101  - WARN  - [] - Cannot find template location: classpath:/templates/ (please add some templates, check your Thymeleaf configuration, or set spring.thymeleaf.check-template-location=false)
2024-10-04 17:05:42,421 oyote.http11.Http11NioProtocol -                  log:173  - INFO  - [] - Starting ProtocolHandler ["http-nio-8080"]
2024-10-04 17:05:42,433 mbedded.tomcat.TomcatWebServer -                start:243  - INFO  - [] - Tomcat started on port 8080 (http) with context path '/vnpay'
2024-10-04 17:05:42,441 .bank_demo.BankDemoApplication -           logStarted:56   - INFO  - [] - Started BankDemoApplication in 3.522 seconds (process running for 4.05)
2024-10-04 17:06:11,562 .[Tomcat].[localhost].[/vnpay] -                  log:173  - INFO  - [] - Initializing Spring DispatcherServlet 'dispatcherServlet'
2024-10-04 17:06:11,562 .web.servlet.DispatcherServlet -      initServletBean:532  - INFO  - [] - Initializing Servlet 'dispatcherServlet'
2024-10-04 17:06:11,563 .web.servlet.DispatcherServlet -      initServletBean:554  - INFO  - [] - Completed initialization in 1 ms
2024-10-04 17:06:11,674 mo.service.impl.PayServiceImpl -        createPayment:43   - INFO  - [] - Begin create-payment: {
  "tokenKey": "ey7CnpknkhWcqnrUOae\u003d",
  "apiId": "restPayment",
  "mobile": "0345225630",
  "bankCode": "98765432",
  "privateKey": "87654321",
  "accountNo": "0001100014211002",
  "payDate": "20230918124530",
  "additionalData": "11",
  "debitAmount": 11300,
  "respCode": "00",
  "respDesc": "SUCCESS",
  "traceTransfer": "FT19310RH6P1",
  "messageType": "1",
  "checkSum": "a66f9c27ddc8bee82c50b5603cbb861eae7b3c26e7a5a75047268058898c7f41",
  "orderCode": "FT19310RH6P1",
  "userName": "cntest001",
  "realAmount": 11200,
  "promotionCode": "ABCXYZ",
  "addValue": "{\"payMethod\":\"01\",\"payMethodMMS\":1}"
}
2024-10-04 17:06:12,044 ay.bank_demo.util.CheckSumUtil -    calculateCheckSum:26   - INFO  - [] - Checksum: a66f9c27ddc8bee82c50b5603cbb861eae7b3c26e7a5a75047268058898c7f41
2024-10-04 17:06:12,045 mo.service.impl.PayServiceImpl -     validateCheckSum:151  - INFO  - [] - Checksum request: a66f9c27ddc8bee82c50b5603cbb861eae7b3c26e7a5a75047268058898c7f41
2024-10-04 17:06:12,045 mo.service.impl.PayServiceImpl -        createPayment:67   - INFO  - [] - TokenKey: ey7CnpknkhWcqnrUOae= expiration time: 24827S
2024-10-04 17:06:12,051 ction.CachingConnectionFactory -      connectHostPort:682  - INFO  - [] - Attempting to connect to: 127.0.0.1:5672
2024-10-04 17:06:12,090 ction.CachingConnectionFactory - createBareConnection:608  - INFO  - [] - Created new connection: cachingConnectionFactory#76d654:0/SimpleConnection@4b9a3813 [delegate=amqp://guest@127.0.0.1:5672/, localPort=58668]
2024-10-04 17:06:35,942 mo.service.impl.PayServiceImpl -        createPayment:72   - INFO  - [] - End create-payment: Success
2024-10-04 17:06:35,946 ay.bank_demo.util.CheckSumUtil -    calculateCheckSum:26   - INFO  - [] - Checksum: 087961a45984f519e57c7999abec46dbc8c72c12c88d490895691c0a5737cd04
2024-10-04 17:06:35,946 ay.bank_demo.util.CheckSumUtil -    calculateCheckSum:26   - INFO  - [] - Checksum: 087961a45984f519e57c7999abec46dbc8c72c12c88d490895691c0a5737cd04
2024-10-04 17:07:41,146 tainerEntityManagerFactoryBean -              destroy:650  - INFO  - [] - Closing JPA EntityManagerFactory for persistence unit 'default'
2024-10-04 17:07:41,148 zaxxer.hikari.HikariDataSource -                close:349  - INFO  - [] - HikariPool-1 - Shutdown initiated...
2024-10-04 17:07:41,152 zaxxer.hikari.HikariDataSource -                close:351  - INFO  - [] - HikariPool-1 - Shutdown completed.
